"","Entity","Code","Year","Carbon dioxide emissions from transport"
"1","Afghanistan","AFG",1990,970000
"2","Afghanistan","AFG",1991,930000
"3","Afghanistan","AFG",1992,740000
"4","Afghanistan","AFG",1993,740000
"5","Afghanistan","AFG",1994,730000
"6","Afghanistan","AFG",1995,730000
"7","Afghanistan","AFG",1996,7e+05
"8","Afghanistan","AFG",1997,670000
"9","Afghanistan","AFG",1998,670000
"10","Afghanistan","AFG",1999,490000
"11","Afghanistan","AFG",2000,510000
"12","Afghanistan","AFG",2001,510000
"13","Afghanistan","AFG",2002,510000
"14","Afghanistan","AFG",2003,720000
"15","Afghanistan","AFG",2004,6e+05
"16","Afghanistan","AFG",2005,1130000
"17","Afghanistan","AFG",2006,1430000
"18","Afghanistan","AFG",2007,1600000
"19","Afghanistan","AFG",2008,2680000
"20","Afghanistan","AFG",2009,4370000
"21","Afghanistan","AFG",2010,5540000
"22","Afghanistan","AFG",2011,6710000
"23","Afghanistan","AFG",2012,5850000
"24","Afghanistan","AFG",2013,4330000
"25","Afghanistan","AFG",2014,3530000
"26","Afghanistan","AFG",2015,4300000
"27","Afghanistan","AFG",2016,3310000
"28","Afghanistan","AFG",2017,3940000
"29","Afghanistan","AFG",2018,4410000
"30","Afghanistan","AFG",2019,4550000
"31","Afghanistan","AFG",2020,5070000
"32","Afghanistan","AFG",2021,4670000
"33","Afghanistan","AFG",2022,4500000
"34","Africa",NA,1990,112260000
"35","Africa",NA,1991,117500000
"36","Africa",NA,1992,123330000
"37","Africa",NA,1993,122390000
"38","Africa",NA,1994,123860000
"39","Africa",NA,1995,132970000
"40","Africa",NA,1996,138530000
"41","Africa",NA,1997,147490000
"42","Africa",NA,1998,147930000
"43","Africa",NA,1999,156280000
"44","Africa",NA,2000,160730000
"45","Africa",NA,2001,168450000
"46","Africa",NA,2002,176870000
"47","Africa",NA,2003,187500000
"48","Africa",NA,2004,195310000
"49","Africa",NA,2005,199940000
"50","Africa",NA,2006,204790000
"51","Africa",NA,2007,215360000
"52","Africa",NA,2008,228950000
"53","Africa",NA,2009,239130000
"54","Africa",NA,2010,260220000
"55","Africa",NA,2011,270240000
"56","Africa",NA,2012,293410000
"57","Africa",NA,2013,317200000
"58","Africa",NA,2014,329789980
"59","Africa",NA,2015,334930000
"60","Africa",NA,2016,351570020
"61","Africa",NA,2017,351469980
"62","Africa",NA,2018,363600000
"63","Africa",NA,2019,367570020
"64","Africa",NA,2020,339180000
"65","Africa",NA,2021,376880000
"66","Africa",NA,2022,384600000
"67","Albania","ALB",1990,710000
"68","Albania","ALB",1991,540000
"69","Albania","ALB",1992,410000
"70","Albania","ALB",1993,510000
"71","Albania","ALB",1994,640000
"72","Albania","ALB",1995,630000
"73","Albania","ALB",1996,620000
"74","Albania","ALB",1997,490000
"75","Albania","ALB",1998,740000
"76","Albania","ALB",1999,1410000
"77","Albania","ALB",2000,1470000
"78","Albania","ALB",2001,1550000
"79","Albania","ALB",2002,1770000
"80","Albania","ALB",2003,1920000
"81","Albania","ALB",2004,2310000
"82","Albania","ALB",2005,2380000
"83","Albania","ALB",2006,1920000
"84","Albania","ALB",2007,2100000
"85","Albania","ALB",2008,2290000
"86","Albania","ALB",2009,2310000
"87","Albania","ALB",2010,2240000
"88","Albania","ALB",2011,2360000
"89","Albania","ALB",2012,2260000
"90","Albania","ALB",2013,2470000
"91","Albania","ALB",2014,2480000
"92","Albania","ALB",2015,2450000
"93","Albania","ALB",2016,2300000
"94","Albania","ALB",2017,2310000
"95","Albania","ALB",2018,2210000
"96","Albania","ALB",2019,2190000
"97","Albania","ALB",2020,1530000
"98","Albania","ALB",2021,1750000
"99","Albania","ALB",2022,1670000
"100","Algeria","DZA",1990,15810000
"101","Algeria","DZA",1991,16880000
"102","Algeria","DZA",1992,16800000
"103","Algeria","DZA",1993,16960000
"104","Algeria","DZA",1994,15520000
"105","Algeria","DZA",1995,15110000
"106","Algeria","DZA",1996,14960000
"107","Algeria","DZA",1997,15010000
"108","Algeria","DZA",1998,15460000
"109","Algeria","DZA",1999,16469999
"110","Algeria","DZA",2000,16850000
"111","Algeria","DZA",2001,17040000
"112","Algeria","DZA",2002,19360000
"113","Algeria","DZA",2003,21760000
"114","Algeria","DZA",2004,22030000
"115","Algeria","DZA",2005,24160000
"116","Algeria","DZA",2006,25630000
"117","Algeria","DZA",2007,27600000
"118","Algeria","DZA",2008,29190000
"119","Algeria","DZA",2009,30520000
"120","Algeria","DZA",2010,31710000
"121","Algeria","DZA",2011,34220000
"122","Algeria","DZA",2012,38640000
"123","Algeria","DZA",2013,40280000
"124","Algeria","DZA",2014,43520000
"125","Algeria","DZA",2015,46090000
"126","Algeria","DZA",2016,44880000
"127","Algeria","DZA",2017,44400000
"128","Algeria","DZA",2018,45160000
"129","Algeria","DZA",2019,45320000
"130","Algeria","DZA",2020,40260000
"131","Algeria","DZA",2021,43540000
"132","Algeria","DZA",2022,45130000
"133","Angola","AGO",1990,1020000
"134","Angola","AGO",1991,1260000
"135","Angola","AGO",1992,1190000
"136","Angola","AGO",1993,1210000
"137","Angola","AGO",1994,1540000
"138","Angola","AGO",1995,1070000
"139","Angola","AGO",1996,990000
"140","Angola","AGO",1997,1050000
"141","Angola","AGO",1998,830000
"142","Angola","AGO",1999,1160000
"143","Angola","AGO",2000,1070000
"144","Angola","AGO",2001,1200000
"145","Angola","AGO",2002,1480000
"146","Angola","AGO",2003,2750000
"147","Angola","AGO",2004,3450000
"148","Angola","AGO",2005,2480000
"149","Angola","AGO",2006,3290000
"150","Angola","AGO",2007,3900000
"151","Angola","AGO",2008,5200000
"152","Angola","AGO",2009,5760000
"153","Angola","AGO",2010,5680000
"154","Angola","AGO",2011,6280000
"155","Angola","AGO",2012,6740000
"156","Angola","AGO",2013,7700000
"157","Angola","AGO",2014,7940000
"158","Angola","AGO",2015,7980000
"159","Angola","AGO",2016,7910000
"160","Angola","AGO",2017,6720000
"161","Angola","AGO",2018,6950000
"162","Angola","AGO",2019,7930000
"163","Angola","AGO",2020,3900000
"164","Angola","AGO",2021,7090000
"165","Angola","AGO",2022,8300000
"166","Antigua and Barbuda","ATG",1990,120000
"167","Antigua and Barbuda","ATG",1991,120000
"168","Antigua and Barbuda","ATG",1992,120000
"169","Antigua and Barbuda","ATG",1993,129999.99
"170","Antigua and Barbuda","ATG",1994,129999.99
"171","Antigua and Barbuda","ATG",1995,140000
"172","Antigua and Barbuda","ATG",1996,150000
"173","Antigua and Barbuda","ATG",1997,160000
"174","Antigua and Barbuda","ATG",1998,160000
"175","Antigua and Barbuda","ATG",1999,170000
"176","Antigua and Barbuda","ATG",2000,170000
"177","Antigua and Barbuda","ATG",2001,180000
"178","Antigua and Barbuda","ATG",2002,180000
"179","Antigua and Barbuda","ATG",2003,190000
"180","Antigua and Barbuda","ATG",2004,2e+05
"181","Antigua and Barbuda","ATG",2005,210000
"182","Antigua and Barbuda","ATG",2006,220000
"183","Antigua and Barbuda","ATG",2007,2e+05
"184","Antigua and Barbuda","ATG",2008,2e+05
"185","Antigua and Barbuda","ATG",2009,2e+05
"186","Antigua and Barbuda","ATG",2010,2e+05
"187","Antigua and Barbuda","ATG",2011,190000
"188","Antigua and Barbuda","ATG",2012,2e+05
"189","Antigua and Barbuda","ATG",2013,2e+05
"190","Antigua and Barbuda","ATG",2014,210000
"191","Antigua and Barbuda","ATG",2015,210000
"192","Antigua and Barbuda","ATG",2016,220000
"193","Antigua and Barbuda","ATG",2017,220000
"194","Antigua and Barbuda","ATG",2018,220000
"195","Antigua and Barbuda","ATG",2019,240000
"196","Antigua and Barbuda","ATG",2020,230000
"197","Antigua and Barbuda","ATG",2021,250000
"198","Antigua and Barbuda","ATG",2022,259999.98
"199","Argentina","ARG",1990,28340000
"200","Argentina","ARG",1991,29970000
"201","Argentina","ARG",1992,3.2e+07
"202","Argentina","ARG",1993,34280000
"203","Argentina","ARG",1994,33790000
"204","Argentina","ARG",1995,35210000
"205","Argentina","ARG",1996,4.1e+07
"206","Argentina","ARG",1997,40970000
"207","Argentina","ARG",1998,43590000
"208","Argentina","ARG",1999,40970000
"209","Argentina","ARG",2000,39840000
"210","Argentina","ARG",2001,36630000
"211","Argentina","ARG",2002,33840000
"212","Argentina","ARG",2003,34560000
"213","Argentina","ARG",2004,37170000
"214","Argentina","ARG",2005,37710000
"215","Argentina","ARG",2006,40550000
"216","Argentina","ARG",2007,43880000
"217","Argentina","ARG",2008,45850000
"218","Argentina","ARG",2009,42020000
"219","Argentina","ARG",2010,44200000
"220","Argentina","ARG",2011,45670000
"221","Argentina","ARG",2012,44820000
"222","Argentina","ARG",2013,47740000
"223","Argentina","ARG",2014,44060000
"224","Argentina","ARG",2015,46280000
"225","Argentina","ARG",2016,45250000
"226","Argentina","ARG",2017,46430000
"227","Argentina","ARG",2018,47790000
"228","Argentina","ARG",2019,47470000
"229","Argentina","ARG",2020,37390000
"230","Argentina","ARG",2021,45940000
"231","Argentina","ARG",2022,50950000
"232","Armenia","ARM",1990,2960000
"233","Armenia","ARM",1991,2900000
"234","Armenia","ARM",1992,1830000
"235","Armenia","ARM",1993,1190000
"236","Armenia","ARM",1994,160000
"237","Armenia","ARM",1995,110000
"238","Armenia","ARM",1996,60000
"239","Armenia","ARM",1997,60000
"240","Armenia","ARM",1998,70000
"241","Armenia","ARM",1999,70000
"242","Armenia","ARM",2000,570000
"243","Armenia","ARM",2001,570000
"244","Armenia","ARM",2002,540000
"245","Armenia","ARM",2003,590000
"246","Armenia","ARM",2004,610000
"247","Armenia","ARM",2005,670000
"248","Armenia","ARM",2006,670000
"249","Armenia","ARM",2007,1060000
"250","Armenia","ARM",2008,1260000
"251","Armenia","ARM",2009,1140000
"252","Armenia","ARM",2010,1260000
"253","Armenia","ARM",2011,1290000
"254","Armenia","ARM",2012,1300000
"255","Armenia","ARM",2013,1280000
"256","Armenia","ARM",2014,1710000
"257","Armenia","ARM",2015,1660000
"258","Armenia","ARM",2016,1580000
"259","Armenia","ARM",2017,1670000
"260","Armenia","ARM",2018,1800000
"261","Armenia","ARM",2019,2060000
"262","Armenia","ARM",2020,2260000
"263","Armenia","ARM",2021,2370000
"264","Armenia","ARM",2022,2330000
"265","Asia",NA,1990,771320000
"266","Asia",NA,1991,800450000
"267","Asia",NA,1992,836140000
"268","Asia",NA,1993,889930000
"269","Asia",NA,1994,911640000
"270","Asia",NA,1995,967670000
"271","Asia",NA,1996,1058590000
"272","Asia",NA,1997,1048610000
"273","Asia",NA,1998,1031160000
"274","Asia",NA,1999,1075850000
"275","Asia",NA,2000,1202660000
"276","Asia",NA,2001,1230780000
"277","Asia",NA,2002,1282550000
"278","Asia",NA,2003,1335470000
"279","Asia",NA,2004,1437330000
"280","Asia",NA,2005,1486440000
"281","Asia",NA,2006,1538780000
"282","Asia",NA,2007,1631580000
"283","Asia",NA,2008,1697970000
"284","Asia",NA,2009,1753690000
"285","Asia",NA,2010,1842170000
"286","Asia",NA,2011,1950540000
"287","Asia",NA,2012,2085620000
"288","Asia",NA,2013,2179430000
"289","Asia",NA,2014,2249720000
"290","Asia",NA,2015,2357570000
"291","Asia",NA,2016,2406710000
"292","Asia",NA,2017,2501400000
"293","Asia",NA,2018,2606710000
"294","Asia",NA,2019,2616080000
"295","Asia",NA,2020,2406580000
"296","Asia",NA,2021,2561470000
"297","Asia",NA,2022,2592760000
"298","Australia","AUS",1990,62030000
"299","Australia","AUS",1991,60590000
"300","Australia","AUS",1992,62080000
"301","Australia","AUS",1993,63190000
"302","Australia","AUS",1994,64830000
"303","Australia","AUS",1995,67540000
"304","Australia","AUS",1996,70020000
"305","Australia","AUS",1997,71390000
"306","Australia","AUS",1998,71390000
"307","Australia","AUS",1999,72770000
"308","Australia","AUS",2000,75010000
"309","Australia","AUS",2001,74420000
"310","Australia","AUS",2002,76130000
"311","Australia","AUS",2003,76410000
"312","Australia","AUS",2004,79180000
"313","Australia","AUS",2005,79330000
"314","Australia","AUS",2006,81250000
"315","Australia","AUS",2007,83580000
"316","Australia","AUS",2008,85300000
"317","Australia","AUS",2009,84940000
"318","Australia","AUS",2010,87630000
"319","Australia","AUS",2011,89770000
"320","Australia","AUS",2012,90430000
"321","Australia","AUS",2013,91830000
"322","Australia","AUS",2014,92030000
"323","Australia","AUS",2015,91920000
"324","Australia","AUS",2016,93280000
"325","Australia","AUS",2017,94860000
"326","Australia","AUS",2018,97270000
"327","Australia","AUS",2019,97040000
"328","Australia","AUS",2020,90500000
"329","Australia","AUS",2021,87610000
"330","Australia","AUS",2022,89190000
"331","Austria","AUT",1990,13630000
"332","Austria","AUT",1991,15050000
"333","Austria","AUT",1992,15080000
"334","Austria","AUT",1993,15230000
"335","Austria","AUT",1994,15290000
"336","Austria","AUT",1995,15510000
"337","Austria","AUT",1996,17130000
"338","Austria","AUT",1997,16200001
"339","Austria","AUT",1998,18300000
"340","Austria","AUT",1999,17820000
"341","Austria","AUT",2000,18560000
"342","Austria","AUT",2001,20050000
"343","Austria","AUT",2002,21940000
"344","Austria","AUT",2003,23520000
"345","Austria","AUT",2004,23850000
"346","Austria","AUT",2005,24550000
"347","Austria","AUT",2006,23400000
"348","Austria","AUT",2007,23590000
"349","Austria","AUT",2008,22550000
"350","Austria","AUT",2009,21720000
"351","Austria","AUT",2010,22530000
"352","Austria","AUT",2011,21720000
"353","Austria","AUT",2012,21660000
"354","Austria","AUT",2013,23120000
"355","Austria","AUT",2014,22660000
"356","Austria","AUT",2015,23170000
"357","Austria","AUT",2016,23990000
"358","Austria","AUT",2017,24550000
"359","Austria","AUT",2018,24800000
"360","Austria","AUT",2019,24830000
"361","Austria","AUT",2020,21670000
"362","Austria","AUT",2021,22440000
"363","Austria","AUT",2022,21120000
"364","Azerbaijan","AZE",1990,6200000
"365","Azerbaijan","AZE",1991,4760000
"366","Azerbaijan","AZE",1992,4e+06
"367","Azerbaijan","AZE",1993,3690000
"368","Azerbaijan","AZE",1994,3240000
"369","Azerbaijan","AZE",1995,3340000
"370","Azerbaijan","AZE",1996,2710000
"371","Azerbaijan","AZE",1997,3220000
"372","Azerbaijan","AZE",1998,3e+06
"373","Azerbaijan","AZE",1999,1570000
"374","Azerbaijan","AZE",2000,2360000
"375","Azerbaijan","AZE",2001,2600000
"376","Azerbaijan","AZE",2002,2930000
"377","Azerbaijan","AZE",2003,3150000
"378","Azerbaijan","AZE",2004,3790000
"379","Azerbaijan","AZE",2005,4210000
"380","Azerbaijan","AZE",2006,4840000
"381","Azerbaijan","AZE",2007,3780000
"382","Azerbaijan","AZE",2008,4770000
"383","Azerbaijan","AZE",2009,4250000
"384","Azerbaijan","AZE",2010,4950000
"385","Azerbaijan","AZE",2011,5800000
"386","Azerbaijan","AZE",2012,6400000
"387","Azerbaijan","AZE",2013,7290000
"388","Azerbaijan","AZE",2014,7550000
"389","Azerbaijan","AZE",2015,6800000
"390","Azerbaijan","AZE",2016,6410000
"391","Azerbaijan","AZE",2017,7720000
"392","Azerbaijan","AZE",2018,8510000
"393","Azerbaijan","AZE",2019,8420000
"394","Azerbaijan","AZE",2020,6850000
"395","Azerbaijan","AZE",2021,7690000
"396","Azerbaijan","AZE",2022,9140000
"397","Bahamas","BHS",1990,250000
"398","Bahamas","BHS",1991,220000
"399","Bahamas","BHS",1992,170000
"400","Bahamas","BHS",1993,150000
"401","Bahamas","BHS",1994,150000
"402","Bahamas","BHS",1995,180000
"403","Bahamas","BHS",1996,170000
"404","Bahamas","BHS",1997,180000
"405","Bahamas","BHS",1998,180000
"406","Bahamas","BHS",1999,180000
"407","Bahamas","BHS",2000,180000
"408","Bahamas","BHS",2001,180000
"409","Bahamas","BHS",2002,180000
"410","Bahamas","BHS",2003,190000
"411","Bahamas","BHS",2004,180000
"412","Bahamas","BHS",2005,2e+05
"413","Bahamas","BHS",2006,220000
"414","Bahamas","BHS",2007,220000
"415","Bahamas","BHS",2008,230000
"416","Bahamas","BHS",2009,450000
"417","Bahamas","BHS",2010,550000
"418","Bahamas","BHS",2011,5e+05
"419","Bahamas","BHS",2012,480000
"420","Bahamas","BHS",2013,560000
"421","Bahamas","BHS",2014,590000
"422","Bahamas","BHS",2015,650000
"423","Bahamas","BHS",2016,660000
"424","Bahamas","BHS",2017,790000
"425","Bahamas","BHS",2018,780000
"426","Bahamas","BHS",2019,8e+05
"427","Bahamas","BHS",2020,540000
"428","Bahamas","BHS",2021,770000
"429","Bahamas","BHS",2022,810000
"430","Bahrain","BHR",1990,990000
"431","Bahrain","BHR",1991,1010000
"432","Bahrain","BHR",1992,1120000
"433","Bahrain","BHR",1993,1160000
"434","Bahrain","BHR",1994,1180000
"435","Bahrain","BHR",1995,1230000
"436","Bahrain","BHR",1996,1260000
"437","Bahrain","BHR",1997,1320000
"438","Bahrain","BHR",1998,1390000
"439","Bahrain","BHR",1999,1440000
"440","Bahrain","BHR",2000,1530000
"441","Bahrain","BHR",2001,1590000
"442","Bahrain","BHR",2002,1780000
"443","Bahrain","BHR",2003,1940000
"444","Bahrain","BHR",2004,2120000
"445","Bahrain","BHR",2005,2480000
"446","Bahrain","BHR",2006,2590000
"447","Bahrain","BHR",2007,2820000
"448","Bahrain","BHR",2008,3090000
"449","Bahrain","BHR",2009,3040000
"450","Bahrain","BHR",2010,3120000
"451","Bahrain","BHR",2011,2940000
"452","Bahrain","BHR",2012,3160000
"453","Bahrain","BHR",2013,3280000
"454","Bahrain","BHR",2014,3370000
"455","Bahrain","BHR",2015,3520000
"456","Bahrain","BHR",2016,3600000
"457","Bahrain","BHR",2017,3710000
"458","Bahrain","BHR",2018,3820000
"459","Bahrain","BHR",2019,3740000
"460","Bahrain","BHR",2020,3290000
"461","Bahrain","BHR",2021,3500000
"462","Bahrain","BHR",2022,3800000
"463","Bangladesh","BGD",1990,1670000
"464","Bangladesh","BGD",1991,1850000
"465","Bangladesh","BGD",1992,2120000
"466","Bangladesh","BGD",1993,2180000
"467","Bangladesh","BGD",1994,2230000
"468","Bangladesh","BGD",1995,2690000
"469","Bangladesh","BGD",1996,2960000
"470","Bangladesh","BGD",1997,3340000
"471","Bangladesh","BGD",1998,3420000
"472","Bangladesh","BGD",1999,3120000
"473","Bangladesh","BGD",2000,3050000
"474","Bangladesh","BGD",2001,3820000
"475","Bangladesh","BGD",2002,3880000
"476","Bangladesh","BGD",2003,3960000
"477","Bangladesh","BGD",2004,4580000
"478","Bangladesh","BGD",2005,5100000
"479","Bangladesh","BGD",2006,5310000
"480","Bangladesh","BGD",2007,5420000
"481","Bangladesh","BGD",2008,6070000
"482","Bangladesh","BGD",2009,6390000
"483","Bangladesh","BGD",2010,7390000
"484","Bangladesh","BGD",2011,8620000
"485","Bangladesh","BGD",2012,8700000
"486","Bangladesh","BGD",2013,8260000
"487","Bangladesh","BGD",2014,8920000
"488","Bangladesh","BGD",2015,9360000
"489","Bangladesh","BGD",2016,9930000
"490","Bangladesh","BGD",2017,11070000
"491","Bangladesh","BGD",2018,11620000
"492","Bangladesh","BGD",2019,12240000
"493","Bangladesh","BGD",2020,11480000
"494","Bangladesh","BGD",2021,12670000
"495","Bangladesh","BGD",2022,13460000
"496","Barbados","BRB",1990,270000
"497","Barbados","BRB",1991,270000
"498","Barbados","BRB",1992,270000
"499","Barbados","BRB",1993,270000
"500","Barbados","BRB",1994,280000
"501","Barbados","BRB",1995,280000
"502","Barbados","BRB",1996,250000
"503","Barbados","BRB",1997,3e+05
"504","Barbados","BRB",1998,340000
"505","Barbados","BRB",1999,350000
"506","Barbados","BRB",2000,370000
"507","Barbados","BRB",2001,370000
"508","Barbados","BRB",2002,370000
"509","Barbados","BRB",2003,380000
"510","Barbados","BRB",2004,390000
"511","Barbados","BRB",2005,410000
"512","Barbados","BRB",2006,410000
"513","Barbados","BRB",2007,410000
"514","Barbados","BRB",2008,460000
"515","Barbados","BRB",2009,440000
"516","Barbados","BRB",2010,440000
"517","Barbados","BRB",2011,460000
"518","Barbados","BRB",2012,440000
"519","Barbados","BRB",2013,420000
"520","Barbados","BRB",2014,410000
"521","Barbados","BRB",2015,410000
"522","Barbados","BRB",2016,420000
"523","Barbados","BRB",2017,430000
"524","Barbados","BRB",2018,420000
"525","Barbados","BRB",2019,430000
"526","Barbados","BRB",2020,340000
"527","Barbados","BRB",2021,330000
"528","Barbados","BRB",2022,340000
"529","Belarus","BLR",1990,11480000
"530","Belarus","BLR",1991,12250000
"531","Belarus","BLR",1992,11320000
"532","Belarus","BLR",1993,9460000
"533","Belarus","BLR",1994,6730000
"534","Belarus","BLR",1995,6680000
"535","Belarus","BLR",1996,7250000
"536","Belarus","BLR",1997,7610000
"537","Belarus","BLR",1998,8040000
"538","Belarus","BLR",1999,7090000
"539","Belarus","BLR",2000,6450000
"540","Belarus","BLR",2001,6120000
"541","Belarus","BLR",2002,6610000
"542","Belarus","BLR",2003,6820000
"543","Belarus","BLR",2004,6980000
"544","Belarus","BLR",2005,7770000
"545","Belarus","BLR",2006,9130000
"546","Belarus","BLR",2007,9290000
"547","Belarus","BLR",2008,10550000
"548","Belarus","BLR",2009,9650000
"549","Belarus","BLR",2010,10240000
"550","Belarus","BLR",2011,10870000
"551","Belarus","BLR",2012,11670000
"552","Belarus","BLR",2013,12180000
"553","Belarus","BLR",2014,11590000
"554","Belarus","BLR",2015,10380000
"555","Belarus","BLR",2016,10800000
"556","Belarus","BLR",2017,11260000
"557","Belarus","BLR",2018,11840000
"558","Belarus","BLR",2019,11800000
"559","Belarus","BLR",2020,10610000
"560","Belarus","BLR",2021,10390000
"561","Belarus","BLR",2022,10010000
"562","Belgium","BEL",1990,20210000
"563","Belgium","BEL",1991,20390000
"564","Belgium","BEL",1992,21200000
"565","Belgium","BEL",1993,21730000
"566","Belgium","BEL",1994,22310000
"567","Belgium","BEL",1995,22460000
"568","Belgium","BEL",1996,22900000
"569","Belgium","BEL",1997,23240000
"570","Belgium","BEL",1998,23970000
"571","Belgium","BEL",1999,24190000
"572","Belgium","BEL",2000,24480000
"573","Belgium","BEL",2001,25300000
"574","Belgium","BEL",2002,25240000
"575","Belgium","BEL",2003,25880000
"576","Belgium","BEL",2004,26970000
"577","Belgium","BEL",2005,26190000
"578","Belgium","BEL",2006,26600000
"579","Belgium","BEL",2007,27430000
"580","Belgium","BEL",2008,27500000
"581","Belgium","BEL",2009,26690000
"582","Belgium","BEL",2010,25870000
"583","Belgium","BEL",2011,25470000
"584","Belgium","BEL",2012,24710000
"585","Belgium","BEL",2013,24220000
"586","Belgium","BEL",2014,24450000
"587","Belgium","BEL",2015,26090000
"588","Belgium","BEL",2016,25790000
"589","Belgium","BEL",2017,25200000
"590","Belgium","BEL",2018,25280000
"591","Belgium","BEL",2019,24960000
"592","Belgium","BEL",2020,20770000
"593","Belgium","BEL",2021,22910000
"594","Belgium","BEL",2022,23100000
"595","Belize","BLZ",1990,110000
"596","Belize","BLZ",1991,150000
"597","Belize","BLZ",1992,220000
"598","Belize","BLZ",1993,230000
"599","Belize","BLZ",1994,230000
"600","Belize","BLZ",1995,240000
"601","Belize","BLZ",1996,190000
"602","Belize","BLZ",1997,259999.98
"603","Belize","BLZ",1998,259999.98
"604","Belize","BLZ",1999,240000
"605","Belize","BLZ",2000,270000
"606","Belize","BLZ",2001,250000
"607","Belize","BLZ",2002,230000
"608","Belize","BLZ",2003,240000
"609","Belize","BLZ",2004,240000
"610","Belize","BLZ",2005,250000
"611","Belize","BLZ",2006,259999.98
"612","Belize","BLZ",2007,290000
"613","Belize","BLZ",2008,310000
"614","Belize","BLZ",2009,350000
"615","Belize","BLZ",2010,330000
"616","Belize","BLZ",2011,460000
"617","Belize","BLZ",2012,340000
"618","Belize","BLZ",2013,370000
"619","Belize","BLZ",2014,4e+05
"620","Belize","BLZ",2015,530000
"621","Belize","BLZ",2016,5e+05
"622","Belize","BLZ",2017,480000
"623","Belize","BLZ",2018,470000
"624","Belize","BLZ",2019,540000
"625","Belize","BLZ",2020,450000
"626","Belize","BLZ",2021,450000
"627","Belize","BLZ",2022,480000
"628","Benin","BEN",1990,170000
"629","Benin","BEN",1991,129999.99
"630","Benin","BEN",1992,120000
"631","Benin","BEN",1993,120000
"632","Benin","BEN",1994,120000
"633","Benin","BEN",1995,120000
"634","Benin","BEN",1996,5e+05
"635","Benin","BEN",1997,680000
"636","Benin","BEN",1998,750000
"637","Benin","BEN",1999,850000
"638","Benin","BEN",2000,920000
"639","Benin","BEN",2001,990000
"640","Benin","BEN",2002,1180000
"641","Benin","BEN",2003,1370000
"642","Benin","BEN",2004,1400000
"643","Benin","BEN",2005,1540000
"644","Benin","BEN",2006,1960000
"645","Benin","BEN",2007,2430000
"646","Benin","BEN",2008,2450000
"647","Benin","BEN",2009,2810000
"648","Benin","BEN",2010,3170000
"649","Benin","BEN",2011,3280000
"650","Benin","BEN",2012,3420000
"651","Benin","BEN",2013,3840000
"652","Benin","BEN",2014,4070000.2
"653","Benin","BEN",2015,4580000
"654","Benin","BEN",2016,5800000
"655","Benin","BEN",2017,5990000
"656","Benin","BEN",2018,6750000
"657","Benin","BEN",2019,5910000
"658","Benin","BEN",2020,6170000
"659","Benin","BEN",2021,4240000
"660","Benin","BEN",2022,4430000
"661","Bhutan","BTN",1990,40000
"662","Bhutan","BTN",1991,40000
"663","Bhutan","BTN",1992,50000
"664","Bhutan","BTN",1993,50000
"665","Bhutan","BTN",1994,50000
"666","Bhutan","BTN",1995,70000
"667","Bhutan","BTN",1996,80000
"668","Bhutan","BTN",1997,80000
"669","Bhutan","BTN",1998,90000
"670","Bhutan","BTN",1999,1e+05
"671","Bhutan","BTN",2000,110000
"672","Bhutan","BTN",2001,120000
"673","Bhutan","BTN",2002,140000
"674","Bhutan","BTN",2003,160000
"675","Bhutan","BTN",2004,170000
"676","Bhutan","BTN",2005,170000
"677","Bhutan","BTN",2006,170000
"678","Bhutan","BTN",2007,190000
"679","Bhutan","BTN",2008,2e+05
"680","Bhutan","BTN",2009,220000
"681","Bhutan","BTN",2010,280000
"682","Bhutan","BTN",2011,350000
"683","Bhutan","BTN",2012,4e+05
"684","Bhutan","BTN",2013,410000
"685","Bhutan","BTN",2014,390000
"686","Bhutan","BTN",2015,410000
"687","Bhutan","BTN",2016,430000
"688","Bhutan","BTN",2017,470000
"689","Bhutan","BTN",2018,540000
"690","Bhutan","BTN",2019,540000
"691","Bhutan","BTN",2020,380000
"692","Bhutan","BTN",2021,390000
"693","Bhutan","BTN",2022,370000
"694","Bolivia","BOL",1990,2260000
"695","Bolivia","BOL",1991,2370000
"696","Bolivia","BOL",1992,2340000
"697","Bolivia","BOL",1993,2700000
"698","Bolivia","BOL",1994,2810000
"699","Bolivia","BOL",1995,3130000
"700","Bolivia","BOL",1996,3240000
"701","Bolivia","BOL",1997,3070000
"702","Bolivia","BOL",1998,3170000
"703","Bolivia","BOL",1999,3180000
"704","Bolivia","BOL",2000,2640000
"705","Bolivia","BOL",2001,2650000
"706","Bolivia","BOL",2002,2720000
"707","Bolivia","BOL",2003,2920000
"708","Bolivia","BOL",2004,3230000
"709","Bolivia","BOL",2005,3450000
"710","Bolivia","BOL",2006,3990000
"711","Bolivia","BOL",2007,4510000
"712","Bolivia","BOL",2008,5090000
"713","Bolivia","BOL",2009,5540000
"714","Bolivia","BOL",2010,6070000
"715","Bolivia","BOL",2011,6730000
"716","Bolivia","BOL",2012,7320000
"717","Bolivia","BOL",2013,8120000
"718","Bolivia","BOL",2014,8810000
"719","Bolivia","BOL",2015,9170000
"720","Bolivia","BOL",2016,9660000
"721","Bolivia","BOL",2017,10310000
"722","Bolivia","BOL",2018,10710000
"723","Bolivia","BOL",2019,10840000
"724","Bolivia","BOL",2020,8750000
"725","Bolivia","BOL",2021,11180000
"726","Bolivia","BOL",2022,12320000
"727","Bosnia and Herzegovina","BIH",1990,2190000
"728","Bosnia and Herzegovina","BIH",1991,1860000
"729","Bosnia and Herzegovina","BIH",1992,1060000
"730","Bosnia and Herzegovina","BIH",1993,850000
"731","Bosnia and Herzegovina","BIH",1994,970000
"732","Bosnia and Herzegovina","BIH",1995,990000
"733","Bosnia and Herzegovina","BIH",1996,1030000
"734","Bosnia and Herzegovina","BIH",1997,1060000
"735","Bosnia and Herzegovina","BIH",1998,1400000
"736","Bosnia and Herzegovina","BIH",1999,1340000
"737","Bosnia and Herzegovina","BIH",2000,2089999.9
"738","Bosnia and Herzegovina","BIH",2001,2130000
"739","Bosnia and Herzegovina","BIH",2002,2040000
"740","Bosnia and Herzegovina","BIH",2003,2060000
"741","Bosnia and Herzegovina","BIH",2004,2390000
"742","Bosnia and Herzegovina","BIH",2005,2300000
"743","Bosnia and Herzegovina","BIH",2006,2880000
"744","Bosnia and Herzegovina","BIH",2007,3050000
"745","Bosnia and Herzegovina","BIH",2008,3380000
"746","Bosnia and Herzegovina","BIH",2009,3490000
"747","Bosnia and Herzegovina","BIH",2010,3400000
"748","Bosnia and Herzegovina","BIH",2011,3410000
"749","Bosnia and Herzegovina","BIH",2012,3190000
"750","Bosnia and Herzegovina","BIH",2013,2820000
"751","Bosnia and Herzegovina","BIH",2014,2980000
"752","Bosnia and Herzegovina","BIH",2015,3110000
"753","Bosnia and Herzegovina","BIH",2016,3620000
"754","Bosnia and Herzegovina","BIH",2017,3780000
"755","Bosnia and Herzegovina","BIH",2018,3750000
"756","Bosnia and Herzegovina","BIH",2019,4010000.2
"757","Bosnia and Herzegovina","BIH",2020,3640000
"758","Bosnia and Herzegovina","BIH",2021,4179999.8
"759","Bosnia and Herzegovina","BIH",2022,4010000.2
"760","Botswana","BWA",1990,650000
"761","Botswana","BWA",1991,710000
"762","Botswana","BWA",1992,810000
"763","Botswana","BWA",1993,8e+05
"764","Botswana","BWA",1994,770000
"765","Botswana","BWA",1995,890000
"766","Botswana","BWA",1996,9e+05
"767","Botswana","BWA",1997,970000
"768","Botswana","BWA",1998,1039999.94
"769","Botswana","BWA",1999,1130000
"770","Botswana","BWA",2000,1220000
"771","Botswana","BWA",2001,1310000
"772","Botswana","BWA",2002,1250000
"773","Botswana","BWA",2003,1340000
"774","Botswana","BWA",2004,1460000
"775","Botswana","BWA",2005,1500000
"776","Botswana","BWA",2006,1580000
"777","Botswana","BWA",2007,1720000
"778","Botswana","BWA",2008,1980000
"779","Botswana","BWA",2009,1780000
"780","Botswana","BWA",2010,1890000
"781","Botswana","BWA",2011,1980000
"782","Botswana","BWA",2012,2060000
"783","Botswana","BWA",2013,2150000
"784","Botswana","BWA",2014,2230000
"785","Botswana","BWA",2015,2310000
"786","Botswana","BWA",2016,2260000
"787","Botswana","BWA",2017,2300000
"788","Botswana","BWA",2018,2460000
"789","Botswana","BWA",2019,2360000
"790","Botswana","BWA",2020,2130000
"791","Botswana","BWA",2021,2210000
"792","Botswana","BWA",2022,2270000
"793","Brazil","BRA",1990,82180000
"794","Brazil","BRA",1991,85970000
"795","Brazil","BRA",1992,86610000
"796","Brazil","BRA",1993,90080000
"797","Brazil","BRA",1994,94210000
"798","Brazil","BRA",1995,104190000
"799","Brazil","BRA",1996,113670000
"800","Brazil","BRA",1997,120610000
"801","Brazil","BRA",1998,126900000
"802","Brazil","BRA",1999,124250000
"803","Brazil","BRA",2000,125480000
"804","Brazil","BRA",2001,128039990
"805","Brazil","BRA",2002,130009990
"806","Brazil","BRA",2003,127510000
"807","Brazil","BRA",2004,136450000
"808","Brazil","BRA",2005,137190000
"809","Brazil","BRA",2006,140260000
"810","Brazil","BRA",2007,145970000
"811","Brazil","BRA",2008,151340000
"812","Brazil","BRA",2009,148720000
"813","Brazil","BRA",2010,167990000
"814","Brazil","BRA",2011,185150000
"815","Brazil","BRA",2012,202540000
"816","Brazil","BRA",2013,209780000
"817","Brazil","BRA",2014,214780000
"818","Brazil","BRA",2015,200790000
"819","Brazil","BRA",2016,199050000
"820","Brazil","BRA",2017,200180000
"821","Brazil","BRA",2018,191870000
"822","Brazil","BRA",2019,193170000
"823","Brazil","BRA",2020,182610000
"824","Brazil","BRA",2021,200170000
"825","Brazil","BRA",2022,212580000
"826","Brunei","BRN",1990,550000
"827","Brunei","BRN",1991,6e+05
"828","Brunei","BRN",1992,650000
"829","Brunei","BRN",1993,680000
"830","Brunei","BRN",1994,720000
"831","Brunei","BRN",1995,780000
"832","Brunei","BRN",1996,840000
"833","Brunei","BRN",1997,870000
"834","Brunei","BRN",1998,820000
"835","Brunei","BRN",1999,810000
"836","Brunei","BRN",2000,810000
"837","Brunei","BRN",2001,840000
"838","Brunei","BRN",2002,880000
"839","Brunei","BRN",2003,920000
"840","Brunei","BRN",2004,970000
"841","Brunei","BRN",2005,950000
"842","Brunei","BRN",2006,1030000
"843","Brunei","BRN",2007,1130000
"844","Brunei","BRN",2008,1130000
"845","Brunei","BRN",2009,1120000
"846","Brunei","BRN",2010,1180000
"847","Brunei","BRN",2011,1280000
"848","Brunei","BRN",2012,1340000
"849","Brunei","BRN",2013,1330000
"850","Brunei","BRN",2014,1350000
"851","Brunei","BRN",2015,1360000
"852","Brunei","BRN",2016,1340000
"853","Brunei","BRN",2017,1330000
"854","Brunei","BRN",2018,1350000
"855","Brunei","BRN",2019,1320000
"856","Brunei","BRN",2020,1200000
"857","Brunei","BRN",2021,1150000
"858","Brunei","BRN",2022,1210000
"859","Bulgaria","BGR",1990,6440000
"860","Bulgaria","BGR",1991,3480000
"861","Bulgaria","BGR",1992,3810000
"862","Bulgaria","BGR",1993,4310000
"863","Bulgaria","BGR",1994,3940000
"864","Bulgaria","BGR",1995,4190000
"865","Bulgaria","BGR",1996,4139999.8
"866","Bulgaria","BGR",1997,4280000
"867","Bulgaria","BGR",1998,5420000
"868","Bulgaria","BGR",1999,5650000
"869","Bulgaria","BGR",2000,5430000
"870","Bulgaria","BGR",2001,5600000
"871","Bulgaria","BGR",2002,5830000
"872","Bulgaria","BGR",2003,6420000
"873","Bulgaria","BGR",2004,6950000
"874","Bulgaria","BGR",2005,7760000
"875","Bulgaria","BGR",2006,8189999.5
"876","Bulgaria","BGR",2007,7930000
"877","Bulgaria","BGR",2008,8310000.5
"878","Bulgaria","BGR",2009,7980000
"879","Bulgaria","BGR",2010,7760000
"880","Bulgaria","BGR",2011,7940000
"881","Bulgaria","BGR",2012,8210000
"882","Bulgaria","BGR",2013,7270000
"883","Bulgaria","BGR",2014,8130000
"884","Bulgaria","BGR",2015,8930000
"885","Bulgaria","BGR",2016,9040000
"886","Bulgaria","BGR",2017,9190000
"887","Bulgaria","BGR",2018,9400000
"888","Bulgaria","BGR",2019,9510000
"889","Bulgaria","BGR",2020,8940000
"890","Bulgaria","BGR",2021,9610000
"891","Bulgaria","BGR",2022,9630000
"892","Burkina Faso","BFA",1990,259999.98
"893","Burkina Faso","BFA",1991,270000
"894","Burkina Faso","BFA",1992,270000
"895","Burkina Faso","BFA",1993,280000
"896","Burkina Faso","BFA",1994,270000
"897","Burkina Faso","BFA",1995,340000
"898","Burkina Faso","BFA",1996,350000
"899","Burkina Faso","BFA",1997,350000
"900","Burkina Faso","BFA",1998,410000
"901","Burkina Faso","BFA",1999,490000
"902","Burkina Faso","BFA",2000,519999.97
"903","Burkina Faso","BFA",2001,540000
"904","Burkina Faso","BFA",2002,550000
"905","Burkina Faso","BFA",2003,580000
"906","Burkina Faso","BFA",2004,580000
"907","Burkina Faso","BFA",2005,650000
"908","Burkina Faso","BFA",2006,770000
"909","Burkina Faso","BFA",2007,9e+05
"910","Burkina Faso","BFA",2008,1020000
"911","Burkina Faso","BFA",2009,960000
"912","Burkina Faso","BFA",2010,1200000
"913","Burkina Faso","BFA",2011,1270000
"914","Burkina Faso","BFA",2012,1600000
"915","Burkina Faso","BFA",2013,1740000
"916","Burkina Faso","BFA",2014,1810000
"917","Burkina Faso","BFA",2015,1840000
"918","Burkina Faso","BFA",2016,2150000
"919","Burkina Faso","BFA",2017,2730000
"920","Burkina Faso","BFA",2018,3100000
"921","Burkina Faso","BFA",2019,2780000
"922","Burkina Faso","BFA",2020,2880000
"923","Burkina Faso","BFA",2021,3170000
"924","Burkina Faso","BFA",2022,3230000
"925","Burundi","BDI",1990,129999.99
"926","Burundi","BDI",1991,160000
"927","Burundi","BDI",1992,129999.99
"928","Burundi","BDI",1993,140000
"929","Burundi","BDI",1994,140000
"930","Burundi","BDI",1995,150000
"931","Burundi","BDI",1996,160000
"932","Burundi","BDI",1997,160000
"933","Burundi","BDI",1998,160000
"934","Burundi","BDI",1999,170000
"935","Burundi","BDI",2000,190000
"936","Burundi","BDI",2001,150000
"937","Burundi","BDI",2002,170000
"938","Burundi","BDI",2003,129999.99
"939","Burundi","BDI",2004,120000
"940","Burundi","BDI",2005,140000
"941","Burundi","BDI",2006,160000
"942","Burundi","BDI",2007,160000
"943","Burundi","BDI",2008,170000
"944","Burundi","BDI",2009,190000
"945","Burundi","BDI",2010,230000
"946","Burundi","BDI",2011,290000
"947","Burundi","BDI",2012,3e+05
"948","Burundi","BDI",2013,320000
"949","Burundi","BDI",2014,310000
"950","Burundi","BDI",2015,330000
"951","Burundi","BDI",2016,370000
"952","Burundi","BDI",2017,430000
"953","Burundi","BDI",2018,560000
"954","Burundi","BDI",2019,560000
"955","Burundi","BDI",2020,660000
"956","Burundi","BDI",2021,650000
"957","Burundi","BDI",2022,690000
"958","Cambodia","KHM",1995,1160000
"959","Cambodia","KHM",1996,1160000
"960","Cambodia","KHM",1997,1200000
"961","Cambodia","KHM",1998,1400000
"962","Cambodia","KHM",1999,1360000
"963","Cambodia","KHM",2000,1320000
"964","Cambodia","KHM",2001,1510000
"965","Cambodia","KHM",2002,1320000
"966","Cambodia","KHM",2003,1350000
"967","Cambodia","KHM",2004,1370000
"968","Cambodia","KHM",2005,1500000
"969","Cambodia","KHM",2006,1610000
"970","Cambodia","KHM",2007,2e+06
"971","Cambodia","KHM",2008,2069999.9
"972","Cambodia","KHM",2009,2690000
"973","Cambodia","KHM",2010,2950000
"974","Cambodia","KHM",2011,3120000
"975","Cambodia","KHM",2012,3290000
"976","Cambodia","KHM",2013,3380000
"977","Cambodia","KHM",2014,3700000
"978","Cambodia","KHM",2015,4070000.2
"979","Cambodia","KHM",2016,4510000
"980","Cambodia","KHM",2017,4800000
"981","Cambodia","KHM",2018,5150000
"982","Cambodia","KHM",2019,6230000
"983","Cambodia","KHM",2020,6580000
"984","Cambodia","KHM",2021,6590000
"985","Cambodia","KHM",2022,6800000
"986","Cameroon","CMR",1990,1750000
"987","Cameroon","CMR",1991,1570000
"988","Cameroon","CMR",1992,1570000
"989","Cameroon","CMR",1993,1690000
"990","Cameroon","CMR",1994,1760000
"991","Cameroon","CMR",1995,1710000
"992","Cameroon","CMR",1996,1730000
"993","Cameroon","CMR",1997,1820000
"994","Cameroon","CMR",1998,1880000
"995","Cameroon","CMR",1999,1640000
"996","Cameroon","CMR",2000,1860000
"997","Cameroon","CMR",2001,1860000
"998","Cameroon","CMR",2002,2069999.9
"999","Cameroon","CMR",2003,2100000
"1000","Cameroon","CMR",2004,2170000
"1001","Cameroon","CMR",2005,2110000
"1002","Cameroon","CMR",2006,1870000
"1003","Cameroon","CMR",2007,2130000
"1004","Cameroon","CMR",2008,2180000
"1005","Cameroon","CMR",2009,2510000
"1006","Cameroon","CMR",2010,2680000
"1007","Cameroon","CMR",2011,2830000
"1008","Cameroon","CMR",2012,3010000
"1009","Cameroon","CMR",2013,3200000
"1010","Cameroon","CMR",2014,3410000
"1011","Cameroon","CMR",2015,3170000
"1012","Cameroon","CMR",2016,3260000
"1013","Cameroon","CMR",2017,3190000
"1014","Cameroon","CMR",2018,3320000
"1015","Cameroon","CMR",2019,3420000
"1016","Cameroon","CMR",2020,3420000
"1017","Cameroon","CMR",2021,3560000
"1018","Cameroon","CMR",2022,3680000
"1019","Canada","CAN",1990,124670000
"1020","Canada","CAN",1991,120950000
"1021","Canada","CAN",1992,125210000
"1022","Canada","CAN",1993,127180000
"1023","Canada","CAN",1994,133420000
"1024","Canada","CAN",1995,137090000
"1025","Canada","CAN",1996,140440000
"1026","Canada","CAN",1997,144850000
"1027","Canada","CAN",1998,147470000
"1028","Canada","CAN",1999,151160000
"1029","Canada","CAN",2000,149970000
"1030","Canada","CAN",2001,147790000
"1031","Canada","CAN",2002,159650000
"1032","Canada","CAN",2003,162280000
"1033","Canada","CAN",2004,159700000
"1034","Canada","CAN",2005,163460000
"1035","Canada","CAN",2006,162350000
"1036","Canada","CAN",2007,167690000
"1037","Canada","CAN",2008,167680000
"1038","Canada","CAN",2009,163760000
"1039","Canada","CAN",2010,169430000
"1040","Canada","CAN",2011,169060000
"1041","Canada","CAN",2012,169380000
"1042","Canada","CAN",2013,173130000
"1043","Canada","CAN",2014,171600000
"1044","Canada","CAN",2015,171090000
"1045","Canada","CAN",2016,170190000
"1046","Canada","CAN",2017,174170000
"1047","Canada","CAN",2018,180290000
"1048","Canada","CAN",2019,177500000
"1049","Canada","CAN",2020,148730000
"1050","Canada","CAN",2021,156660000
"1051","Canada","CAN",2022,163980000
"1052","Cape Verde","CPV",1990,129999.99
"1053","Cape Verde","CPV",1991,1e+05
"1054","Cape Verde","CPV",1992,110000
"1055","Cape Verde","CPV",1993,1e+05
"1056","Cape Verde","CPV",1994,1e+05
"1057","Cape Verde","CPV",1995,110000
"1058","Cape Verde","CPV",1996,110000
"1059","Cape Verde","CPV",1997,110000
"1060","Cape Verde","CPV",1998,120000
"1061","Cape Verde","CPV",1999,150000
"1062","Cape Verde","CPV",2000,150000
"1063","Cape Verde","CPV",2001,180000
"1064","Cape Verde","CPV",2002,180000
"1065","Cape Verde","CPV",2003,190000
"1066","Cape Verde","CPV",2004,2e+05
"1067","Cape Verde","CPV",2005,230000
"1068","Cape Verde","CPV",2006,270000
"1069","Cape Verde","CPV",2007,270000
"1070","Cape Verde","CPV",2008,230000
"1071","Cape Verde","CPV",2009,250000
"1072","Cape Verde","CPV",2010,259999.98
"1073","Cape Verde","CPV",2011,290000
"1074","Cape Verde","CPV",2012,270000
"1075","Cape Verde","CPV",2013,250000
"1076","Cape Verde","CPV",2014,240000
"1077","Cape Verde","CPV",2015,230000
"1078","Cape Verde","CPV",2016,240000
"1079","Cape Verde","CPV",2017,240000
"1080","Cape Verde","CPV",2018,259999.98
"1081","Cape Verde","CPV",2019,290000
"1082","Cape Verde","CPV",2020,220000
"1083","Cape Verde","CPV",2021,230000
"1084","Cape Verde","CPV",2022,250000
"1085","Central African Republic","CAF",1990,80000
"1086","Central African Republic","CAF",1991,90000
"1087","Central African Republic","CAF",1992,90000
"1088","Central African Republic","CAF",1993,1e+05
"1089","Central African Republic","CAF",1994,1e+05
"1090","Central African Republic","CAF",1995,1e+05
"1091","Central African Republic","CAF",1996,1e+05
"1092","Central African Republic","CAF",1997,1e+05
"1093","Central African Republic","CAF",1998,120000
"1094","Central African Republic","CAF",1999,129999.99
"1095","Central African Republic","CAF",2000,129999.99
"1096","Central African Republic","CAF",2001,129999.99
"1097","Central African Republic","CAF",2002,129999.99
"1098","Central African Republic","CAF",2003,120000
"1099","Central African Republic","CAF",2004,120000
"1100","Central African Republic","CAF",2005,110000
"1101","Central African Republic","CAF",2006,120000
"1102","Central African Republic","CAF",2007,120000
"1103","Central African Republic","CAF",2008,1e+05
"1104","Central African Republic","CAF",2009,1e+05
"1105","Central African Republic","CAF",2010,120000
"1106","Central African Republic","CAF",2011,129999.99
"1107","Central African Republic","CAF",2012,140000
"1108","Central African Republic","CAF",2013,90000
"1109","Central African Republic","CAF",2014,110000
"1110","Central African Republic","CAF",2015,160000
"1111","Central African Republic","CAF",2016,190000
"1112","Central African Republic","CAF",2017,2e+05
"1113","Central African Republic","CAF",2018,210000
"1114","Central African Republic","CAF",2019,210000
"1115","Central African Republic","CAF",2020,220000
"1116","Central African Republic","CAF",2021,230000
"1117","Central African Republic","CAF",2022,240000
"1118","Chad","TCD",1990,259999.98
"1119","Chad","TCD",1991,259999.98
"1120","Chad","TCD",1992,280000
"1121","Chad","TCD",1993,280000
"1122","Chad","TCD",1994,290000
"1123","Chad","TCD",1995,3e+05
"1124","Chad","TCD",1996,310000
"1125","Chad","TCD",1997,330000
"1126","Chad","TCD",1998,340000
"1127","Chad","TCD",1999,350000
"1128","Chad","TCD",2000,129999.99
"1129","Chad","TCD",2001,150000
"1130","Chad","TCD",2002,180000
"1131","Chad","TCD",2003,190000
"1132","Chad","TCD",2004,2e+05
"1133","Chad","TCD",2005,210000
"1134","Chad","TCD",2006,270000
"1135","Chad","TCD",2007,259999.98
"1136","Chad","TCD",2008,320000
"1137","Chad","TCD",2009,420000
"1138","Chad","TCD",2010,830000
"1139","Chad","TCD",2011,730000
"1140","Chad","TCD",2012,970000
"1141","Chad","TCD",2013,990000
"1142","Chad","TCD",2014,1020000
"1143","Chad","TCD",2015,990000
"1144","Chad","TCD",2016,890000
"1145","Chad","TCD",2017,770000
"1146","Chad","TCD",2018,730000
"1147","Chad","TCD",2019,770000
"1148","Chad","TCD",2020,790000
"1149","Chad","TCD",2021,850000
"1150","Chad","TCD",2022,910000
"1151","Chile","CHL",1990,9080000
"1152","Chile","CHL",1991,9480000
"1153","Chile","CHL",1992,10290000
"1154","Chile","CHL",1993,11410000
"1155","Chile","CHL",1994,12330000
"1156","Chile","CHL",1995,13640000
"1157","Chile","CHL",1996,14840000
"1158","Chile","CHL",1997,15730000
"1159","Chile","CHL",1998,16559999
"1160","Chile","CHL",1999,16740000
"1161","Chile","CHL",2000,16990000
"1162","Chile","CHL",2001,16070000
"1163","Chile","CHL",2002,16580000
"1164","Chile","CHL",2003,16330000
"1165","Chile","CHL",2004,16920000
"1166","Chile","CHL",2005,18560000
"1167","Chile","CHL",2006,18290000
"1168","Chile","CHL",2007,19810000
"1169","Chile","CHL",2008,20580000
"1170","Chile","CHL",2009,20710000
"1171","Chile","CHL",2010,21440000
"1172","Chile","CHL",2011,21860000
"1173","Chile","CHL",2012,22430000
"1174","Chile","CHL",2013,24490000
"1175","Chile","CHL",2014,23570000
"1176","Chile","CHL",2015,25230000
"1177","Chile","CHL",2016,26380000
"1178","Chile","CHL",2017,27380000
"1179","Chile","CHL",2018,28330000
"1180","Chile","CHL",2019,28740000
"1181","Chile","CHL",2020,25470000
"1182","Chile","CHL",2021,27810000
"1183","Chile","CHL",2022,31190000
"1184","China","CHN",1990,94150000
"1185","China","CHN",1991,100620000
"1186","China","CHN",1992,111100000
"1187","China","CHN",1993,125700000
"1188","China","CHN",1994,116350000
"1189","China","CHN",1995,127370000
"1190","China","CHN",1996,169850000
"1191","China","CHN",1997,146130000
"1192","China","CHN",1998,140290000
"1193","China","CHN",1999,157360000
"1194","China","CHN",2000,248480000
"1195","China","CHN",2001,254250000
"1196","China","CHN",2002,276440000
"1197","China","CHN",2003,313140000
"1198","China","CHN",2004,371140000
"1199","China","CHN",2005,397309980
"1200","China","CHN",2006,434810000
"1201","China","CHN",2007,468580000
"1202","China","CHN",2008,507070000
"1203","China","CHN",2009,517070000
"1204","China","CHN",2010,568780000
"1205","China","CHN",2011,621890000
"1206","China","CHN",2012,686130000
"1207","China","CHN",2013,741090050
"1208","China","CHN",2014,770349950
"1209","China","CHN",2015,828460000
"1210","China","CHN",2016,845360000
"1211","China","CHN",2017,877820000
"1212","China","CHN",2018,950960000
"1213","China","CHN",2019,944370000
"1214","China","CHN",2020,901960000
"1215","China","CHN",2021,969450000
"1216","China","CHN",2022,885430000
"1217","Colombia","COL",1990,16350000
"1218","Colombia","COL",1991,17090000
"1219","Colombia","COL",1992,18010000
"1220","Colombia","COL",1993,18270000
"1221","Colombia","COL",1994,17040000
"1222","Colombia","COL",1995,20330000
"1223","Colombia","COL",1996,20860000
"1224","Colombia","COL",1997,21870000
"1225","Colombia","COL",1998,21410000
"1226","Colombia","COL",1999,19080000
"1227","Colombia","COL",2000,18560000
"1228","Colombia","COL",2001,19460000
"1229","Colombia","COL",2002,17260000
"1230","Colombia","COL",2003,17730000
"1231","Colombia","COL",2004,20240000
"1232","Colombia","COL",2005,19850000
"1233","Colombia","COL",2006,20810000
"1234","Colombia","COL",2007,21770000
"1235","Colombia","COL",2008,22090000
"1236","Colombia","COL",2009,20400000
"1237","Colombia","COL",2010,20630000
"1238","Colombia","COL",2011,25020000
"1239","Colombia","COL",2012,26380000
"1240","Colombia","COL",2013,24870000
"1241","Colombia","COL",2014,25870000
"1242","Colombia","COL",2015,27990000
"1243","Colombia","COL",2016,29220000
"1244","Colombia","COL",2017,29230000
"1245","Colombia","COL",2018,29800000
"1246","Colombia","COL",2019,31290000
"1247","Colombia","COL",2020,26950000
"1248","Colombia","COL",2021,34570000
"1249","Colombia","COL",2022,36090000
"1250","Comoros","COM",1990,40000
"1251","Comoros","COM",1991,50000
"1252","Comoros","COM",1992,50000
"1253","Comoros","COM",1993,50000
"1254","Comoros","COM",1994,50000
"1255","Comoros","COM",1995,50000
"1256","Comoros","COM",1996,50000
"1257","Comoros","COM",1997,50000
"1258","Comoros","COM",1998,60000
"1259","Comoros","COM",1999,60000
"1260","Comoros","COM",2000,70000
"1261","Comoros","COM",2001,70000
"1262","Comoros","COM",2002,70000
"1263","Comoros","COM",2003,90000
"1264","Comoros","COM",2004,1e+05
"1265","Comoros","COM",2005,90000
"1266","Comoros","COM",2006,110000
"1267","Comoros","COM",2007,50000
"1268","Comoros","COM",2008,60000
"1269","Comoros","COM",2009,80000
"1270","Comoros","COM",2010,90000
"1271","Comoros","COM",2011,80000
"1272","Comoros","COM",2012,80000
"1273","Comoros","COM",2013,120000
"1274","Comoros","COM",2014,1e+05
"1275","Comoros","COM",2015,110000
"1276","Comoros","COM",2016,129999.99
"1277","Comoros","COM",2017,150000
"1278","Comoros","COM",2018,160000
"1279","Comoros","COM",2019,180000
"1280","Comoros","COM",2020,220000
"1281","Comoros","COM",2021,330000
"1282","Comoros","COM",2022,350000
"1283","Congo","COG",1990,510000
"1284","Congo","COG",1991,540000
"1285","Congo","COG",1992,470000
"1286","Congo","COG",1993,470000
"1287","Congo","COG",1994,290000
"1288","Congo","COG",1995,420000
"1289","Congo","COG",1996,320000
"1290","Congo","COG",1997,250000
"1291","Congo","COG",1998,320000
"1292","Congo","COG",1999,310000
"1293","Congo","COG",2000,430000
"1294","Congo","COG",2001,550000
"1295","Congo","COG",2002,430000
"1296","Congo","COG",2003,6e+05
"1297","Congo","COG",2004,710000
"1298","Congo","COG",2005,720000
"1299","Congo","COG",2006,880000
"1300","Congo","COG",2007,960000
"1301","Congo","COG",2008,1180000
"1302","Congo","COG",2009,1280000
"1303","Congo","COG",2010,1480000
"1304","Congo","COG",2011,1650000
"1305","Congo","COG",2012,1600000
"1306","Congo","COG",2013,1910000
"1307","Congo","COG",2014,2020000
"1308","Congo","COG",2015,1700000
"1309","Congo","COG",2016,1450000
"1310","Congo","COG",2017,1320000
"1311","Congo","COG",2018,1290000
"1312","Congo","COG",2019,1300000
"1313","Congo","COG",2020,1220000
"1314","Congo","COG",2021,1230000
"1315","Congo","COG",2022,1260000
"1316","Cook Islands","COK",1990,30000
"1317","Cook Islands","COK",1991,30000
"1318","Cook Islands","COK",1992,30000
"1319","Cook Islands","COK",1993,30000
"1320","Cook Islands","COK",1994,30000
"1321","Cook Islands","COK",1995,30000
"1322","Cook Islands","COK",1996,40000
"1323","Cook Islands","COK",1997,40000
"1324","Cook Islands","COK",1998,40000
"1325","Cook Islands","COK",1999,40000
"1326","Cook Islands","COK",2000,40000
"1327","Cook Islands","COK",2001,30000
"1328","Cook Islands","COK",2002,20000
"1329","Cook Islands","COK",2003,30000
"1330","Cook Islands","COK",2004,30000
"1331","Cook Islands","COK",2005,40000
"1332","Cook Islands","COK",2006,40000
"1333","Cook Islands","COK",2007,40000
"1334","Cook Islands","COK",2008,40000
"1335","Cook Islands","COK",2009,40000
"1336","Cook Islands","COK",2010,50000
"1337","Cook Islands","COK",2011,50000
"1338","Cook Islands","COK",2012,60000
"1339","Cook Islands","COK",2013,60000
"1340","Cook Islands","COK",2014,60000
"1341","Cook Islands","COK",2015,60000
"1342","Cook Islands","COK",2016,60000
"1343","Cook Islands","COK",2017,60000
"1344","Cook Islands","COK",2018,60000
"1345","Cook Islands","COK",2019,60000
"1346","Cook Islands","COK",2020,50000
"1347","Cook Islands","COK",2021,50000
"1348","Cook Islands","COK",2022,50000
"1349","Costa Rica","CRI",1990,1590000
"1350","Costa Rica","CRI",1991,1650000
"1351","Costa Rica","CRI",1992,2390000
"1352","Costa Rica","CRI",1993,2470000
"1353","Costa Rica","CRI",1994,2590000
"1354","Costa Rica","CRI",1995,2590000
"1355","Costa Rica","CRI",1996,2610000
"1356","Costa Rica","CRI",1997,2670000
"1357","Costa Rica","CRI",1998,2960000
"1358","Costa Rica","CRI",1999,3070000
"1359","Costa Rica","CRI",2000,2970000
"1360","Costa Rica","CRI",2001,3170000
"1361","Costa Rica","CRI",2002,3510000
"1362","Costa Rica","CRI",2003,3590000
"1363","Costa Rica","CRI",2004,3850000
"1364","Costa Rica","CRI",2005,3770000
"1365","Costa Rica","CRI",2006,3980000
"1366","Costa Rica","CRI",2007,4270000
"1367","Costa Rica","CRI",2008,4380000
"1368","Costa Rica","CRI",2009,4440000
"1369","Costa Rica","CRI",2010,4560000
"1370","Costa Rica","CRI",2011,4680000
"1371","Costa Rica","CRI",2012,4790000
"1372","Costa Rica","CRI",2013,4870000
"1373","Costa Rica","CRI",2014,4970000
"1374","Costa Rica","CRI",2015,5310000
"1375","Costa Rica","CRI",2016,5750000
"1376","Costa Rica","CRI",2017,5860000
"1377","Costa Rica","CRI",2018,5880000
"1378","Costa Rica","CRI",2019,5970000
"1379","Costa Rica","CRI",2020,4990000
"1380","Costa Rica","CRI",2021,5690000
"1381","Costa Rica","CRI",2022,5710000
"1382","Cote d'Ivoire","CIV",1990,1190000
"1383","Cote d'Ivoire","CIV",1991,1180000
"1384","Cote d'Ivoire","CIV",1992,1140000
"1385","Cote d'Ivoire","CIV",1993,1100000
"1386","Cote d'Ivoire","CIV",1994,1090000
"1387","Cote d'Ivoire","CIV",1995,1230000
"1388","Cote d'Ivoire","CIV",1996,1250000
"1389","Cote d'Ivoire","CIV",1997,1380000
"1390","Cote d'Ivoire","CIV",1998,1210000
"1391","Cote d'Ivoire","CIV",1999,1420000
"1392","Cote d'Ivoire","CIV",2000,1290000
"1393","Cote d'Ivoire","CIV",2001,1260000
"1394","Cote d'Ivoire","CIV",2002,1410000
"1395","Cote d'Ivoire","CIV",2003,1039999.94
"1396","Cote d'Ivoire","CIV",2004,1140000
"1397","Cote d'Ivoire","CIV",2005,1230000
"1398","Cote d'Ivoire","CIV",2006,1280000
"1399","Cote d'Ivoire","CIV",2007,1290000
"1400","Cote d'Ivoire","CIV",2008,1560000
"1401","Cote d'Ivoire","CIV",2009,1550000
"1402","Cote d'Ivoire","CIV",2010,1480000
"1403","Cote d'Ivoire","CIV",2011,1580000
"1404","Cote d'Ivoire","CIV",2012,2360000
"1405","Cote d'Ivoire","CIV",2013,2560000
"1406","Cote d'Ivoire","CIV",2014,2700000
"1407","Cote d'Ivoire","CIV",2015,3170000
"1408","Cote d'Ivoire","CIV",2016,3840000
"1409","Cote d'Ivoire","CIV",2017,3570000
"1410","Cote d'Ivoire","CIV",2018,3970000
"1411","Cote d'Ivoire","CIV",2019,4240000
"1412","Cote d'Ivoire","CIV",2020,4159999.8
"1413","Cote d'Ivoire","CIV",2021,6790000
"1414","Cote d'Ivoire","CIV",2022,7420000
"1415","Croatia","HRV",1990,3570000
"1416","Croatia","HRV",1991,2850000
"1417","Croatia","HRV",1992,2690000
"1418","Croatia","HRV",1993,2830000
"1419","Croatia","HRV",1994,3020000
"1420","Croatia","HRV",1995,3210000
"1421","Croatia","HRV",1996,3600000
"1422","Croatia","HRV",1997,3800000
"1423","Croatia","HRV",1998,3940000
"1424","Croatia","HRV",1999,4230000
"1425","Croatia","HRV",2000,4320000
"1426","Croatia","HRV",2001,4380000
"1427","Croatia","HRV",2002,4680000
"1428","Croatia","HRV",2003,5080000
"1429","Croatia","HRV",2004,5220000
"1430","Croatia","HRV",2005,5430000
"1431","Croatia","HRV",2006,5780000
"1432","Croatia","HRV",2007,6210000
"1433","Croatia","HRV",2008,6150000
"1434","Croatia","HRV",2009,6110000
"1435","Croatia","HRV",2010,5870000
"1436","Croatia","HRV",2011,5760000
"1437","Croatia","HRV",2012,5550000
"1438","Croatia","HRV",2013,5630000
"1439","Croatia","HRV",2014,5580000
"1440","Croatia","HRV",2015,5890000
"1441","Croatia","HRV",2016,6100000
"1442","Croatia","HRV",2017,6570000
"1443","Croatia","HRV",2018,6340000
"1444","Croatia","HRV",2019,6510000
"1445","Croatia","HRV",2020,5710000
"1446","Croatia","HRV",2021,6160000
"1447","Croatia","HRV",2022,6650000
"1448","Cuba","CUB",1990,5070000
"1449","Cuba","CUB",1991,3720000
"1450","Cuba","CUB",1992,2600000
"1451","Cuba","CUB",1993,1950000
"1452","Cuba","CUB",1994,1890000
"1453","Cuba","CUB",1995,1970000
"1454","Cuba","CUB",1996,2200000
"1455","Cuba","CUB",1997,2760000
"1456","Cuba","CUB",1998,2490000
"1457","Cuba","CUB",1999,2350000
"1458","Cuba","CUB",2000,2170000
"1459","Cuba","CUB",2001,2210000
"1460","Cuba","CUB",2002,2060000
"1461","Cuba","CUB",2003,1890000
"1462","Cuba","CUB",2004,1970000
"1463","Cuba","CUB",2005,1910000
"1464","Cuba","CUB",2006,1830000
"1465","Cuba","CUB",2007,1850000
"1466","Cuba","CUB",2008,1820000
"1467","Cuba","CUB",2009,1410000
"1468","Cuba","CUB",2010,1250000
"1469","Cuba","CUB",2011,1220000
"1470","Cuba","CUB",2012,1060000
"1471","Cuba","CUB",2013,1240000
"1472","Cuba","CUB",2014,1400000
"1473","Cuba","CUB",2015,1520000
"1474","Cuba","CUB",2016,1510000
"1475","Cuba","CUB",2017,1650000
"1476","Cuba","CUB",2018,1620000
"1477","Cuba","CUB",2019,1470000
"1478","Cuba","CUB",2020,1210000
"1479","Cuba","CUB",2021,1200000
"1480","Cuba","CUB",2022,1190000
"1481","Cyprus","CYP",1990,1170000
"1482","Cyprus","CYP",1991,1160000
"1483","Cyprus","CYP",1992,1310000
"1484","Cyprus","CYP",1993,1330000
"1485","Cyprus","CYP",1994,1380000
"1486","Cyprus","CYP",1995,1470000
"1487","Cyprus","CYP",1996,1520000
"1488","Cyprus","CYP",1997,1580000
"1489","Cyprus","CYP",1998,1660000
"1490","Cyprus","CYP",1999,1700000
"1491","Cyprus","CYP",2000,1740000
"1492","Cyprus","CYP",2001,1800000
"1493","Cyprus","CYP",2002,1780000
"1494","Cyprus","CYP",2003,1890000
"1495","Cyprus","CYP",2004,1990000
"1496","Cyprus","CYP",2005,2030000
"1497","Cyprus","CYP",2006,2010000
"1498","Cyprus","CYP",2007,2150000
"1499","Cyprus","CYP",2008,2190000
"1500","Cyprus","CYP",2009,2190000
"1501","Cyprus","CYP",2010,2240000
"1502","Cyprus","CYP",2011,2170000
"1503","Cyprus","CYP",2012,2e+06
"1504","Cyprus","CYP",2013,1800000
"1505","Cyprus","CYP",2014,1750000
"1506","Cyprus","CYP",2015,1820000
"1507","Cyprus","CYP",2016,1930000
"1508","Cyprus","CYP",2017,2e+06
"1509","Cyprus","CYP",2018,2020000
"1510","Cyprus","CYP",2019,2040000
"1511","Cyprus","CYP",2020,1770000
"1512","Cyprus","CYP",2021,1900000
"1513","Cyprus","CYP",2022,1880000
"1514","Czechia","CZE",1990,6950000
"1515","Czechia","CZE",1991,6170000
"1516","Czechia","CZE",1992,7920000
"1517","Czechia","CZE",1993,7960000
"1518","Czechia","CZE",1994,8540000
"1519","Czechia","CZE",1995,7250000
"1520","Czechia","CZE",1996,10080000
"1521","Czechia","CZE",1997,10390000
"1522","Czechia","CZE",1998,10670000
"1523","Czechia","CZE",1999,11760000
"1524","Czechia","CZE",2000,11870000
"1525","Czechia","CZE",2001,12750000
"1526","Czechia","CZE",2002,13290000
"1527","Czechia","CZE",2003,15120000
"1528","Czechia","CZE",2004,15850000
"1529","Czechia","CZE",2005,17150000
"1530","Czechia","CZE",2006,17450000
"1531","Czechia","CZE",2007,18410000
"1532","Czechia","CZE",2008,18260000
"1533","Czechia","CZE",2009,17630000
"1534","Czechia","CZE",2010,16600000
"1535","Czechia","CZE",2011,16469999
"1536","Czechia","CZE",2012,16139999
"1537","Czechia","CZE",2013,1.6e+07
"1538","Czechia","CZE",2014,16510000
"1539","Czechia","CZE",2015,17320000
"1540","Czechia","CZE",2016,1.8e+07
"1541","Czechia","CZE",2017,18540000
"1542","Czechia","CZE",2018,18670000
"1543","Czechia","CZE",2019,18890000
"1544","Czechia","CZE",2020,17590000
"1545","Czechia","CZE",2021,18770000
"1546","Czechia","CZE",2022,19240000
"1547","Democratic Republic of Congo","COD",1990,570000
"1548","Democratic Republic of Congo","COD",1991,480000
"1549","Democratic Republic of Congo","COD",1992,440000
"1550","Democratic Republic of Congo","COD",1993,440000
"1551","Democratic Republic of Congo","COD",1994,450000
"1552","Democratic Republic of Congo","COD",1995,450000
"1553","Democratic Republic of Congo","COD",1996,450000
"1554","Democratic Republic of Congo","COD",1997,450000
"1555","Democratic Republic of Congo","COD",1998,450000
"1556","Democratic Republic of Congo","COD",1999,440000
"1557","Democratic Republic of Congo","COD",2000,790000
"1558","Democratic Republic of Congo","COD",2001,650000
"1559","Democratic Republic of Congo","COD",2002,690000
"1560","Democratic Republic of Congo","COD",2003,820000
"1561","Democratic Republic of Congo","COD",2004,890000
"1562","Democratic Republic of Congo","COD",2005,1110000
"1563","Democratic Republic of Congo","COD",2006,1200000
"1564","Democratic Republic of Congo","COD",2007,1330000
"1565","Democratic Republic of Congo","COD",2008,1520000
"1566","Democratic Republic of Congo","COD",2009,1520000
"1567","Democratic Republic of Congo","COD",2010,1650000
"1568","Democratic Republic of Congo","COD",2011,2130000
"1569","Democratic Republic of Congo","COD",2012,2110000
"1570","Democratic Republic of Congo","COD",2013,2470000
"1571","Democratic Republic of Congo","COD",2014,2880000
"1572","Democratic Republic of Congo","COD",2015,2770000
"1573","Democratic Republic of Congo","COD",2016,2210000
"1574","Democratic Republic of Congo","COD",2017,2270000
"1575","Democratic Republic of Congo","COD",2018,3130000
"1576","Democratic Republic of Congo","COD",2019,3290000
"1577","Democratic Republic of Congo","COD",2020,3450000
"1578","Democratic Republic of Congo","COD",2021,3320000
"1579","Democratic Republic of Congo","COD",2022,4770000
"1580","Denmark","DNK",1990,10190000
"1581","Denmark","DNK",1991,10750000
"1582","Denmark","DNK",1992,10810000
"1583","Denmark","DNK",1993,10970000
"1584","Denmark","DNK",1994,11390000
"1585","Denmark","DNK",1995,11600000
"1586","Denmark","DNK",1996,11720000
"1587","Denmark","DNK",1997,11900000
"1588","Denmark","DNK",1998,11930000
"1589","Denmark","DNK",1999,11960000
"1590","Denmark","DNK",2000,11930000
"1591","Denmark","DNK",2001,12030000
"1592","Denmark","DNK",2002,12180000
"1593","Denmark","DNK",2003,12660000
"1594","Denmark","DNK",2004,12950000
"1595","Denmark","DNK",2005,13170000
"1596","Denmark","DNK",2006,13470000
"1597","Denmark","DNK",2007,14020000
"1598","Denmark","DNK",2008,13870000
"1599","Denmark","DNK",2009,13140000
"1600","Denmark","DNK",2010,12990000
"1601","Denmark","DNK",2011,12640000
"1602","Denmark","DNK",2012,11590000
"1603","Denmark","DNK",2013,11380000
"1604","Denmark","DNK",2014,11470000
"1605","Denmark","DNK",2015,1.2e+07
"1606","Denmark","DNK",2016,12160000
"1607","Denmark","DNK",2017,12140000
"1608","Denmark","DNK",2018,12310000
"1609","Denmark","DNK",2019,12040000
"1610","Denmark","DNK",2020,11050000
"1611","Denmark","DNK",2021,11250000
"1612","Denmark","DNK",2022,11140000
"1613","Djibouti","DJI",1990,40000
"1614","Djibouti","DJI",1991,50000
"1615","Djibouti","DJI",1992,50000
"1616","Djibouti","DJI",1993,50000
"1617","Djibouti","DJI",1994,50000
"1618","Djibouti","DJI",1995,60000
"1619","Djibouti","DJI",1996,50000
"1620","Djibouti","DJI",1997,60000
"1621","Djibouti","DJI",1998,1e+05
"1622","Djibouti","DJI",1999,110000
"1623","Djibouti","DJI",2000,70000
"1624","Djibouti","DJI",2001,70000
"1625","Djibouti","DJI",2002,60000
"1626","Djibouti","DJI",2003,60000
"1627","Djibouti","DJI",2004,60000
"1628","Djibouti","DJI",2005,70000
"1629","Djibouti","DJI",2006,70000
"1630","Djibouti","DJI",2007,80000
"1631","Djibouti","DJI",2008,80000
"1632","Djibouti","DJI",2009,60000
"1633","Djibouti","DJI",2010,90000
"1634","Djibouti","DJI",2011,70000
"1635","Djibouti","DJI",2012,50000
"1636","Djibouti","DJI",2013,110000
"1637","Djibouti","DJI",2014,120000
"1638","Djibouti","DJI",2015,110000
"1639","Djibouti","DJI",2016,140000
"1640","Djibouti","DJI",2017,150000
"1641","Djibouti","DJI",2018,170000
"1642","Djibouti","DJI",2019,170000
"1643","Djibouti","DJI",2020,129999.99
"1644","Djibouti","DJI",2021,150000
"1645","Djibouti","DJI",2022,160000
"1646","Dominica","DMA",1990,40000
"1647","Dominica","DMA",1991,40000
"1648","Dominica","DMA",1992,40000
"1649","Dominica","DMA",1993,40000
"1650","Dominica","DMA",1994,50000
"1651","Dominica","DMA",1995,50000
"1652","Dominica","DMA",1996,40000
"1653","Dominica","DMA",1997,50000
"1654","Dominica","DMA",1998,50000
"1655","Dominica","DMA",1999,60000
"1656","Dominica","DMA",2000,80000
"1657","Dominica","DMA",2001,90000
"1658","Dominica","DMA",2002,60000
"1659","Dominica","DMA",2003,70000
"1660","Dominica","DMA",2004,60000
"1661","Dominica","DMA",2005,60000
"1662","Dominica","DMA",2006,60000
"1663","Dominica","DMA",2007,70000
"1664","Dominica","DMA",2008,60000
"1665","Dominica","DMA",2009,80000
"1666","Dominica","DMA",2010,50000
"1667","Dominica","DMA",2011,50000
"1668","Dominica","DMA",2012,50000
"1669","Dominica","DMA",2013,50000
"1670","Dominica","DMA",2014,60000
"1671","Dominica","DMA",2015,60000
"1672","Dominica","DMA",2016,60000
"1673","Dominica","DMA",2017,50000
"1674","Dominica","DMA",2018,70000
"1675","Dominica","DMA",2019,60000
"1676","Dominica","DMA",2020,40000
"1677","Dominica","DMA",2021,40000
"1678","Dominica","DMA",2022,50000
"1679","Dominican Republic","DOM",1990,2310000
"1680","Dominican Republic","DOM",1991,2280000
"1681","Dominican Republic","DOM",1992,2450000
"1682","Dominican Republic","DOM",1993,2660000
"1683","Dominican Republic","DOM",1994,3150000
"1684","Dominican Republic","DOM",1995,3510000
"1685","Dominican Republic","DOM",1996,3890000
"1686","Dominican Republic","DOM",1997,4460000
"1687","Dominican Republic","DOM",1998,4880000
"1688","Dominican Republic","DOM",1999,5200000
"1689","Dominican Republic","DOM",2000,5330000
"1690","Dominican Republic","DOM",2001,5340000
"1691","Dominican Republic","DOM",2002,5730000
"1692","Dominican Republic","DOM",2003,5260000
"1693","Dominican Republic","DOM",2004,5440000
"1694","Dominican Republic","DOM",2005,5760000
"1695","Dominican Republic","DOM",2006,5860000
"1696","Dominican Republic","DOM",2007,5950000
"1697","Dominican Republic","DOM",2008,5440000
"1698","Dominican Republic","DOM",2009,5640000
"1699","Dominican Republic","DOM",2010,5740000
"1700","Dominican Republic","DOM",2011,6050000
"1701","Dominican Republic","DOM",2012,6560000
"1702","Dominican Republic","DOM",2013,5790000
"1703","Dominican Republic","DOM",2014,5050000
"1704","Dominican Republic","DOM",2015,6130000
"1705","Dominican Republic","DOM",2016,6630000
"1706","Dominican Republic","DOM",2017,6510000
"1707","Dominican Republic","DOM",2018,7170000
"1708","Dominican Republic","DOM",2019,7640000
"1709","Dominican Republic","DOM",2020,6860000
"1710","Dominican Republic","DOM",2021,8010000
"1711","Dominican Republic","DOM",2022,8680000
"1712","East Timor","TLS",2002,110000
"1713","East Timor","TLS",2003,1e+05
"1714","East Timor","TLS",2004,120000
"1715","East Timor","TLS",2005,120000
"1716","East Timor","TLS",2006,120000
"1717","East Timor","TLS",2007,110000
"1718","East Timor","TLS",2008,110000
"1719","East Timor","TLS",2009,120000
"1720","East Timor","TLS",2010,120000
"1721","East Timor","TLS",2011,129999.99
"1722","East Timor","TLS",2012,190000
"1723","East Timor","TLS",2013,180000
"1724","East Timor","TLS",2014,240000
"1725","East Timor","TLS",2015,230000
"1726","East Timor","TLS",2016,350000
"1727","East Timor","TLS",2017,3e+05
"1728","East Timor","TLS",2018,3e+05
"1729","East Timor","TLS",2019,310000
"1730","East Timor","TLS",2020,3e+05
"1731","East Timor","TLS",2021,259999.98
"1732","East Timor","TLS",2022,250000
"1733","Ecuador","ECU",1990,7830000
"1734","Ecuador","ECU",1991,8010000
"1735","Ecuador","ECU",1992,8130000
"1736","Ecuador","ECU",1993,8160000
"1737","Ecuador","ECU",1994,8680000
"1738","Ecuador","ECU",1995,8270000.5
"1739","Ecuador","ECU",1996,10070000
"1740","Ecuador","ECU",1997,10670000
"1741","Ecuador","ECU",1998,9980000
"1742","Ecuador","ECU",1999,9050000
"1743","Ecuador","ECU",2000,7990000
"1744","Ecuador","ECU",2001,8480000
"1745","Ecuador","ECU",2002,8820000
"1746","Ecuador","ECU",2003,9150000
"1747","Ecuador","ECU",2004,9470000
"1748","Ecuador","ECU",2005,9910000
"1749","Ecuador","ECU",2006,10200000
"1750","Ecuador","ECU",2007,1e+07
"1751","Ecuador","ECU",2008,9960000
"1752","Ecuador","ECU",2009,10480000
"1753","Ecuador","ECU",2010,12660000
"1754","Ecuador","ECU",2011,13700000
"1755","Ecuador","ECU",2012,14180000
"1756","Ecuador","ECU",2013,15120000
"1757","Ecuador","ECU",2014,16260000
"1758","Ecuador","ECU",2015,16930000
"1759","Ecuador","ECU",2016,17100000
"1760","Ecuador","ECU",2017,18200000
"1761","Ecuador","ECU",2018,19160000
"1762","Ecuador","ECU",2019,19460000
"1763","Ecuador","ECU",2020,15830000
"1764","Ecuador","ECU",2021,19160000
"1765","Ecuador","ECU",2022,20550000
"1766","Egypt","EGY",1990,16150000
"1767","Egypt","EGY",1991,16900000
"1768","Egypt","EGY",1992,17570000
"1769","Egypt","EGY",1993,18280000
"1770","Egypt","EGY",1994,20020000
"1771","Egypt","EGY",1995,21230000
"1772","Egypt","EGY",1996,22480000
"1773","Egypt","EGY",1997,24070000
"1774","Egypt","EGY",1998,26720000
"1775","Egypt","EGY",1999,28390000
"1776","Egypt","EGY",2000,29250000
"1777","Egypt","EGY",2001,28160000
"1778","Egypt","EGY",2002,29020000
"1779","Egypt","EGY",2003,30640000
"1780","Egypt","EGY",2004,31340000
"1781","Egypt","EGY",2005,30790000
"1782","Egypt","EGY",2006,33460000
"1783","Egypt","EGY",2007,37030000
"1784","Egypt","EGY",2008,39050000
"1785","Egypt","EGY",2009,41780000
"1786","Egypt","EGY",2010,44840000
"1787","Egypt","EGY",2011,46770000
"1788","Egypt","EGY",2012,50900000
"1789","Egypt","EGY",2013,51400000
"1790","Egypt","EGY",2014,53600000
"1791","Egypt","EGY",2015,54980000
"1792","Egypt","EGY",2016,57400000
"1793","Egypt","EGY",2017,55710000
"1794","Egypt","EGY",2018,56160000
"1795","Egypt","EGY",2019,51960000
"1796","Egypt","EGY",2020,53420000
"1797","Egypt","EGY",2021,59190000
"1798","Egypt","EGY",2022,56540000
"1799","El Salvador","SLV",1990,1270000
"1800","El Salvador","SLV",1991,1380000
"1801","El Salvador","SLV",1992,1600000
"1802","El Salvador","SLV",1993,1750000
"1803","El Salvador","SLV",1994,1860000
"1804","El Salvador","SLV",1995,2120000
"1805","El Salvador","SLV",1996,2100000
"1806","El Salvador","SLV",1997,2130000
"1807","El Salvador","SLV",1998,2290000
"1808","El Salvador","SLV",1999,2610000
"1809","El Salvador","SLV",2000,2530000
"1810","El Salvador","SLV",2001,2540000
"1811","El Salvador","SLV",2002,2470000
"1812","El Salvador","SLV",2003,2680000
"1813","El Salvador","SLV",2004,2840000
"1814","El Salvador","SLV",2005,3060000
"1815","El Salvador","SLV",2006,2940000
"1816","El Salvador","SLV",2007,3150000
"1817","El Salvador","SLV",2008,2950000
"1818","El Salvador","SLV",2009,3060000
"1819","El Salvador","SLV",2010,3010000
"1820","El Salvador","SLV",2011,3110000
"1821","El Salvador","SLV",2012,2740000
"1822","El Salvador","SLV",2013,2780000
"1823","El Salvador","SLV",2014,2800000
"1824","El Salvador","SLV",2015,3300000
"1825","El Salvador","SLV",2016,3440000
"1826","El Salvador","SLV",2017,3360000
"1827","El Salvador","SLV",2018,3470000
"1828","El Salvador","SLV",2019,3740000
"1829","El Salvador","SLV",2020,3190000
"1830","El Salvador","SLV",2021,3930000
"1831","El Salvador","SLV",2022,4139999.8
"1832","Equatorial Guinea","GNQ",1990,10000
"1833","Equatorial Guinea","GNQ",1991,10000
"1834","Equatorial Guinea","GNQ",1992,10000
"1835","Equatorial Guinea","GNQ",1993,20000
"1836","Equatorial Guinea","GNQ",1994,20000
"1837","Equatorial Guinea","GNQ",1995,20000
"1838","Equatorial Guinea","GNQ",1996,40000
"1839","Equatorial Guinea","GNQ",1997,90000
"1840","Equatorial Guinea","GNQ",1998,80000
"1841","Equatorial Guinea","GNQ",1999,120000
"1842","Equatorial Guinea","GNQ",2000,180000
"1843","Equatorial Guinea","GNQ",2001,210000
"1844","Equatorial Guinea","GNQ",2002,290000
"1845","Equatorial Guinea","GNQ",2003,340000
"1846","Equatorial Guinea","GNQ",2004,350000
"1847","Equatorial Guinea","GNQ",2005,390000
"1848","Equatorial Guinea","GNQ",2006,430000
"1849","Equatorial Guinea","GNQ",2007,460000
"1850","Equatorial Guinea","GNQ",2008,470000
"1851","Equatorial Guinea","GNQ",2009,490000
"1852","Equatorial Guinea","GNQ",2010,510000
"1853","Equatorial Guinea","GNQ",2011,530000
"1854","Equatorial Guinea","GNQ",2012,550000
"1855","Equatorial Guinea","GNQ",2013,580000
"1856","Equatorial Guinea","GNQ",2014,590000
"1857","Equatorial Guinea","GNQ",2015,610000
"1858","Equatorial Guinea","GNQ",2016,630000
"1859","Equatorial Guinea","GNQ",2017,510000
"1860","Equatorial Guinea","GNQ",2018,480000
"1861","Equatorial Guinea","GNQ",2019,519999.97
"1862","Equatorial Guinea","GNQ",2020,430000
"1863","Equatorial Guinea","GNQ",2021,440000
"1864","Equatorial Guinea","GNQ",2022,430000
"1865","Eritrea","ERI",1992,110000
"1866","Eritrea","ERI",1993,210000
"1867","Eritrea","ERI",1994,290000
"1868","Eritrea","ERI",1995,330000
"1869","Eritrea","ERI",1996,380000
"1870","Eritrea","ERI",1997,360000
"1871","Eritrea","ERI",1998,230000
"1872","Eritrea","ERI",1999,210000
"1873","Eritrea","ERI",2000,2e+05
"1874","Eritrea","ERI",2001,250000
"1875","Eritrea","ERI",2002,270000
"1876","Eritrea","ERI",2003,270000
"1877","Eritrea","ERI",2004,259999.98
"1878","Eritrea","ERI",2005,180000
"1879","Eritrea","ERI",2006,160000
"1880","Eritrea","ERI",2007,140000
"1881","Eritrea","ERI",2008,120000
"1882","Eritrea","ERI",2009,120000
"1883","Eritrea","ERI",2010,140000
"1884","Eritrea","ERI",2011,240000
"1885","Eritrea","ERI",2012,210000
"1886","Eritrea","ERI",2013,190000
"1887","Eritrea","ERI",2014,190000
"1888","Eritrea","ERI",2015,190000
"1889","Eritrea","ERI",2016,2e+05
"1890","Eritrea","ERI",2017,190000
"1891","Eritrea","ERI",2018,220000
"1892","Eritrea","ERI",2019,220000
"1893","Eritrea","ERI",2020,220000
"1894","Eritrea","ERI",2021,220000
"1895","Eritrea","ERI",2022,240000
"1896","Estonia","EST",1990,2400000
"1897","Estonia","EST",1991,2170000
"1898","Estonia","EST",1992,1130000
"1899","Estonia","EST",1993,1270000
"1900","Estonia","EST",1994,1560000
"1901","Estonia","EST",1995,1540000
"1902","Estonia","EST",1996,1630000
"1903","Estonia","EST",1997,1720000
"1904","Estonia","EST",1998,1780000
"1905","Estonia","EST",1999,1650000
"1906","Estonia","EST",2000,1650000
"1907","Estonia","EST",2001,1970000
"1908","Estonia","EST",2002,2069999.9
"1909","Estonia","EST",2003,2e+06
"1910","Estonia","EST",2004,2040000
"1911","Estonia","EST",2005,2150000
"1912","Estonia","EST",2006,2300000
"1913","Estonia","EST",2007,2410000
"1914","Estonia","EST",2008,2320000
"1915","Estonia","EST",2009,2130000
"1916","Estonia","EST",2010,2240000
"1917","Estonia","EST",2011,2240000
"1918","Estonia","EST",2012,2280000
"1919","Estonia","EST",2013,2230000
"1920","Estonia","EST",2014,2230000
"1921","Estonia","EST",2015,2300000
"1922","Estonia","EST",2016,2350000
"1923","Estonia","EST",2017,2430000
"1924","Estonia","EST",2018,2470000
"1925","Estonia","EST",2019,2440000
"1926","Estonia","EST",2020,2270000
"1927","Estonia","EST",2021,2390000
"1928","Estonia","EST",2022,2470000
"1929","Eswatini","SWZ",1990,450000
"1930","Eswatini","SWZ",1991,460000
"1931","Eswatini","SWZ",1992,440000
"1932","Eswatini","SWZ",1993,440000
"1933","Eswatini","SWZ",1994,450000
"1934","Eswatini","SWZ",1995,450000
"1935","Eswatini","SWZ",1996,3e+05
"1936","Eswatini","SWZ",1997,410000
"1937","Eswatini","SWZ",1998,430000
"1938","Eswatini","SWZ",1999,490000
"1939","Eswatini","SWZ",2000,510000
"1940","Eswatini","SWZ",2001,440000
"1941","Eswatini","SWZ",2002,450000
"1942","Eswatini","SWZ",2003,470000
"1943","Eswatini","SWZ",2004,470000
"1944","Eswatini","SWZ",2005,5e+05
"1945","Eswatini","SWZ",2006,5e+05
"1946","Eswatini","SWZ",2007,519999.97
"1947","Eswatini","SWZ",2008,490000
"1948","Eswatini","SWZ",2009,560000
"1949","Eswatini","SWZ",2010,590000
"1950","Eswatini","SWZ",2011,519999.97
"1951","Eswatini","SWZ",2012,519999.97
"1952","Eswatini","SWZ",2013,670000
"1953","Eswatini","SWZ",2014,670000
"1954","Eswatini","SWZ",2015,570000
"1955","Eswatini","SWZ",2016,480000
"1956","Eswatini","SWZ",2017,590000
"1957","Eswatini","SWZ",2018,590000
"1958","Eswatini","SWZ",2019,690000
"1959","Eswatini","SWZ",2020,750000
"1960","Eswatini","SWZ",2021,730000
"1961","Eswatini","SWZ",2022,860000
"1962","Ethiopia","ETH",1990,930000
"1963","Ethiopia","ETH",1991,930000
"1964","Ethiopia","ETH",1992,730000
"1965","Ethiopia","ETH",1993,880000
"1966","Ethiopia","ETH",1994,980000
"1967","Ethiopia","ETH",1995,1090000
"1968","Ethiopia","ETH",1996,1210000
"1969","Ethiopia","ETH",1997,1280000
"1970","Ethiopia","ETH",1998,1410000
"1971","Ethiopia","ETH",1999,1450000
"1972","Ethiopia","ETH",2000,1590000
"1973","Ethiopia","ETH",2001,1990000
"1974","Ethiopia","ETH",2002,2079999.9
"1975","Ethiopia","ETH",2003,2170000
"1976","Ethiopia","ETH",2004,2340000
"1977","Ethiopia","ETH",2005,2120000
"1978","Ethiopia","ETH",2006,2260000
"1979","Ethiopia","ETH",2007,2450000
"1980","Ethiopia","ETH",2008,2540000
"1981","Ethiopia","ETH",2009,2650000
"1982","Ethiopia","ETH",2010,2710000
"1983","Ethiopia","ETH",2011,2860000
"1984","Ethiopia","ETH",2012,3250000
"1985","Ethiopia","ETH",2013,3800000
"1986","Ethiopia","ETH",2014,4240000
"1987","Ethiopia","ETH",2015,4710000
"1988","Ethiopia","ETH",2016,5730000
"1989","Ethiopia","ETH",2017,6070000
"1990","Ethiopia","ETH",2018,6740000
"1991","Ethiopia","ETH",2019,7530000
"1992","Ethiopia","ETH",2020,6910000
"1993","Ethiopia","ETH",2021,7500000
"1994","Ethiopia","ETH",2022,7280000
"1995","Europe",NA,1990,1158460000
"1996","Europe",NA,1991,1171220000
"1997","Europe",NA,1992,1150750000
"1998","Europe",NA,1993,1104390000
"1999","Europe",NA,1994,1074670000
"2000","Europe",NA,1995,1067610000
"2001","Europe",NA,1996,1086170000
"2002","Europe",NA,1997,1091740000
"2003","Europe",NA,1998,1147130000
"2004","Europe",NA,1999,1161920000
"2005","Europe",NA,2000,1150550000
"2006","Europe",NA,2001,1173070000
"2007","Europe",NA,2002,1188310000
"2008","Europe",NA,2003,1213790000
"2009","Europe",NA,2004,1254320000
"2010","Europe",NA,2005,1253560000
"2011","Europe",NA,2006,1277970000
"2012","Europe",NA,2007,1298860000
"2013","Europe",NA,2008,1293410000
"2014","Europe",NA,2009,1237300000
"2015","Europe",NA,2010,1247880000
"2016","Europe",NA,2011,1245710000
"2017","Europe",NA,2012,1199800000
"2018","Europe",NA,2013,1194430000
"2019","Europe",NA,2014,1201060000
"2020","Europe",NA,2015,1212780000
"2021","Europe",NA,2016,1236140000
"2022","Europe",NA,2017,1258360000
"2023","Europe",NA,2018,1268870000
"2024","Europe",NA,2019,1280060000
"2025","Europe",NA,2020,1110660000
"2026","Europe",NA,2021,1207070000
"2027","Europe",NA,2022,1214199900
"2028","European Union (27)",NA,1990,642660030
"2029","European Union (27)",NA,1991,651030000
"2030","European Union (27)",NA,1992,668939970
"2031","European Union (27)",NA,1993,674020000
"2032","European Union (27)",NA,1994,678660000
"2033","European Union (27)",NA,1995,687310000
"2034","European Union (27)",NA,1996,710030000
"2035","European Union (27)",NA,1997,721310000
"2036","European Union (27)",NA,1998,750510000
"2037","European Union (27)",NA,1999,768330000
"2038","European Union (27)",NA,2000,768240000
"2039","European Union (27)",NA,2001,782770000
"2040","European Union (27)",NA,2002,790800000
"2041","European Union (27)",NA,2003,804990000
"2042","European Union (27)",NA,2004,824590000
"2043","European Union (27)",NA,2005,822880000
"2044","European Union (27)",NA,2006,834740000
"2045","European Union (27)",NA,2007,843300030
"2046","European Union (27)",NA,2008,826610000
"2047","European Union (27)",NA,2009,800080000
"2048","European Union (27)",NA,2010,793710000
"2049","European Union (27)",NA,2011,787660000
"2050","European Union (27)",NA,2012,757330000
"2051","European Union (27)",NA,2013,750350000
"2052","European Union (27)",NA,2014,757130000
"2053","European Union (27)",NA,2015,771880000
"2054","European Union (27)",NA,2016,790800000
"2055","European Union (27)",NA,2017,805650000
"2056","European Union (27)",NA,2018,805250000
"2057","European Union (27)",NA,2019,811800000
"2058","European Union (27)",NA,2020,699780000
"2059","European Union (27)",NA,2021,757700030
"2060","European Union (27)",NA,2022,780050000
"2061","Fiji","FJI",1990,410000
"2062","Fiji","FJI",1991,420000
"2063","Fiji","FJI",1992,450000
"2064","Fiji","FJI",1993,430000
"2065","Fiji","FJI",1994,420000
"2066","Fiji","FJI",1995,430000
"2067","Fiji","FJI",1996,430000
"2068","Fiji","FJI",1997,430000
"2069","Fiji","FJI",1998,420000
"2070","Fiji","FJI",1999,420000
"2071","Fiji","FJI",2000,460000
"2072","Fiji","FJI",2001,560000
"2073","Fiji","FJI",2002,440000
"2074","Fiji","FJI",2003,470000
"2075","Fiji","FJI",2004,510000
"2076","Fiji","FJI",2005,480000
"2077","Fiji","FJI",2006,530000
"2078","Fiji","FJI",2007,540000
"2079","Fiji","FJI",2008,380000
"2080","Fiji","FJI",2009,3e+05
"2081","Fiji","FJI",2010,470000
"2082","Fiji","FJI",2011,460000
"2083","Fiji","FJI",2012,460000
"2084","Fiji","FJI",2013,570000
"2085","Fiji","FJI",2014,630000
"2086","Fiji","FJI",2015,620000
"2087","Fiji","FJI",2016,620000
"2088","Fiji","FJI",2017,670000
"2089","Fiji","FJI",2018,740000
"2090","Fiji","FJI",2019,740000
"2091","Fiji","FJI",2020,5e+05
"2092","Fiji","FJI",2021,560000
"2093","Fiji","FJI",2022,540000
"2094","Finland","FIN",1990,11720000
"2095","Finland","FIN",1991,11400000
"2096","Finland","FIN",1992,11350000
"2097","Finland","FIN",1993,11120000
"2098","Finland","FIN",1994,11560000
"2099","Finland","FIN",1995,11360000
"2100","Finland","FIN",1996,11090000
"2101","Finland","FIN",1997,11700000
"2102","Finland","FIN",1998,11860000
"2103","Finland","FIN",1999,12170000
"2104","Finland","FIN",2000,11750000
"2105","Finland","FIN",2001,11890000
"2106","Finland","FIN",2002,12070000
"2107","Finland","FIN",2003,12270000
"2108","Finland","FIN",2004,12600000
"2109","Finland","FIN",2005,12630000
"2110","Finland","FIN",2006,12810000
"2111","Finland","FIN",2007,13150000
"2112","Finland","FIN",2008,12530000
"2113","Finland","FIN",2009,11960000
"2114","Finland","FIN",2010,12470000
"2115","Finland","FIN",2011,12290000
"2116","Finland","FIN",2012,11990000
"2117","Finland","FIN",2013,11830000
"2118","Finland","FIN",2014,10710000
"2119","Finland","FIN",2015,10700000
"2120","Finland","FIN",2016,11910000
"2121","Finland","FIN",2017,11310000
"2122","Finland","FIN",2018,11510000
"2123","Finland","FIN",2019,11110000
"2124","Finland","FIN",2020,10320000
"2125","Finland","FIN",2021,9870000
"2126","Finland","FIN",2022,9680000
"2127","France","FRA",1990,113230000
"2128","France","FRA",1991,116850000
"2129","France","FRA",1992,119360000
"2130","France","FRA",1993,120480000
"2131","France","FRA",1994,121380000
"2132","France","FRA",1995,122320000
"2133","France","FRA",1996,122120000
"2134","France","FRA",1997,124640000
"2135","France","FRA",1998,129119990
"2136","France","FRA",1999,129520010
"2137","France","FRA",2000,132479990
"2138","France","FRA",2001,134220000
"2139","France","FRA",2002,134140000
"2140","France","FRA",2003,132820010
"2141","France","FRA",2004,133060000
"2142","France","FRA",2005,130800000
"2143","France","FRA",2006,131119990
"2144","France","FRA",2007,130289990
"2145","France","FRA",2008,124320000
"2146","France","FRA",2009,122930000
"2147","France","FRA",2010,123270000
"2148","France","FRA",2011,127900000
"2149","France","FRA",2012,126770000
"2150","France","FRA",2013,125810000
"2151","France","FRA",2014,125900000
"2152","France","FRA",2015,127210000
"2153","France","FRA",2016,127720000
"2154","France","FRA",2017,128380010
"2155","France","FRA",2018,125680000
"2156","France","FRA",2019,125300000
"2157","France","FRA",2020,105860000
"2158","France","FRA",2021,118790000
"2159","France","FRA",2022,123340000
"2160","Gabon","GAB",1990,320000
"2161","Gabon","GAB",1991,390000
"2162","Gabon","GAB",1992,370000
"2163","Gabon","GAB",1993,390000
"2164","Gabon","GAB",1994,310000
"2165","Gabon","GAB",1995,340000
"2166","Gabon","GAB",1996,350000
"2167","Gabon","GAB",1997,380000
"2168","Gabon","GAB",1998,410000
"2169","Gabon","GAB",1999,390000
"2170","Gabon","GAB",2000,320000
"2171","Gabon","GAB",2001,360000
"2172","Gabon","GAB",2002,390000
"2173","Gabon","GAB",2003,350000
"2174","Gabon","GAB",2004,370000
"2175","Gabon","GAB",2005,370000
"2176","Gabon","GAB",2006,370000
"2177","Gabon","GAB",2007,430000
"2178","Gabon","GAB",2008,430000
"2179","Gabon","GAB",2009,410000
"2180","Gabon","GAB",2010,640000
"2181","Gabon","GAB",2011,730000
"2182","Gabon","GAB",2012,750000
"2183","Gabon","GAB",2013,850000
"2184","Gabon","GAB",2014,830000
"2185","Gabon","GAB",2015,810000
"2186","Gabon","GAB",2016,830000
"2187","Gabon","GAB",2017,2e+05
"2188","Gabon","GAB",2018,2e+05
"2189","Gabon","GAB",2019,2e+05
"2190","Gabon","GAB",2020,170000
"2191","Gabon","GAB",2021,180000
"2192","Gabon","GAB",2022,190000
"2193","Gambia","GMB",1990,80000
"2194","Gambia","GMB",1991,80000
"2195","Gambia","GMB",1992,80000
"2196","Gambia","GMB",1993,80000
"2197","Gambia","GMB",1994,80000
"2198","Gambia","GMB",1995,80000
"2199","Gambia","GMB",1996,80000
"2200","Gambia","GMB",1997,90000
"2201","Gambia","GMB",1998,90000
"2202","Gambia","GMB",1999,90000
"2203","Gambia","GMB",2000,90000
"2204","Gambia","GMB",2001,110000
"2205","Gambia","GMB",2002,120000
"2206","Gambia","GMB",2003,120000
"2207","Gambia","GMB",2004,120000
"2208","Gambia","GMB",2005,120000
"2209","Gambia","GMB",2006,120000
"2210","Gambia","GMB",2007,160000
"2211","Gambia","GMB",2008,160000
"2212","Gambia","GMB",2009,220000
"2213","Gambia","GMB",2010,70000
"2214","Gambia","GMB",2011,70000
"2215","Gambia","GMB",2012,70000
"2216","Gambia","GMB",2013,70000
"2217","Gambia","GMB",2014,80000
"2218","Gambia","GMB",2015,80000
"2219","Gambia","GMB",2016,80000
"2220","Gambia","GMB",2017,80000
"2221","Gambia","GMB",2018,80000
"2222","Gambia","GMB",2019,80000
"2223","Gambia","GMB",2020,80000
"2224","Gambia","GMB",2021,80000
"2225","Gambia","GMB",2022,80000
"2226","Georgia","GEO",1990,3720000
"2227","Georgia","GEO",1991,2800000
"2228","Georgia","GEO",1992,2330000
"2229","Georgia","GEO",1993,2e+06
"2230","Georgia","GEO",1994,1470000
"2231","Georgia","GEO",1995,1030000
"2232","Georgia","GEO",1996,2520000
"2233","Georgia","GEO",1997,1890000
"2234","Georgia","GEO",1998,1250000
"2235","Georgia","GEO",1999,1130000
"2236","Georgia","GEO",2000,950000
"2237","Georgia","GEO",2001,1150000
"2238","Georgia","GEO",2002,1210000
"2239","Georgia","GEO",2003,1240000
"2240","Georgia","GEO",2004,1200000
"2241","Georgia","GEO",2005,1510000
"2242","Georgia","GEO",2006,1570000
"2243","Georgia","GEO",2007,2069999.9
"2244","Georgia","GEO",2008,1740000
"2245","Georgia","GEO",2009,2170000
"2246","Georgia","GEO",2010,2260000
"2247","Georgia","GEO",2011,2310000
"2248","Georgia","GEO",2012,2450000
"2249","Georgia","GEO",2013,3070000
"2250","Georgia","GEO",2014,3440000
"2251","Georgia","GEO",2015,3780000
"2252","Georgia","GEO",2016,4290000
"2253","Georgia","GEO",2017,3870000
"2254","Georgia","GEO",2018,3760000
"2255","Georgia","GEO",2019,3900000
"2256","Georgia","GEO",2020,3770000
"2257","Georgia","GEO",2021,4170000
"2258","Georgia","GEO",2022,4400000
"2259","Germany","DEU",1990,158600000
"2260","Germany","DEU",1991,161480000
"2261","Germany","DEU",1992,164060000
"2262","Germany","DEU",1993,168670000
"2263","Germany","DEU",1994,166040000
"2264","Germany","DEU",1995,167930000
"2265","Germany","DEU",1996,169050000
"2266","Germany","DEU",1997,169800000
"2267","Germany","DEU",1998,172810000
"2268","Germany","DEU",1999,177660000
"2269","Germany","DEU",2000,173470000
"2270","Germany","DEU",2001,169540000
"2271","Germany","DEU",2002,167120000
"2272","Germany","DEU",2003,164040000
"2273","Germany","DEU",2004,163990000
"2274","Germany","DEU",2005,155630000
"2275","Germany","DEU",2006,153480000
"2276","Germany","DEU",2007,148380000
"2277","Germany","DEU",2008,148890000
"2278","Germany","DEU",2009,147060000
"2279","Germany","DEU",2010,148120000
"2280","Germany","DEU",2011,149940000
"2281","Germany","DEU",2012,148510000
"2282","Germany","DEU",2013,152370000
"2283","Germany","DEU",2014,154570000
"2284","Germany","DEU",2015,157590000
"2285","Germany","DEU",2016,161020000
"2286","Germany","DEU",2017,163490000
"2287","Germany","DEU",2018,157660000
"2288","Germany","DEU",2019,160040000
"2289","Germany","DEU",2020,142450000
"2290","Germany","DEU",2021,139870000
"2291","Germany","DEU",2022,140960000
"2292","Ghana","GHA",1990,1620000
"2293","Ghana","GHA",1991,1500000
"2294","Ghana","GHA",1992,1790000
"2295","Ghana","GHA",1993,1800000
"2296","Ghana","GHA",1994,1880000
"2297","Ghana","GHA",1995,2050000
"2298","Ghana","GHA",1996,2230000
"2299","Ghana","GHA",1997,2330000
"2300","Ghana","GHA",1998,2780000
"2301","Ghana","GHA",1999,3090000
"2302","Ghana","GHA",2000,2880000
"2303","Ghana","GHA",2001,2880000
"2304","Ghana","GHA",2002,3340000
"2305","Ghana","GHA",2003,3100000
"2306","Ghana","GHA",2004,3590000
"2307","Ghana","GHA",2005,3550000
"2308","Ghana","GHA",2006,3590000
"2309","Ghana","GHA",2007,3780000
"2310","Ghana","GHA",2008,4090000.2
"2311","Ghana","GHA",2009,4970000
"2312","Ghana","GHA",2010,5060000
"2313","Ghana","GHA",2011,5640000
"2314","Ghana","GHA",2012,6730000
"2315","Ghana","GHA",2013,7120000
"2316","Ghana","GHA",2014,7170000
"2317","Ghana","GHA",2015,7780000
"2318","Ghana","GHA",2016,7190000
"2319","Ghana","GHA",2017,7160000
"2320","Ghana","GHA",2018,8370000
"2321","Ghana","GHA",2019,8890000
"2322","Ghana","GHA",2020,9740000
"2323","Ghana","GHA",2021,10570000
"2324","Ghana","GHA",2022,9920000
"2325","Greece","GRC",1990,15060000
"2326","Greece","GRC",1991,15880000
"2327","Greece","GRC",1992,16280001
"2328","Greece","GRC",1993,16490000
"2329","Greece","GRC",1994,16590000
"2330","Greece","GRC",1995,16709999
"2331","Greece","GRC",1996,17190000
"2332","Greece","GRC",1997,17780000
"2333","Greece","GRC",1998,19420000
"2334","Greece","GRC",1999,19600000
"2335","Greece","GRC",2000,19070000
"2336","Greece","GRC",2001,19770000
"2337","Greece","GRC",2002,20030000
"2338","Greece","GRC",2003,20980000
"2339","Greece","GRC",2004,21390000
"2340","Greece","GRC",2005,21780000
"2341","Greece","GRC",2006,22290000
"2342","Greece","GRC",2007,22880000
"2343","Greece","GRC",2008,22200000
"2344","Greece","GRC",2009,24800000
"2345","Greece","GRC",2010,21990000
"2346","Greece","GRC",2011,19640000
"2347","Greece","GRC",2012,16420000
"2348","Greece","GRC",2013,16309999
"2349","Greece","GRC",2014,16350000
"2350","Greece","GRC",2015,16680000
"2351","Greece","GRC",2016,17160000
"2352","Greece","GRC",2017,16880000
"2353","Greece","GRC",2018,17170000
"2354","Greece","GRC",2019,17550000
"2355","Greece","GRC",2020,14840000
"2356","Greece","GRC",2021,15950000
"2357","Greece","GRC",2022,17620000
"2358","Grenada","GRD",1990,40000
"2359","Grenada","GRD",1991,40000
"2360","Grenada","GRD",1992,40000
"2361","Grenada","GRD",1993,40000
"2362","Grenada","GRD",1994,50000
"2363","Grenada","GRD",1995,50000
"2364","Grenada","GRD",1996,70000
"2365","Grenada","GRD",1997,80000
"2366","Grenada","GRD",1998,80000
"2367","Grenada","GRD",1999,80000
"2368","Grenada","GRD",2000,80000
"2369","Grenada","GRD",2001,80000
"2370","Grenada","GRD",2002,90000
"2371","Grenada","GRD",2003,90000
"2372","Grenada","GRD",2004,90000
"2373","Grenada","GRD",2005,90000
"2374","Grenada","GRD",2006,1e+05
"2375","Grenada","GRD",2007,1e+05
"2376","Grenada","GRD",2008,1e+05
"2377","Grenada","GRD",2009,1e+05
"2378","Grenada","GRD",2010,1e+05
"2379","Grenada","GRD",2011,1e+05
"2380","Grenada","GRD",2012,1e+05
"2381","Grenada","GRD",2013,90000
"2382","Grenada","GRD",2014,90000
"2383","Grenada","GRD",2015,90000
"2384","Grenada","GRD",2016,1e+05
"2385","Grenada","GRD",2017,1e+05
"2386","Grenada","GRD",2018,110000
"2387","Grenada","GRD",2019,110000
"2388","Grenada","GRD",2020,90000
"2389","Grenada","GRD",2021,1e+05
"2390","Grenada","GRD",2022,1e+05
"2391","Guatemala","GTM",1990,1710000
"2392","Guatemala","GTM",1991,1790000
"2393","Guatemala","GTM",1992,1870000
"2394","Guatemala","GTM",1993,2060000
"2395","Guatemala","GTM",1994,2190000
"2396","Guatemala","GTM",1995,2730000
"2397","Guatemala","GTM",1996,2720000
"2398","Guatemala","GTM",1997,2880000
"2399","Guatemala","GTM",1998,3430000
"2400","Guatemala","GTM",1999,3600000
"2401","Guatemala","GTM",2000,3860000
"2402","Guatemala","GTM",2001,4520000
"2403","Guatemala","GTM",2002,4920000
"2404","Guatemala","GTM",2003,4910000
"2405","Guatemala","GTM",2004,4770000
"2406","Guatemala","GTM",2005,5140000
"2407","Guatemala","GTM",2006,5320000
"2408","Guatemala","GTM",2007,5630000
"2409","Guatemala","GTM",2008,5150000
"2410","Guatemala","GTM",2009,5860000
"2411","Guatemala","GTM",2010,5780000
"2412","Guatemala","GTM",2011,5660000
"2413","Guatemala","GTM",2012,5690000
"2414","Guatemala","GTM",2013,5970000
"2415","Guatemala","GTM",2014,6390000
"2416","Guatemala","GTM",2015,7300000
"2417","Guatemala","GTM",2016,7940000
"2418","Guatemala","GTM",2017,8189999.5
"2419","Guatemala","GTM",2018,8560000
"2420","Guatemala","GTM",2019,9360000
"2421","Guatemala","GTM",2020,8560000
"2422","Guatemala","GTM",2021,10260000
"2423","Guatemala","GTM",2022,10020000
"2424","Guinea","GIN",1990,270000
"2425","Guinea","GIN",1991,290000
"2426","Guinea","GIN",1992,290000
"2427","Guinea","GIN",1993,290000
"2428","Guinea","GIN",1994,290000
"2429","Guinea","GIN",1995,3e+05
"2430","Guinea","GIN",1996,320000
"2431","Guinea","GIN",1997,350000
"2432","Guinea","GIN",1998,4e+05
"2433","Guinea","GIN",1999,440000
"2434","Guinea","GIN",2000,470000
"2435","Guinea","GIN",2001,5e+05
"2436","Guinea","GIN",2002,540000
"2437","Guinea","GIN",2003,570000
"2438","Guinea","GIN",2004,610000
"2439","Guinea","GIN",2005,640000
"2440","Guinea","GIN",2006,670000
"2441","Guinea","GIN",2007,7e+05
"2442","Guinea","GIN",2008,720000
"2443","Guinea","GIN",2009,770000
"2444","Guinea","GIN",2010,940000
"2445","Guinea","GIN",2011,1e+06
"2446","Guinea","GIN",2012,1060000
"2447","Guinea","GIN",2013,1070000
"2448","Guinea","GIN",2014,1190000
"2449","Guinea","GIN",2015,1360000
"2450","Guinea","GIN",2016,1420000
"2451","Guinea","GIN",2017,1710000
"2452","Guinea","GIN",2018,1450000
"2453","Guinea","GIN",2019,2050000
"2454","Guinea","GIN",2020,2360000
"2455","Guinea","GIN",2021,2400000
"2456","Guinea","GIN",2022,2520000
"2457","Guinea-Bissau","GNB",1990,60000
"2458","Guinea-Bissau","GNB",1991,60000
"2459","Guinea-Bissau","GNB",1992,50000
"2460","Guinea-Bissau","GNB",1993,60000
"2461","Guinea-Bissau","GNB",1994,50000
"2462","Guinea-Bissau","GNB",1995,50000
"2463","Guinea-Bissau","GNB",1996,40000
"2464","Guinea-Bissau","GNB",1997,60000
"2465","Guinea-Bissau","GNB",1998,60000
"2466","Guinea-Bissau","GNB",1999,80000
"2467","Guinea-Bissau","GNB",2000,20000
"2468","Guinea-Bissau","GNB",2001,20000
"2469","Guinea-Bissau","GNB",2002,30000
"2470","Guinea-Bissau","GNB",2003,70000
"2471","Guinea-Bissau","GNB",2004,80000
"2472","Guinea-Bissau","GNB",2005,80000
"2473","Guinea-Bissau","GNB",2006,90000
"2474","Guinea-Bissau","GNB",2007,90000
"2475","Guinea-Bissau","GNB",2008,80000
"2476","Guinea-Bissau","GNB",2009,1e+05
"2477","Guinea-Bissau","GNB",2010,1e+05
"2478","Guinea-Bissau","GNB",2011,1e+05
"2479","Guinea-Bissau","GNB",2012,1e+05
"2480","Guinea-Bissau","GNB",2013,110000
"2481","Guinea-Bissau","GNB",2014,110000
"2482","Guinea-Bissau","GNB",2015,110000
"2483","Guinea-Bissau","GNB",2016,110000
"2484","Guinea-Bissau","GNB",2017,110000
"2485","Guinea-Bissau","GNB",2018,110000
"2486","Guinea-Bissau","GNB",2019,120000
"2487","Guinea-Bissau","GNB",2020,1e+05
"2488","Guinea-Bissau","GNB",2021,1e+05
"2489","Guinea-Bissau","GNB",2022,110000
"2490","Guyana","GUY",1990,259999.98
"2491","Guyana","GUY",1991,240000
"2492","Guyana","GUY",1992,230000
"2493","Guyana","GUY",1993,230000
"2494","Guyana","GUY",1994,410000
"2495","Guyana","GUY",1995,430000
"2496","Guyana","GUY",1996,480000
"2497","Guyana","GUY",1997,519999.97
"2498","Guyana","GUY",1998,510000
"2499","Guyana","GUY",1999,580000
"2500","Guyana","GUY",2000,550000
"2501","Guyana","GUY",2001,570000
"2502","Guyana","GUY",2002,550000
"2503","Guyana","GUY",2003,540000
"2504","Guyana","GUY",2004,560000
"2505","Guyana","GUY",2005,540000
"2506","Guyana","GUY",2006,5e+05
"2507","Guyana","GUY",2007,550000
"2508","Guyana","GUY",2008,550000
"2509","Guyana","GUY",2009,590000
"2510","Guyana","GUY",2010,610000
"2511","Guyana","GUY",2011,650000
"2512","Guyana","GUY",2012,660000
"2513","Guyana","GUY",2013,630000
"2514","Guyana","GUY",2014,690000
"2515","Guyana","GUY",2015,680000
"2516","Guyana","GUY",2016,760000
"2517","Guyana","GUY",2017,770000
"2518","Guyana","GUY",2018,780000
"2519","Guyana","GUY",2019,880000
"2520","Guyana","GUY",2020,870000
"2521","Guyana","GUY",2021,1010000
"2522","Guyana","GUY",2022,1070000
"2523","Haiti","HTI",1990,430000
"2524","Haiti","HTI",1991,4e+05
"2525","Haiti","HTI",1992,410000
"2526","Haiti","HTI",1993,380000
"2527","Haiti","HTI",1994,110000
"2528","Haiti","HTI",1995,5e+05
"2529","Haiti","HTI",1996,560000
"2530","Haiti","HTI",1997,580000
"2531","Haiti","HTI",1998,640000
"2532","Haiti","HTI",1999,660000
"2533","Haiti","HTI",2000,710000
"2534","Haiti","HTI",2001,780000
"2535","Haiti","HTI",2002,820000
"2536","Haiti","HTI",2003,790000
"2537","Haiti","HTI",2004,770000
"2538","Haiti","HTI",2005,780000
"2539","Haiti","HTI",2006,780000
"2540","Haiti","HTI",2007,950000
"2541","Haiti","HTI",2008,920000
"2542","Haiti","HTI",2009,940000
"2543","Haiti","HTI",2010,1080000
"2544","Haiti","HTI",2011,1100000
"2545","Haiti","HTI",2012,960000
"2546","Haiti","HTI",2013,9e+05
"2547","Haiti","HTI",2014,1170000
"2548","Haiti","HTI",2015,1400000
"2549","Haiti","HTI",2016,1420000
"2550","Haiti","HTI",2017,1440000
"2551","Haiti","HTI",2018,1460000
"2552","Haiti","HTI",2019,1470000
"2553","Haiti","HTI",2020,1420000
"2554","Haiti","HTI",2021,1400000
"2555","Haiti","HTI",2022,1370000
"2556","High-income countries",NA,1990,3055730000
"2557","High-income countries",NA,1991,3045040000
"2558","High-income countries",NA,1992,3108560100
"2559","High-income countries",NA,1993,3114450000
"2560","High-income countries",NA,1994,3174490000
"2561","High-income countries",NA,1995,3217580000
"2562","High-income countries",NA,1996,3295990000
"2563","High-income countries",NA,1997,3332630000
"2564","High-income countries",NA,1998,3420110000
"2565","High-income countries",NA,1999,3505600000
"2566","High-income countries",NA,2000,3539590000
"2567","High-income countries",NA,2001,3567220000
"2568","High-income countries",NA,2002,3624350000
"2569","High-income countries",NA,2003,3683730000
"2570","High-income countries",NA,2004,3749290000
"2571","High-income countries",NA,2005,3774190000
"2572","High-income countries",NA,2006,3803420200
"2573","High-income countries",NA,2007,3835440000
"2574","High-income countries",NA,2008,3732900000
"2575","High-income countries",NA,2009,3597060000
"2576","High-income countries",NA,2010,3683650000
"2577","High-income countries",NA,2011,3644100000
"2578","High-income countries",NA,2012,3580320000
"2579","High-income countries",NA,2013,3637990000
"2580","High-income countries",NA,2014,3648540000
"2581","High-income countries",NA,2015,3741660200
"2582","High-income countries",NA,2016,3780630000
"2583","High-income countries",NA,2017,3822060000
"2584","High-income countries",NA,2018,3867090000
"2585","High-income countries",NA,2019,3869280000
"2586","High-income countries",NA,2020,3359420200
"2587","High-income countries",NA,2021,3637030100
"2588","High-income countries",NA,2022,3740290000
"2589","Honduras","HND",1990,1050000
"2590","Honduras","HND",1991,1039999.94
"2591","Honduras","HND",1992,1160000
"2592","Honduras","HND",1993,1320000
"2593","Honduras","HND",1994,1540000
"2594","Honduras","HND",1995,1550000
"2595","Honduras","HND",1996,1500000
"2596","Honduras","HND",1997,1650000
"2597","Honduras","HND",1998,1830000
"2598","Honduras","HND",1999,2120000
"2599","Honduras","HND",2000,2110000
"2600","Honduras","HND",2001,2250000
"2601","Honduras","HND",2002,2260000
"2602","Honduras","HND",2003,2300000
"2603","Honduras","HND",2004,2330000
"2604","Honduras","HND",2005,2130000
"2605","Honduras","HND",2006,1990000
"2606","Honduras","HND",2007,3160000
"2607","Honduras","HND",2008,3040000
"2608","Honduras","HND",2009,2970000
"2609","Honduras","HND",2010,2970000
"2610","Honduras","HND",2011,3050000
"2611","Honduras","HND",2012,3170000
"2612","Honduras","HND",2013,3160000
"2613","Honduras","HND",2014,3290000
"2614","Honduras","HND",2015,3890000
"2615","Honduras","HND",2016,4020000
"2616","Honduras","HND",2017,3910000
"2617","Honduras","HND",2018,3970000
"2618","Honduras","HND",2019,4220000
"2619","Honduras","HND",2020,3530000
"2620","Honduras","HND",2021,4600000
"2621","Honduras","HND",2022,4600000
"2622","Hungary","HUN",1990,8400000
"2623","Hungary","HUN",1991,7350000
"2624","Hungary","HUN",1992,7110000
"2625","Hungary","HUN",1993,7100000
"2626","Hungary","HUN",1994,6920000
"2627","Hungary","HUN",1995,7120000
"2628","Hungary","HUN",1996,7110000
"2629","Hungary","HUN",1997,7530000
"2630","Hungary","HUN",1998,8400000
"2631","Hungary","HUN",1999,8930000
"2632","Hungary","HUN",2000,8870000
"2633","Hungary","HUN",2001,9340000
"2634","Hungary","HUN",2002,9950000
"2635","Hungary","HUN",2003,10400000
"2636","Hungary","HUN",2004,10880000
"2637","Hungary","HUN",2005,11790000
"2638","Hungary","HUN",2006,12600000
"2639","Hungary","HUN",2007,12970000
"2640","Hungary","HUN",2008,12890000
"2641","Hungary","HUN",2009,12810000
"2642","Hungary","HUN",2010,11650000
"2643","Hungary","HUN",2011,10830000
"2644","Hungary","HUN",2012,10510000
"2645","Hungary","HUN",2013,9790000
"2646","Hungary","HUN",2014,10930000
"2647","Hungary","HUN",2015,11930000
"2648","Hungary","HUN",2016,11960000
"2649","Hungary","HUN",2017,12730000
"2650","Hungary","HUN",2018,13520000
"2651","Hungary","HUN",2019,14340000
"2652","Hungary","HUN",2020,12270000
"2653","Hungary","HUN",2021,13600000
"2654","Hungary","HUN",2022,14680000
"2655","Iceland","ISL",1990,630000
"2656","Iceland","ISL",1991,640000
"2657","Iceland","ISL",1992,630000
"2658","Iceland","ISL",1993,630000
"2659","Iceland","ISL",1994,660000
"2660","Iceland","ISL",1995,610000
"2661","Iceland","ISL",1996,680000
"2662","Iceland","ISL",1997,590000
"2663","Iceland","ISL",1998,610000
"2664","Iceland","ISL",1999,620000
"2665","Iceland","ISL",2000,630000
"2666","Iceland","ISL",2001,640000
"2667","Iceland","ISL",2002,640000
"2668","Iceland","ISL",2003,640000
"2669","Iceland","ISL",2004,670000
"2670","Iceland","ISL",2005,670000
"2671","Iceland","ISL",2006,9e+05
"2672","Iceland","ISL",2007,970000
"2673","Iceland","ISL",2008,910000
"2674","Iceland","ISL",2009,890000
"2675","Iceland","ISL",2010,850000
"2676","Iceland","ISL",2011,820000
"2677","Iceland","ISL",2012,8e+05
"2678","Iceland","ISL",2013,820000
"2679","Iceland","ISL",2014,820000
"2680","Iceland","ISL",2015,850000
"2681","Iceland","ISL",2016,930000
"2682","Iceland","ISL",2017,980000
"2683","Iceland","ISL",2018,1020000
"2684","Iceland","ISL",2019,1010000
"2685","Iceland","ISL",2020,850000
"2686","Iceland","ISL",2021,870000
"2687","Iceland","ISL",2022,950000
"2688","India","IND",1990,64379996
"2689","India","IND",1991,66930000
"2690","India","IND",1992,68550000
"2691","India","IND",1993,68550000
"2692","India","IND",1994,70810000
"2693","India","IND",1995,78290000
"2694","India","IND",1996,83800000
"2695","India","IND",1997,85800000
"2696","India","IND",1998,88780000
"2697","India","IND",1999,93310000
"2698","India","IND",2000,95090000
"2699","India","IND",2001,94920000
"2700","India","IND",2002,97740000
"2701","India","IND",2003,99530000
"2702","India","IND",2004,108050000
"2703","India","IND",2005,115400000
"2704","India","IND",2006,120650000
"2705","India","IND",2007,142980000
"2706","India","IND",2008,163210000
"2707","India","IND",2009,178710000
"2708","India","IND",2010,192920000
"2709","India","IND",2011,209290000
"2710","India","IND",2012,221520000
"2711","India","IND",2013,226260000
"2712","India","IND",2014,235750000
"2713","India","IND",2015,257750000
"2714","India","IND",2016,269390000
"2715","India","IND",2017,291230000
"2716","India","IND",2018,305690020
"2717","India","IND",2019,308560000
"2718","India","IND",2020,268680000
"2719","India","IND",2021,295090000
"2720","India","IND",2022,323760000
"2721","Indonesia","IDN",1990,32200000
"2722","Indonesia","IDN",1991,35850000
"2723","Indonesia","IDN",1992,37910000
"2724","Indonesia","IDN",1993,40490000
"2725","Indonesia","IDN",1994,45350000
"2726","Indonesia","IDN",1995,49260000
"2727","Indonesia","IDN",1996,54600000
"2728","Indonesia","IDN",1997,60650000
"2729","Indonesia","IDN",1998,59200000
"2730","Indonesia","IDN",1999,58780000
"2731","Indonesia","IDN",2000,62690000
"2732","Indonesia","IDN",2001,66750000
"2733","Indonesia","IDN",2002,67990000
"2734","Indonesia","IDN",2003,69270000
"2735","Indonesia","IDN",2004,70830000
"2736","Indonesia","IDN",2005,69840000
"2737","Indonesia","IDN",2006,66290000
"2738","Indonesia","IDN",2007,67810000
"2739","Indonesia","IDN",2008,72070000
"2740","Indonesia","IDN",2009,81680000
"2741","Indonesia","IDN",2010,89110000
"2742","Indonesia","IDN",2011,108500000
"2743","Indonesia","IDN",2012,129619990
"2744","Indonesia","IDN",2013,136120000
"2745","Indonesia","IDN",2014,136590000
"2746","Indonesia","IDN",2015,132030000
"2747","Indonesia","IDN",2016,128100010
"2748","Indonesia","IDN",2017,135040000
"2749","Indonesia","IDN",2018,147310000
"2750","Indonesia","IDN",2019,148040000
"2751","Indonesia","IDN",2020,125960000
"2752","Indonesia","IDN",2021,133920000
"2753","Indonesia","IDN",2022,146610000
"2754","Iran","IRN",1990,39150000
"2755","Iran","IRN",1991,42320000
"2756","Iran","IRN",1992,44150000
"2757","Iran","IRN",1993,49810000
"2758","Iran","IRN",1994,56750000
"2759","Iran","IRN",1995,55710000
"2760","Iran","IRN",1996,59930000
"2761","Iran","IRN",1997,61270000
"2762","Iran","IRN",1998,63730000
"2763","Iran","IRN",1999,71210000
"2764","Iran","IRN",2000,76490000
"2765","Iran","IRN",2001,80310000
"2766","Iran","IRN",2002,86570000
"2767","Iran","IRN",2003,91430000
"2768","Iran","IRN",2004,96960000
"2769","Iran","IRN",2005,104930000
"2770","Iran","IRN",2006,111140000
"2771","Iran","IRN",2007,110550000
"2772","Iran","IRN",2008,115230000
"2773","Iran","IRN",2009,125210000
"2774","Iran","IRN",2010,116750000
"2775","Iran","IRN",2011,116940000
"2776","Iran","IRN",2012,123770000
"2777","Iran","IRN",2013,128240010
"2778","Iran","IRN",2014,141150000
"2779","Iran","IRN",2015,139100000
"2780","Iran","IRN",2016,130240010
"2781","Iran","IRN",2017,134850000
"2782","Iran","IRN",2018,138180000
"2783","Iran","IRN",2019,143330000
"2784","Iran","IRN",2020,128619990
"2785","Iran","IRN",2021,141380000
"2786","Iran","IRN",2022,142210000
"2787","Iraq","IRQ",1990,21770000
"2788","Iraq","IRQ",1991,18350000
"2789","Iraq","IRQ",1992,23280000
"2790","Iraq","IRQ",1993,24510000
"2791","Iraq","IRQ",1994,24790000
"2792","Iraq","IRQ",1995,24730000
"2793","Iraq","IRQ",1996,24160000
"2794","Iraq","IRQ",1997,23760000
"2795","Iraq","IRQ",1998,24220000
"2796","Iraq","IRQ",1999,24220000
"2797","Iraq","IRQ",2000,26370000
"2798","Iraq","IRQ",2001,28830000
"2799","Iraq","IRQ",2002,27770000
"2800","Iraq","IRQ",2003,21570000
"2801","Iraq","IRQ",2004,24140000
"2802","Iraq","IRQ",2005,26050000
"2803","Iraq","IRQ",2006,25870000
"2804","Iraq","IRQ",2007,25700000
"2805","Iraq","IRQ",2008,24600000
"2806","Iraq","IRQ",2009,25270000
"2807","Iraq","IRQ",2010,28020000
"2808","Iraq","IRQ",2011,29860000
"2809","Iraq","IRQ",2012,33099998
"2810","Iraq","IRQ",2013,31630000
"2811","Iraq","IRQ",2014,25060000
"2812","Iraq","IRQ",2015,24010000
"2813","Iraq","IRQ",2016,24520000
"2814","Iraq","IRQ",2017,27730000
"2815","Iraq","IRQ",2018,32369998
"2816","Iraq","IRQ",2019,34430000
"2817","Iraq","IRQ",2020,28670000
"2818","Iraq","IRQ",2021,35580000
"2819","Iraq","IRQ",2022,40940000
"2820","Ireland","IRL",1990,4890000
"2821","Ireland","IRL",1991,5070000
"2822","Ireland","IRL",1992,5440000
"2823","Ireland","IRL",1993,5480000
"2824","Ireland","IRL",1994,5700000
"2825","Ireland","IRL",1995,5850000
"2826","Ireland","IRL",1996,6800000
"2827","Ireland","IRL",1997,7160000
"2828","Ireland","IRL",1998,8450000
"2829","Ireland","IRL",1999,9330000
"2830","Ireland","IRL",2000,10390000
"2831","Ireland","IRL",2001,10880000
"2832","Ireland","IRL",2002,11080000
"2833","Ireland","IRL",2003,11280000
"2834","Ireland","IRL",2004,11990000
"2835","Ireland","IRL",2005,12670000
"2836","Ireland","IRL",2006,13880000
"2837","Ireland","IRL",2007,14210000
"2838","Ireland","IRL",2008,13390000
"2839","Ireland","IRL",2009,12140000
"2840","Ireland","IRL",2010,11340000
"2841","Ireland","IRL",2011,10760000
"2842","Ireland","IRL",2012,10550000
"2843","Ireland","IRL",2013,10710000
"2844","Ireland","IRL",2014,11130000
"2845","Ireland","IRL",2015,11280000
"2846","Ireland","IRL",2016,11940000
"2847","Ireland","IRL",2017,11670000
"2848","Ireland","IRL",2018,11840000
"2849","Ireland","IRL",2019,11830000
"2850","Ireland","IRL",2020,9960000
"2851","Ireland","IRL",2021,10620000
"2852","Ireland","IRL",2022,11280000
"2853","Israel","ISR",1990,8029999.5
"2854","Israel","ISR",1991,8300000
"2855","Israel","ISR",1992,9070000
"2856","Israel","ISR",1993,9540000
"2857","Israel","ISR",1994,10260000
"2858","Israel","ISR",1995,11270000
"2859","Israel","ISR",1996,11890000
"2860","Israel","ISR",1997,12660000
"2861","Israel","ISR",1998,11790000
"2862","Israel","ISR",1999,12540000
"2863","Israel","ISR",2000,13370000
"2864","Israel","ISR",2001,13280000
"2865","Israel","ISR",2002,13820000
"2866","Israel","ISR",2003,14290000
"2867","Israel","ISR",2004,14160000
"2868","Israel","ISR",2005,13470000
"2869","Israel","ISR",2006,13770000
"2870","Israel","ISR",2007,14500000
"2871","Israel","ISR",2008,15980000
"2872","Israel","ISR",2009,15700000
"2873","Israel","ISR",2010,16450001
"2874","Israel","ISR",2011,15670000
"2875","Israel","ISR",2012,17150000
"2876","Israel","ISR",2013,15890000
"2877","Israel","ISR",2014,16030001
"2878","Israel","ISR",2015,16930000
"2879","Israel","ISR",2016,17490000
"2880","Israel","ISR",2017,17960000
"2881","Israel","ISR",2018,18040000
"2882","Israel","ISR",2019,18130000
"2883","Israel","ISR",2020,16299999
"2884","Israel","ISR",2021,17350000
"2885","Israel","ISR",2022,18690000
"2886","Italy","ITA",1990,96070000
"2887","Italy","ITA",1991,97930000
"2888","Italy","ITA",1992,102960000
"2889","Italy","ITA",1993,104850000
"2890","Italy","ITA",1994,104610000
"2891","Italy","ITA",1995,106890000
"2892","Italy","ITA",1996,108660000
"2893","Italy","ITA",1997,110250000
"2894","Italy","ITA",1998,113420000
"2895","Italy","ITA",1999,116260000
"2896","Italy","ITA",2000,116360000
"2897","Italy","ITA",2001,118490000
"2898","Italy","ITA",2002,120750000
"2899","Italy","ITA",2003,121810000
"2900","Italy","ITA",2004,124040000
"2901","Italy","ITA",2005,122960000
"2902","Italy","ITA",2006,124260000
"2903","Italy","ITA",2007,124730000
"2904","Italy","ITA",2008,117930000
"2905","Italy","ITA",2009,111840000
"2906","Italy","ITA",2010,109190000
"2907","Italy","ITA",2011,109150000
"2908","Italy","ITA",2012,102510000
"2909","Italy","ITA",2013,100720000
"2910","Italy","ITA",2014,105390000
"2911","Italy","ITA",2015,103010000
"2912","Italy","ITA",2016,101710000
"2913","Italy","ITA",2017,97610000
"2914","Italy","ITA",2018,100200000
"2915","Italy","ITA",2019,100920000
"2916","Italy","ITA",2020,80670000
"2917","Italy","ITA",2021,98120000
"2918","Italy","ITA",2022,103830000
"2919","Jamaica","JAM",1990,1080000
"2920","Jamaica","JAM",1991,1030000
"2921","Jamaica","JAM",1992,1070000
"2922","Jamaica","JAM",1993,1160000
"2923","Jamaica","JAM",1994,1170000
"2924","Jamaica","JAM",1995,1400000
"2925","Jamaica","JAM",1996,1610000
"2926","Jamaica","JAM",1997,1700000
"2927","Jamaica","JAM",1998,1840000
"2928","Jamaica","JAM",1999,1930000
"2929","Jamaica","JAM",2000,1930000
"2930","Jamaica","JAM",2001,1880000
"2931","Jamaica","JAM",2002,2069999.9
"2932","Jamaica","JAM",2003,2069999.9
"2933","Jamaica","JAM",2004,2120000
"2934","Jamaica","JAM",2005,2210000
"2935","Jamaica","JAM",2006,2150000
"2936","Jamaica","JAM",2007,2069999.9
"2937","Jamaica","JAM",2008,2040000
"2938","Jamaica","JAM",2009,2e+06
"2939","Jamaica","JAM",2010,1860000
"2940","Jamaica","JAM",2011,1840000
"2941","Jamaica","JAM",2012,1510000
"2942","Jamaica","JAM",2013,1610000
"2943","Jamaica","JAM",2014,1690000
"2944","Jamaica","JAM",2015,1650000
"2945","Jamaica","JAM",2016,1800000
"2946","Jamaica","JAM",2017,1950000
"2947","Jamaica","JAM",2018,2250000
"2948","Jamaica","JAM",2019,2460000
"2949","Jamaica","JAM",2020,1680000
"2950","Jamaica","JAM",2021,2370000
"2951","Jamaica","JAM",2022,2600000
"2952","Japan","JPN",1990,211960000
"2953","Japan","JPN",1991,222330000
"2954","Japan","JPN",1992,227020000
"2955","Japan","JPN",1993,232120000
"2956","Japan","JPN",1994,244240000
"2957","Japan","JPN",1995,252450000
"2958","Japan","JPN",1996,258269980
"2959","Japan","JPN",1997,260470000
"2960","Japan","JPN",1998,259660000
"2961","Japan","JPN",1999,2.62e+08
"2962","Japan","JPN",2000,261540020
"2963","Japan","JPN",2001,263620000
"2964","Japan","JPN",2002,259120000
"2965","Japan","JPN",2003,256840000
"2966","Japan","JPN",2004,256790020
"2967","Japan","JPN",2005,254020000
"2968","Japan","JPN",2006,250130000
"2969","Japan","JPN",2007,242910000
"2970","Japan","JPN",2008,233810000
"2971","Japan","JPN",2009,227640000
"2972","Japan","JPN",2010,228650000
"2973","Japan","JPN",2011,223030000
"2974","Japan","JPN",2012,220700000
"2975","Japan","JPN",2013,218030000
"2976","Japan","JPN",2014,211970000
"2977","Japan","JPN",2015,211340000
"2978","Japan","JPN",2016,208910000
"2979","Japan","JPN",2017,207050000
"2980","Japan","JPN",2018,204510000
"2981","Japan","JPN",2019,200810000
"2982","Japan","JPN",2020,180490000
"2983","Japan","JPN",2021,183110000
"2984","Japan","JPN",2022,186460000
"2985","Jordan","JOR",1990,2730000
"2986","Jordan","JOR",1991,2530000
"2987","Jordan","JOR",1992,2670000
"2988","Jordan","JOR",1993,2750000
"2989","Jordan","JOR",1994,2750000
"2990","Jordan","JOR",1995,3e+06
"2991","Jordan","JOR",1996,3060000
"2992","Jordan","JOR",1997,3210000
"2993","Jordan","JOR",1998,3250000
"2994","Jordan","JOR",1999,3320000
"2995","Jordan","JOR",2000,3590000
"2996","Jordan","JOR",2001,3710000
"2997","Jordan","JOR",2002,3770000
"2998","Jordan","JOR",2003,3830000
"2999","Jordan","JOR",2004,4400000
"3000","Jordan","JOR",2005,4850000
"3001","Jordan","JOR",2006,4770000
"3002","Jordan","JOR",2007,5090000
"3003","Jordan","JOR",2008,4630000
"3004","Jordan","JOR",2009,5150000
"3005","Jordan","JOR",2010,5220000
"3006","Jordan","JOR",2011,5330000
"3007","Jordan","JOR",2012,6870000
"3008","Jordan","JOR",2013,7110000
"3009","Jordan","JOR",2014,7050000
"3010","Jordan","JOR",2015,7830000
"3011","Jordan","JOR",2016,8300000
"3012","Jordan","JOR",2017,9120000
"3013","Jordan","JOR",2018,9010000
"3014","Jordan","JOR",2019,8480000
"3015","Jordan","JOR",2020,7130000
"3016","Jordan","JOR",2021,7930000
"3017","Jordan","JOR",2022,7840000
"3018","Kazakhstan","KAZ",1990,14420000
"3019","Kazakhstan","KAZ",1991,18090000
"3020","Kazakhstan","KAZ",1992,15830000
"3021","Kazakhstan","KAZ",1993,13190000
"3022","Kazakhstan","KAZ",1994,9050000
"3023","Kazakhstan","KAZ",1995,9160000
"3024","Kazakhstan","KAZ",1996,8210000
"3025","Kazakhstan","KAZ",1997,7040000
"3026","Kazakhstan","KAZ",1998,7930000
"3027","Kazakhstan","KAZ",1999,5820000
"3028","Kazakhstan","KAZ",2000,9380000
"3029","Kazakhstan","KAZ",2001,8200000
"3030","Kazakhstan","KAZ",2002,9130000
"3031","Kazakhstan","KAZ",2003,8650000
"3032","Kazakhstan","KAZ",2004,9230000
"3033","Kazakhstan","KAZ",2005,9550000
"3034","Kazakhstan","KAZ",2006,10530000
"3035","Kazakhstan","KAZ",2007,12100000
"3036","Kazakhstan","KAZ",2008,13780000
"3037","Kazakhstan","KAZ",2009,12440000
"3038","Kazakhstan","KAZ",2010,13150000
"3039","Kazakhstan","KAZ",2011,13470000
"3040","Kazakhstan","KAZ",2012,14400000
"3041","Kazakhstan","KAZ",2013,13610000
"3042","Kazakhstan","KAZ",2014,14410000
"3043","Kazakhstan","KAZ",2015,15260000
"3044","Kazakhstan","KAZ",2016,15770000
"3045","Kazakhstan","KAZ",2017,1.5e+07
"3046","Kazakhstan","KAZ",2018,17430000
"3047","Kazakhstan","KAZ",2019,16320000
"3048","Kazakhstan","KAZ",2020,20690000
"3049","Kazakhstan","KAZ",2021,22960000
"3050","Kazakhstan","KAZ",2022,23670000
"3051","Kenya","KEN",1990,2690000
"3052","Kenya","KEN",1991,2760000
"3053","Kenya","KEN",1992,2560000
"3054","Kenya","KEN",1993,2380000
"3055","Kenya","KEN",1994,2320000
"3056","Kenya","KEN",1995,2560000
"3057","Kenya","KEN",1996,2690000
"3058","Kenya","KEN",1997,2670000
"3059","Kenya","KEN",1998,2730000
"3060","Kenya","KEN",1999,2690000
"3061","Kenya","KEN",2000,2710000
"3062","Kenya","KEN",2001,2670000
"3063","Kenya","KEN",2002,2790000
"3064","Kenya","KEN",2003,2500000
"3065","Kenya","KEN",2004,2760000
"3066","Kenya","KEN",2005,2890000
"3067","Kenya","KEN",2006,3240000
"3068","Kenya","KEN",2007,3270000
"3069","Kenya","KEN",2008,3360000
"3070","Kenya","KEN",2009,4170000
"3071","Kenya","KEN",2010,4950000
"3072","Kenya","KEN",2011,4610000
"3073","Kenya","KEN",2012,4900000
"3074","Kenya","KEN",2013,5820000
"3075","Kenya","KEN",2014,6480000
"3076","Kenya","KEN",2015,7990000
"3077","Kenya","KEN",2016,8780000
"3078","Kenya","KEN",2017,8590000
"3079","Kenya","KEN",2018,9670000
"3080","Kenya","KEN",2019,10730000
"3081","Kenya","KEN",2020,10380000
"3082","Kenya","KEN",2021,10860000
"3083","Kenya","KEN",2022,10650000
"3084","Kiribati","KIR",1990,10000
"3085","Kiribati","KIR",1991,10000
"3086","Kiribati","KIR",1992,10000
"3087","Kiribati","KIR",1993,20000
"3088","Kiribati","KIR",1994,20000
"3089","Kiribati","KIR",1995,20000
"3090","Kiribati","KIR",1996,20000
"3091","Kiribati","KIR",1997,20000
"3092","Kiribati","KIR",1998,20000
"3093","Kiribati","KIR",1999,10000
"3094","Kiribati","KIR",2000,20000
"3095","Kiribati","KIR",2001,20000
"3096","Kiribati","KIR",2002,20000
"3097","Kiribati","KIR",2003,30000
"3098","Kiribati","KIR",2004,30000
"3099","Kiribati","KIR",2005,30000
"3100","Kiribati","KIR",2006,30000
"3101","Kiribati","KIR",2007,30000
"3102","Kiribati","KIR",2008,30000
"3103","Kiribati","KIR",2009,30000
"3104","Kiribati","KIR",2010,20000
"3105","Kiribati","KIR",2011,20000
"3106","Kiribati","KIR",2012,20000
"3107","Kiribati","KIR",2013,30000
"3108","Kiribati","KIR",2014,30000
"3109","Kiribati","KIR",2015,20000
"3110","Kiribati","KIR",2016,20000
"3111","Kiribati","KIR",2017,30000
"3112","Kiribati","KIR",2018,30000
"3113","Kiribati","KIR",2019,30000
"3114","Kiribati","KIR",2020,30000
"3115","Kiribati","KIR",2021,30000
"3116","Kiribati","KIR",2022,30000
"3117","Kuwait","KWT",1990,2840000
"3118","Kuwait","KWT",1991,1900000
"3119","Kuwait","KWT",1992,4540000
"3120","Kuwait","KWT",1993,4780000
"3121","Kuwait","KWT",1994,5040000
"3122","Kuwait","KWT",1995,5340000
"3123","Kuwait","KWT",1996,5450000
"3124","Kuwait","KWT",1997,5700000
"3125","Kuwait","KWT",1998,5840000
"3126","Kuwait","KWT",1999,6010000
"3127","Kuwait","KWT",2000,6020000
"3128","Kuwait","KWT",2001,6130000
"3129","Kuwait","KWT",2002,6510000
"3130","Kuwait","KWT",2003,7080000
"3131","Kuwait","KWT",2004,7540000
"3132","Kuwait","KWT",2005,8160000
"3133","Kuwait","KWT",2006,9260000
"3134","Kuwait","KWT",2007,9570000
"3135","Kuwait","KWT",2008,10540000
"3136","Kuwait","KWT",2009,11730000
"3137","Kuwait","KWT",2010,12180000
"3138","Kuwait","KWT",2011,12500000
"3139","Kuwait","KWT",2012,12850000
"3140","Kuwait","KWT",2013,13150000
"3141","Kuwait","KWT",2014,13620000
"3142","Kuwait","KWT",2015,14050000
"3143","Kuwait","KWT",2016,14500000
"3144","Kuwait","KWT",2017,15080000
"3145","Kuwait","KWT",2018,15890000
"3146","Kuwait","KWT",2019,16309999
"3147","Kuwait","KWT",2020,13210000
"3148","Kuwait","KWT",2021,15800000
"3149","Kuwait","KWT",2022,17240000
"3150","Kyrgyzstan","KGZ",1990,6020000
"3151","Kyrgyzstan","KGZ",1991,4660000
"3152","Kyrgyzstan","KGZ",1992,2710000
"3153","Kyrgyzstan","KGZ",1993,1580000
"3154","Kyrgyzstan","KGZ",1994,5e+05
"3155","Kyrgyzstan","KGZ",1995,1120000
"3156","Kyrgyzstan","KGZ",1996,1180000
"3157","Kyrgyzstan","KGZ",1997,1260000
"3158","Kyrgyzstan","KGZ",1998,1220000
"3159","Kyrgyzstan","KGZ",1999,1130000
"3160","Kyrgyzstan","KGZ",2000,850000
"3161","Kyrgyzstan","KGZ",2001,890000
"3162","Kyrgyzstan","KGZ",2002,780000
"3163","Kyrgyzstan","KGZ",2003,940000
"3164","Kyrgyzstan","KGZ",2004,1180000
"3165","Kyrgyzstan","KGZ",2005,1090000
"3166","Kyrgyzstan","KGZ",2006,1160000
"3167","Kyrgyzstan","KGZ",2007,1750000
"3168","Kyrgyzstan","KGZ",2008,1960000
"3169","Kyrgyzstan","KGZ",2009,2270000
"3170","Kyrgyzstan","KGZ",2010,1980000
"3171","Kyrgyzstan","KGZ",2011,2770000
"3172","Kyrgyzstan","KGZ",2012,3940000
"3173","Kyrgyzstan","KGZ",2013,3940000
"3174","Kyrgyzstan","KGZ",2014,3150000
"3175","Kyrgyzstan","KGZ",2015,2670000
"3176","Kyrgyzstan","KGZ",2016,3270000
"3177","Kyrgyzstan","KGZ",2017,1840000
"3178","Kyrgyzstan","KGZ",2018,1490000
"3179","Kyrgyzstan","KGZ",2019,1130000
"3180","Kyrgyzstan","KGZ",2020,1380000
"3181","Kyrgyzstan","KGZ",2021,1630000
"3182","Kyrgyzstan","KGZ",2022,1450000
"3183","Laos","LAO",2000,770000
"3184","Laos","LAO",2001,870000
"3185","Laos","LAO",2002,890000
"3186","Laos","LAO",2003,930000
"3187","Laos","LAO",2004,960000
"3188","Laos","LAO",2005,1e+06
"3189","Laos","LAO",2006,1070000
"3190","Laos","LAO",2007,1170000
"3191","Laos","LAO",2008,1350000
"3192","Laos","LAO",2009,1510000
"3193","Laos","LAO",2010,1520000
"3194","Laos","LAO",2011,1510000
"3195","Laos","LAO",2012,1690000
"3196","Laos","LAO",2013,1920000
"3197","Laos","LAO",2014,2230000
"3198","Laos","LAO",2015,2350000
"3199","Laos","LAO",2016,2990000
"3200","Laos","LAO",2017,3040000
"3201","Laos","LAO",2018,3120000
"3202","Laos","LAO",2019,2470000
"3203","Laos","LAO",2020,2440000
"3204","Laos","LAO",2021,2490000
"3205","Laos","LAO",2022,2550000
"3206","Latvia","LVA",1990,3060000
"3207","Latvia","LVA",1991,2790000
"3208","Latvia","LVA",1992,2450000
"3209","Latvia","LVA",1993,2280000
"3210","Latvia","LVA",1994,2110000
"3211","Latvia","LVA",1995,2010000
"3212","Latvia","LVA",1996,1930000
"3213","Latvia","LVA",1997,1970000
"3214","Latvia","LVA",1998,1940000
"3215","Latvia","LVA",1999,1910000
"3216","Latvia","LVA",2000,2120000
"3217","Latvia","LVA",2001,2510000
"3218","Latvia","LVA",2002,2590000
"3219","Latvia","LVA",2003,2740000
"3220","Latvia","LVA",2004,2870000
"3221","Latvia","LVA",2005,3e+06
"3222","Latvia","LVA",2006,3320000
"3223","Latvia","LVA",2007,3750000
"3224","Latvia","LVA",2008,3550000
"3225","Latvia","LVA",2009,3110000
"3226","Latvia","LVA",2010,3180000
"3227","Latvia","LVA",2011,2820000
"3228","Latvia","LVA",2012,2730000
"3229","Latvia","LVA",2013,2760000
"3230","Latvia","LVA",2014,2880000
"3231","Latvia","LVA",2015,3060000
"3232","Latvia","LVA",2016,3080000
"3233","Latvia","LVA",2017,3240000
"3234","Latvia","LVA",2018,3240000
"3235","Latvia","LVA",2019,3220000
"3236","Latvia","LVA",2020,3030000
"3237","Latvia","LVA",2021,3130000
"3238","Latvia","LVA",2022,3060000
"3239","Lebanon","LBN",1990,1860000
"3240","Lebanon","LBN",1991,2330000
"3241","Lebanon","LBN",1992,3230000
"3242","Lebanon","LBN",1993,3770000
"3243","Lebanon","LBN",1994,3540000
"3244","Lebanon","LBN",1995,4179999.8
"3245","Lebanon","LBN",1996,4330000
"3246","Lebanon","LBN",1997,4170000
"3247","Lebanon","LBN",1998,4460000
"3248","Lebanon","LBN",1999,4250000
"3249","Lebanon","LBN",2000,4e+06
"3250","Lebanon","LBN",2001,3740000
"3251","Lebanon","LBN",2002,3750000
"3252","Lebanon","LBN",2003,4e+06
"3253","Lebanon","LBN",2004,4010000.2
"3254","Lebanon","LBN",2005,4040000
"3255","Lebanon","LBN",2006,3890000
"3256","Lebanon","LBN",2007,3060000
"3257","Lebanon","LBN",2008,4440000
"3258","Lebanon","LBN",2009,5110000
"3259","Lebanon","LBN",2010,5050000
"3260","Lebanon","LBN",2011,5060000
"3261","Lebanon","LBN",2012,8120000
"3262","Lebanon","LBN",2013,6720000
"3263","Lebanon","LBN",2014,7120000
"3264","Lebanon","LBN",2015,8350000.5
"3265","Lebanon","LBN",2016,8860000
"3266","Lebanon","LBN",2017,9320000
"3267","Lebanon","LBN",2018,8109999.5
"3268","Lebanon","LBN",2019,8420000
"3269","Lebanon","LBN",2020,7230000
"3270","Lebanon","LBN",2021,7010000
"3271","Lebanon","LBN",2022,6390000
"3272","Lesotho","LSO",1990,250000
"3273","Lesotho","LSO",1991,250000
"3274","Lesotho","LSO",1992,250000
"3275","Lesotho","LSO",1993,250000
"3276","Lesotho","LSO",1994,259999.98
"3277","Lesotho","LSO",1995,259999.98
"3278","Lesotho","LSO",1996,259999.98
"3279","Lesotho","LSO",1997,259999.98
"3280","Lesotho","LSO",1998,270000
"3281","Lesotho","LSO",1999,270000
"3282","Lesotho","LSO",2000,270000
"3283","Lesotho","LSO",2001,270000
"3284","Lesotho","LSO",2002,280000
"3285","Lesotho","LSO",2003,280000
"3286","Lesotho","LSO",2004,280000
"3287","Lesotho","LSO",2005,320000
"3288","Lesotho","LSO",2006,310000
"3289","Lesotho","LSO",2007,320000
"3290","Lesotho","LSO",2008,350000
"3291","Lesotho","LSO",2009,390000
"3292","Lesotho","LSO",2010,4e+05
"3293","Lesotho","LSO",2011,410000
"3294","Lesotho","LSO",2012,440000
"3295","Lesotho","LSO",2013,420000
"3296","Lesotho","LSO",2014,430000
"3297","Lesotho","LSO",2015,470000
"3298","Lesotho","LSO",2016,5e+05
"3299","Lesotho","LSO",2017,5e+05
"3300","Lesotho","LSO",2018,530000
"3301","Lesotho","LSO",2019,530000
"3302","Lesotho","LSO",2020,420000
"3303","Lesotho","LSO",2021,470000
"3304","Lesotho","LSO",2022,5e+05
"3305","Liberia","LBR",1990,110000
"3306","Liberia","LBR",1991,80000
"3307","Liberia","LBR",1992,90000
"3308","Liberia","LBR",1993,1e+05
"3309","Liberia","LBR",1994,1e+05
"3310","Liberia","LBR",1995,1e+05
"3311","Liberia","LBR",1996,110000
"3312","Liberia","LBR",1997,110000
"3313","Liberia","LBR",1998,120000
"3314","Liberia","LBR",1999,120000
"3315","Liberia","LBR",2000,120000
"3316","Liberia","LBR",2001,190000
"3317","Liberia","LBR",2002,230000
"3318","Liberia","LBR",2003,259999.98
"3319","Liberia","LBR",2004,310000
"3320","Liberia","LBR",2005,340000
"3321","Liberia","LBR",2006,370000
"3322","Liberia","LBR",2007,330000
"3323","Liberia","LBR",2008,270000
"3324","Liberia","LBR",2009,290000
"3325","Liberia","LBR",2010,430000
"3326","Liberia","LBR",2011,5e+05
"3327","Liberia","LBR",2012,540000
"3328","Liberia","LBR",2013,540000
"3329","Liberia","LBR",2014,370000
"3330","Liberia","LBR",2015,340000
"3331","Liberia","LBR",2016,310000
"3332","Liberia","LBR",2017,280000
"3333","Liberia","LBR",2018,250000
"3334","Liberia","LBR",2019,570000
"3335","Liberia","LBR",2020,360000
"3336","Liberia","LBR",2021,360000
"3337","Liberia","LBR",2022,380000
"3338","Libya","LBY",1990,6190000
"3339","Libya","LBY",1991,6230000
"3340","Libya","LBY",1992,6330000
"3341","Libya","LBY",1993,7440000
"3342","Libya","LBY",1994,8840000
"3343","Libya","LBY",1995,9510000
"3344","Libya","LBY",1996,10520000
"3345","Libya","LBY",1997,10100000
"3346","Libya","LBY",1998,9950000
"3347","Libya","LBY",1999,10950000
"3348","Libya","LBY",2000,11130000
"3349","Libya","LBY",2001,11490000
"3350","Libya","LBY",2002,11710000
"3351","Libya","LBY",2003,11890000
"3352","Libya","LBY",2004,12380000
"3353","Libya","LBY",2005,12860000
"3354","Libya","LBY",2006,12960000
"3355","Libya","LBY",2007,11790000
"3356","Libya","LBY",2008,13460000
"3357","Libya","LBY",2009,15610000
"3358","Libya","LBY",2010,18250000
"3359","Libya","LBY",2011,13620000
"3360","Libya","LBY",2012,16880000
"3361","Libya","LBY",2013,17690000
"3362","Libya","LBY",2014,19560000
"3363","Libya","LBY",2015,15140000
"3364","Libya","LBY",2016,18270000
"3365","Libya","LBY",2017,17220000
"3366","Libya","LBY",2018,16770000
"3367","Libya","LBY",2019,17060000
"3368","Libya","LBY",2020,16670000
"3369","Libya","LBY",2021,16860000
"3370","Libya","LBY",2022,17550000
"3371","Lithuania","LTU",1990,5510000
"3372","Lithuania","LTU",1991,6080000
"3373","Lithuania","LTU",1992,4010000.2
"3374","Lithuania","LTU",1993,3060000
"3375","Lithuania","LTU",1994,2400000
"3376","Lithuania","LTU",1995,2940000
"3377","Lithuania","LTU",1996,3240000
"3378","Lithuania","LTU",1997,3630000
"3379","Lithuania","LTU",1998,3820000
"3380","Lithuania","LTU",1999,3410000
"3381","Lithuania","LTU",2000,3040000
"3382","Lithuania","LTU",2001,3320000
"3383","Lithuania","LTU",2002,3440000
"3384","Lithuania","LTU",2003,3490000
"3385","Lithuania","LTU",2004,3830000
"3386","Lithuania","LTU",2005,4060000
"3387","Lithuania","LTU",2006,4330000
"3388","Lithuania","LTU",2007,5030000
"3389","Lithuania","LTU",2008,5010000
"3390","Lithuania","LTU",2009,4139999.8
"3391","Lithuania","LTU",2010,4280000
"3392","Lithuania","LTU",2011,4250000
"3393","Lithuania","LTU",2012,4280000
"3394","Lithuania","LTU",2013,4280000
"3395","Lithuania","LTU",2014,4760000
"3396","Lithuania","LTU",2015,5050000
"3397","Lithuania","LTU",2016,5440000
"3398","Lithuania","LTU",2017,5690000
"3399","Lithuania","LTU",2018,6050000
"3400","Lithuania","LTU",2019,6270000
"3401","Lithuania","LTU",2020,6110000
"3402","Lithuania","LTU",2021,6090000
"3403","Lithuania","LTU",2022,5980000
"3404","Low-income countries",NA,1990,27830000
"3405","Low-income countries",NA,1991,26900000
"3406","Low-income countries",NA,1992,25730000
"3407","Low-income countries",NA,1993,24030000
"3408","Low-income countries",NA,1994,24210000
"3409","Low-income countries",NA,1995,24350000
"3410","Low-income countries",NA,1996,25370000
"3411","Low-income countries",NA,1997,25080000
"3412","Low-income countries",NA,1998,26860000
"3413","Low-income countries",NA,1999,24340000
"3414","Low-income countries",NA,2000,26640000
"3415","Low-income countries",NA,2001,27710000
"3416","Low-income countries",NA,2002,28660000
"3417","Low-income countries",NA,2003,29790000
"3418","Low-income countries",NA,2004,32980000
"3419","Low-income countries",NA,2005,37730000
"3420","Low-income countries",NA,2006,40070000
"3421","Low-income countries",NA,2007,42380000
"3422","Low-income countries",NA,2008,46210000
"3423","Low-income countries",NA,2009,50730000
"3424","Low-income countries",NA,2010,52590000
"3425","Low-income countries",NA,2011,55230000
"3426","Low-income countries",NA,2012,53360000
"3427","Low-income countries",NA,2013,51840000
"3428","Low-income countries",NA,2014,51850000
"3429","Low-income countries",NA,2015,49280000
"3430","Low-income countries",NA,2016,51090000
"3431","Low-income countries",NA,2017,56280000
"3432","Low-income countries",NA,2018,61350000
"3433","Low-income countries",NA,2019,64320000
"3434","Low-income countries",NA,2020,62390000
"3435","Low-income countries",NA,2021,65680000
"3436","Low-income countries",NA,2022,67830000
"3437","Lower-middle-income countries",NA,1990,175400000
"3438","Lower-middle-income countries",NA,1991,1.81e+08
"3439","Lower-middle-income countries",NA,1992,190070000
"3440","Lower-middle-income countries",NA,1993,195340000
"3441","Lower-middle-income countries",NA,1994,198720000
"3442","Lower-middle-income countries",NA,1995,222270000
"3443","Lower-middle-income countries",NA,1996,243810000
"3444","Lower-middle-income countries",NA,1997,255440000
"3445","Lower-middle-income countries",NA,1998,266230000
"3446","Lower-middle-income countries",NA,1999,279050000
"3447","Lower-middle-income countries",NA,2000,284600000
"3448","Lower-middle-income countries",NA,2001,290960000
"3449","Lower-middle-income countries",NA,2002,302290000
"3450","Lower-middle-income countries",NA,2003,311669980
"3451","Lower-middle-income countries",NA,2004,333210020
"3452","Lower-middle-income countries",NA,2005,338620000
"3453","Lower-middle-income countries",NA,2006,343160000
"3454","Lower-middle-income countries",NA,2007,382170000
"3455","Lower-middle-income countries",NA,2008,411250020
"3456","Lower-middle-income countries",NA,2009,441910000
"3457","Lower-middle-income countries",NA,2010,476960000
"3458","Lower-middle-income countries",NA,2011,505210000
"3459","Lower-middle-income countries",NA,2012,537960000
"3460","Lower-middle-income countries",NA,2013,558100000
"3461","Lower-middle-income countries",NA,2014,583630000
"3462","Lower-middle-income countries",NA,2015,624920000
"3463","Lower-middle-income countries",NA,2016,668240000
"3464","Lower-middle-income countries",NA,2017,700290000
"3465","Lower-middle-income countries",NA,2018,728150000
"3466","Lower-middle-income countries",NA,2019,734619970
"3467","Lower-middle-income countries",NA,2020,667840000
"3468","Lower-middle-income countries",NA,2021,728930000
"3469","Lower-middle-income countries",NA,2022,787750000
"3470","Luxembourg","LUX",1990,2630000
"3471","Luxembourg","LUX",1991,3150000
"3472","Luxembourg","LUX",1992,3440000
"3473","Luxembourg","LUX",1993,3470000
"3474","Luxembourg","LUX",1994,3520000
"3475","Luxembourg","LUX",1995,3350000
"3476","Luxembourg","LUX",1996,3440000
"3477","Luxembourg","LUX",1997,3650000
"3478","Luxembourg","LUX",1998,3820000
"3479","Luxembourg","LUX",1999,4250000
"3480","Luxembourg","LUX",2000,4850000
"3481","Luxembourg","LUX",2001,5100000
"3482","Luxembourg","LUX",2002,5310000
"3483","Luxembourg","LUX",2003,5860000
"3484","Luxembourg","LUX",2004,6830000
"3485","Luxembourg","LUX",2005,7210000
"3486","Luxembourg","LUX",2006,6900000
"3487","Luxembourg","LUX",2007,6620000
"3488","Luxembourg","LUX",2008,6720000
"3489","Luxembourg","LUX",2009,6190000
"3490","Luxembourg","LUX",2010,6550000
"3491","Luxembourg","LUX",2011,6950000
"3492","Luxembourg","LUX",2012,6630000
"3493","Luxembourg","LUX",2013,6480000
"3494","Luxembourg","LUX",2014,6190000
"3495","Luxembourg","LUX",2015,5750000
"3496","Luxembourg","LUX",2016,5580000
"3497","Luxembourg","LUX",2017,5680000
"3498","Luxembourg","LUX",2018,6070000
"3499","Luxembourg","LUX",2019,6200000
"3500","Luxembourg","LUX",2020,4670000
"3501","Luxembourg","LUX",2021,4990000
"3502","Luxembourg","LUX",2022,4330000
"3503","Madagascar","MDG",1990,530000
"3504","Madagascar","MDG",1991,590000
"3505","Madagascar","MDG",1992,6e+05
"3506","Madagascar","MDG",1993,620000
"3507","Madagascar","MDG",1994,7e+05
"3508","Madagascar","MDG",1995,670000
"3509","Madagascar","MDG",1996,7e+05
"3510","Madagascar","MDG",1997,730000
"3511","Madagascar","MDG",1998,830000
"3512","Madagascar","MDG",1999,910000
"3513","Madagascar","MDG",2000,910000
"3514","Madagascar","MDG",2001,870000
"3515","Madagascar","MDG",2002,6e+05
"3516","Madagascar","MDG",2003,840000
"3517","Madagascar","MDG",2004,890000
"3518","Madagascar","MDG",2005,850000
"3519","Madagascar","MDG",2006,820000
"3520","Madagascar","MDG",2007,870000
"3521","Madagascar","MDG",2008,890000
"3522","Madagascar","MDG",2009,850000
"3523","Madagascar","MDG",2010,890000
"3524","Madagascar","MDG",2011,1e+06
"3525","Madagascar","MDG",2012,1020000
"3526","Madagascar","MDG",2013,1070000
"3527","Madagascar","MDG",2014,1140000
"3528","Madagascar","MDG",2015,1180000
"3529","Madagascar","MDG",2016,1220000
"3530","Madagascar","MDG",2017,1240000
"3531","Madagascar","MDG",2018,1190000
"3532","Madagascar","MDG",2019,1400000
"3533","Madagascar","MDG",2020,1160000
"3534","Madagascar","MDG",2021,1370000
"3535","Madagascar","MDG",2022,1520000
"3536","Malawi","MWI",1990,420000
"3537","Malawi","MWI",1991,450000
"3538","Malawi","MWI",1992,450000
"3539","Malawi","MWI",1993,460000
"3540","Malawi","MWI",1994,470000
"3541","Malawi","MWI",1995,470000
"3542","Malawi","MWI",1996,470000
"3543","Malawi","MWI",1997,470000
"3544","Malawi","MWI",1998,430000
"3545","Malawi","MWI",1999,410000
"3546","Malawi","MWI",2000,390000
"3547","Malawi","MWI",2001,4e+05
"3548","Malawi","MWI",2002,420000
"3549","Malawi","MWI",2003,470000
"3550","Malawi","MWI",2004,470000
"3551","Malawi","MWI",2005,450000
"3552","Malawi","MWI",2006,460000
"3553","Malawi","MWI",2007,510000
"3554","Malawi","MWI",2008,650000
"3555","Malawi","MWI",2009,680000
"3556","Malawi","MWI",2010,610000
"3557","Malawi","MWI",2011,630000
"3558","Malawi","MWI",2012,660000
"3559","Malawi","MWI",2013,7e+05
"3560","Malawi","MWI",2014,560000
"3561","Malawi","MWI",2015,640000
"3562","Malawi","MWI",2016,780000
"3563","Malawi","MWI",2017,930000
"3564","Malawi","MWI",2018,1060000
"3565","Malawi","MWI",2019,1300000
"3566","Malawi","MWI",2020,1300000
"3567","Malawi","MWI",2021,1420000
"3568","Malawi","MWI",2022,1490000
"3569","Malaysia","MYS",1990,14560000
"3570","Malaysia","MYS",1991,15670000
"3571","Malaysia","MYS",1992,16750000
"3572","Malaysia","MYS",1993,17430000
"3573","Malaysia","MYS",1994,19250000
"3574","Malaysia","MYS",1995,20480000
"3575","Malaysia","MYS",1996,23390000
"3576","Malaysia","MYS",1997,26930000
"3577","Malaysia","MYS",1998,25150000
"3578","Malaysia","MYS",1999,30410000
"3579","Malaysia","MYS",2000,32210000
"3580","Malaysia","MYS",2001,34960000
"3581","Malaysia","MYS",2002,35800000
"3582","Malaysia","MYS",2003,38120000
"3583","Malaysia","MYS",2004,40960000
"3584","Malaysia","MYS",2005,40700000
"3585","Malaysia","MYS",2006,3.9e+07
"3586","Malaysia","MYS",2007,41530000
"3587","Malaysia","MYS",2008,43620000
"3588","Malaysia","MYS",2009,42750000
"3589","Malaysia","MYS",2010,44100000
"3590","Malaysia","MYS",2011,44630000
"3591","Malaysia","MYS",2012,44400000
"3592","Malaysia","MYS",2013,58170000
"3593","Malaysia","MYS",2014,65160004
"3594","Malaysia","MYS",2015,61210000
"3595","Malaysia","MYS",2016,62890000
"3596","Malaysia","MYS",2017,60570000
"3597","Malaysia","MYS",2018,60830000
"3598","Malaysia","MYS",2019,64780000
"3599","Malaysia","MYS",2020,49910000
"3600","Malaysia","MYS",2021,48600000
"3601","Malaysia","MYS",2022,53850000
"3602","Maldives","MDV",1990,120000
"3603","Maldives","MDV",1991,129999.99
"3604","Maldives","MDV",1992,190000
"3605","Maldives","MDV",1993,160000
"3606","Maldives","MDV",1994,150000
"3607","Maldives","MDV",1995,190000
"3608","Maldives","MDV",1996,210000
"3609","Maldives","MDV",1997,250000
"3610","Maldives","MDV",1998,220000
"3611","Maldives","MDV",1999,310000
"3612","Maldives","MDV",2000,280000
"3613","Maldives","MDV",2001,310000
"3614","Maldives","MDV",2002,4e+05
"3615","Maldives","MDV",2003,3e+05
"3616","Maldives","MDV",2004,4e+05
"3617","Maldives","MDV",2005,370000
"3618","Maldives","MDV",2006,450000
"3619","Maldives","MDV",2007,490000
"3620","Maldives","MDV",2008,480000
"3621","Maldives","MDV",2009,510000
"3622","Maldives","MDV",2010,590000
"3623","Maldives","MDV",2011,610000
"3624","Maldives","MDV",2012,730000
"3625","Maldives","MDV",2013,690000
"3626","Maldives","MDV",2014,770000
"3627","Maldives","MDV",2015,710000
"3628","Maldives","MDV",2016,840000
"3629","Maldives","MDV",2017,870000
"3630","Maldives","MDV",2018,1020000
"3631","Maldives","MDV",2019,1150000
"3632","Maldives","MDV",2020,920000
"3633","Maldives","MDV",2021,1190000
"3634","Maldives","MDV",2022,1140000
"3635","Mali","MLI",2000,760000
"3636","Mali","MLI",2001,9e+05
"3637","Mali","MLI",2002,890000
"3638","Mali","MLI",2003,1e+06
"3639","Mali","MLI",2004,9e+05
"3640","Mali","MLI",2005,1e+06
"3641","Mali","MLI",2006,1200000
"3642","Mali","MLI",2007,1120000
"3643","Mali","MLI",2008,1150000
"3644","Mali","MLI",2009,1400000
"3645","Mali","MLI",2010,1550000
"3646","Mali","MLI",2011,1870000
"3647","Mali","MLI",2012,1910000
"3648","Mali","MLI",2013,1400000
"3649","Mali","MLI",2014,1070000
"3650","Mali","MLI",2015,1190000
"3651","Mali","MLI",2016,2530000
"3652","Mali","MLI",2017,2640000
"3653","Mali","MLI",2018,2650000
"3654","Mali","MLI",2019,3390000
"3655","Mali","MLI",2020,3980000
"3656","Mali","MLI",2021,4370000
"3657","Mali","MLI",2022,4530000
"3658","Malta","MLT",1990,450000
"3659","Malta","MLT",1991,510000
"3660","Malta","MLT",1992,530000
"3661","Malta","MLT",1993,590000
"3662","Malta","MLT",1994,590000
"3663","Malta","MLT",1995,690000
"3664","Malta","MLT",1996,540000
"3665","Malta","MLT",1997,750000
"3666","Malta","MLT",1998,650000
"3667","Malta","MLT",1999,6e+05
"3668","Malta","MLT",2000,460000
"3669","Malta","MLT",2001,430000
"3670","Malta","MLT",2002,290000
"3671","Malta","MLT",2003,370000
"3672","Malta","MLT",2004,450000
"3673","Malta","MLT",2005,5e+05
"3674","Malta","MLT",2006,519999.97
"3675","Malta","MLT",2007,540000
"3676","Malta","MLT",2008,580000
"3677","Malta","MLT",2009,519999.97
"3678","Malta","MLT",2010,560000
"3679","Malta","MLT",2011,550000
"3680","Malta","MLT",2012,540000
"3681","Malta","MLT",2013,540000
"3682","Malta","MLT",2014,550000
"3683","Malta","MLT",2015,590000
"3684","Malta","MLT",2016,590000
"3685","Malta","MLT",2017,610000
"3686","Malta","MLT",2018,660000
"3687","Malta","MLT",2019,7e+05
"3688","Malta","MLT",2020,580000
"3689","Malta","MLT",2021,620000
"3690","Malta","MLT",2022,730000
"3691","Marshall Islands","MHL",1992,30000
"3692","Marshall Islands","MHL",1993,30000
"3693","Marshall Islands","MHL",1994,30000
"3694","Marshall Islands","MHL",1995,30000
"3695","Marshall Islands","MHL",1996,40000
"3696","Marshall Islands","MHL",1997,40000
"3697","Marshall Islands","MHL",1998,40000
"3698","Marshall Islands","MHL",1999,40000
"3699","Marshall Islands","MHL",2000,40000
"3700","Marshall Islands","MHL",2001,40000
"3701","Marshall Islands","MHL",2002,40000
"3702","Marshall Islands","MHL",2003,40000
"3703","Marshall Islands","MHL",2004,40000
"3704","Marshall Islands","MHL",2005,40000
"3705","Marshall Islands","MHL",2006,50000
"3706","Marshall Islands","MHL",2007,70000
"3707","Marshall Islands","MHL",2008,70000
"3708","Marshall Islands","MHL",2009,70000
"3709","Marshall Islands","MHL",2010,80000
"3710","Marshall Islands","MHL",2011,90000
"3711","Marshall Islands","MHL",2012,90000
"3712","Marshall Islands","MHL",2013,80000
"3713","Marshall Islands","MHL",2014,90000
"3714","Marshall Islands","MHL",2015,90000
"3715","Marshall Islands","MHL",2016,90000
"3716","Marshall Islands","MHL",2017,90000
"3717","Marshall Islands","MHL",2018,90000
"3718","Marshall Islands","MHL",2019,90000
"3719","Marshall Islands","MHL",2020,90000
"3720","Marshall Islands","MHL",2021,90000
"3721","Marshall Islands","MHL",2022,80000
"3722","Mauritania","MRT",1990,490000
"3723","Mauritania","MRT",1991,510000
"3724","Mauritania","MRT",1992,540000
"3725","Mauritania","MRT",1993,550000
"3726","Mauritania","MRT",1994,580000
"3727","Mauritania","MRT",1995,630000
"3728","Mauritania","MRT",1996,740000
"3729","Mauritania","MRT",1997,790000
"3730","Mauritania","MRT",1998,890000
"3731","Mauritania","MRT",1999,1030000
"3732","Mauritania","MRT",2000,1050000
"3733","Mauritania","MRT",2001,1170000
"3734","Mauritania","MRT",2002,1350000
"3735","Mauritania","MRT",2003,1450000
"3736","Mauritania","MRT",2004,1570000
"3737","Mauritania","MRT",2005,1580000
"3738","Mauritania","MRT",2006,1560000
"3739","Mauritania","MRT",2007,1960000
"3740","Mauritania","MRT",2008,1690000
"3741","Mauritania","MRT",2009,2180000
"3742","Mauritania","MRT",2010,2160000
"3743","Mauritania","MRT",2011,2120000
"3744","Mauritania","MRT",2012,2430000
"3745","Mauritania","MRT",2013,2320000
"3746","Mauritania","MRT",2014,2500000
"3747","Mauritania","MRT",2015,2730000
"3748","Mauritania","MRT",2016,2910000
"3749","Mauritania","MRT",2017,2680000
"3750","Mauritania","MRT",2018,3050000
"3751","Mauritania","MRT",2019,3260000
"3752","Mauritania","MRT",2020,3360000
"3753","Mauritania","MRT",2021,3830000
"3754","Mauritania","MRT",2022,3950000
"3755","Mauritius","MUS",1990,440000
"3756","Mauritius","MUS",1991,450000
"3757","Mauritius","MUS",1992,5e+05
"3758","Mauritius","MUS",1993,540000
"3759","Mauritius","MUS",1994,550000
"3760","Mauritius","MUS",1995,540000
"3761","Mauritius","MUS",1996,540000
"3762","Mauritius","MUS",1997,530000
"3763","Mauritius","MUS",1998,530000
"3764","Mauritius","MUS",1999,710000
"3765","Mauritius","MUS",2000,750000
"3766","Mauritius","MUS",2001,750000
"3767","Mauritius","MUS",2002,780000
"3768","Mauritius","MUS",2003,810000
"3769","Mauritius","MUS",2004,830000
"3770","Mauritius","MUS",2005,860000
"3771","Mauritius","MUS",2006,870000
"3772","Mauritius","MUS",2007,830000
"3773","Mauritius","MUS",2008,840000
"3774","Mauritius","MUS",2009,870000
"3775","Mauritius","MUS",2010,920000
"3776","Mauritius","MUS",2011,930000
"3777","Mauritius","MUS",2012,950000
"3778","Mauritius","MUS",2013,970000
"3779","Mauritius","MUS",2014,1e+06
"3780","Mauritius","MUS",2015,1030000
"3781","Mauritius","MUS",2016,1100000
"3782","Mauritius","MUS",2017,1120000
"3783","Mauritius","MUS",2018,1140000
"3784","Mauritius","MUS",2019,1200000
"3785","Mauritius","MUS",2020,1010000
"3786","Mauritius","MUS",2021,1030000
"3787","Mauritius","MUS",2022,1150000
"3788","Mexico","MEX",1990,83490000
"3789","Mexico","MEX",1991,89390000
"3790","Mexico","MEX",1992,89690000
"3791","Mexico","MEX",1993,91750000
"3792","Mexico","MEX",1994,97420000
"3793","Mexico","MEX",1995,89390000
"3794","Mexico","MEX",1996,91710000
"3795","Mexico","MEX",1997,95710000
"3796","Mexico","MEX",1998,98310000
"3797","Mexico","MEX",1999,101070000
"3798","Mexico","MEX",2000,105610000
"3799","Mexico","MEX",2001,107880000
"3800","Mexico","MEX",2002,109780000
"3801","Mexico","MEX",2003,116380000
"3802","Mexico","MEX",2004,122760000
"3803","Mexico","MEX",2005,130229990
"3804","Mexico","MEX",2006,137410000
"3805","Mexico","MEX",2007,145170000
"3806","Mexico","MEX",2008,151180000
"3807","Mexico","MEX",2009,147700000
"3808","Mexico","MEX",2010,150580000
"3809","Mexico","MEX",2011,151660000
"3810","Mexico","MEX",2012,152510000
"3811","Mexico","MEX",2013,150640000
"3812","Mexico","MEX",2014,151240000
"3813","Mexico","MEX",2015,150510000
"3814","Mexico","MEX",2016,155890000
"3815","Mexico","MEX",2017,151370000
"3816","Mexico","MEX",2018,147370000
"3817","Mexico","MEX",2019,150130000
"3818","Mexico","MEX",2020,107110000
"3819","Mexico","MEX",2021,105290000
"3820","Mexico","MEX",2022,129810000
"3821","Micronesia (country)","FSM",1992,80000
"3822","Micronesia (country)","FSM",1993,90000
"3823","Micronesia (country)","FSM",1994,90000
"3824","Micronesia (country)","FSM",1995,110000
"3825","Micronesia (country)","FSM",1996,120000
"3826","Micronesia (country)","FSM",1997,120000
"3827","Micronesia (country)","FSM",1998,120000
"3828","Micronesia (country)","FSM",1999,120000
"3829","Micronesia (country)","FSM",2000,110000
"3830","Micronesia (country)","FSM",2001,1e+05
"3831","Micronesia (country)","FSM",2002,80000
"3832","Micronesia (country)","FSM",2003,90000
"3833","Micronesia (country)","FSM",2004,70000
"3834","Micronesia (country)","FSM",2005,50000
"3835","Micronesia (country)","FSM",2006,60000
"3836","Micronesia (country)","FSM",2007,80000
"3837","Micronesia (country)","FSM",2008,60000
"3838","Micronesia (country)","FSM",2009,1e+05
"3839","Micronesia (country)","FSM",2010,50000
"3840","Micronesia (country)","FSM",2011,70000
"3841","Micronesia (country)","FSM",2012,80000
"3842","Micronesia (country)","FSM",2013,80000
"3843","Micronesia (country)","FSM",2014,80000
"3844","Micronesia (country)","FSM",2015,80000
"3845","Micronesia (country)","FSM",2016,80000
"3846","Micronesia (country)","FSM",2017,80000
"3847","Micronesia (country)","FSM",2018,80000
"3848","Micronesia (country)","FSM",2019,90000
"3849","Micronesia (country)","FSM",2020,80000
"3850","Micronesia (country)","FSM",2021,80000
"3851","Micronesia (country)","FSM",2022,80000
"3852","Moldova","MDA",1990,2420000
"3853","Moldova","MDA",1991,2270000
"3854","Moldova","MDA",1992,2200000
"3855","Moldova","MDA",1993,1430000
"3856","Moldova","MDA",1994,1310000
"3857","Moldova","MDA",1995,1300000
"3858","Moldova","MDA",1996,1390000
"3859","Moldova","MDA",1997,1370000
"3860","Moldova","MDA",1998,1080000
"3861","Moldova","MDA",1999,720000
"3862","Moldova","MDA",2000,710000
"3863","Moldova","MDA",2001,710000
"3864","Moldova","MDA",2002,960000
"3865","Moldova","MDA",2003,1130000
"3866","Moldova","MDA",2004,1260000
"3867","Moldova","MDA",2005,1190000
"3868","Moldova","MDA",2006,1200000
"3869","Moldova","MDA",2007,1310000
"3870","Moldova","MDA",2008,1590000
"3871","Moldova","MDA",2009,1510000
"3872","Moldova","MDA",2010,1740000
"3873","Moldova","MDA",2011,1860000
"3874","Moldova","MDA",2012,1630000
"3875","Moldova","MDA",2013,1720000
"3876","Moldova","MDA",2014,1790000
"3877","Moldova","MDA",2015,1950000
"3878","Moldova","MDA",2016,2050000
"3879","Moldova","MDA",2017,2060000
"3880","Moldova","MDA",2018,2100000
"3881","Moldova","MDA",2019,2160000
"3882","Moldova","MDA",2020,2020000
"3883","Moldova","MDA",2021,2230000
"3884","Moldova","MDA",2022,2250000
"3885","Mongolia","MNG",1990,1540000
"3886","Mongolia","MNG",1991,990000
"3887","Mongolia","MNG",1992,890000
"3888","Mongolia","MNG",1993,990000
"3889","Mongolia","MNG",1994,670000
"3890","Mongolia","MNG",1995,830000
"3891","Mongolia","MNG",1996,870000
"3892","Mongolia","MNG",1997,810000
"3893","Mongolia","MNG",1998,790000
"3894","Mongolia","MNG",1999,820000
"3895","Mongolia","MNG",2000,970000
"3896","Mongolia","MNG",2001,930000
"3897","Mongolia","MNG",2002,1039999.94
"3898","Mongolia","MNG",2003,1e+06
"3899","Mongolia","MNG",2004,1160000
"3900","Mongolia","MNG",2005,1030000
"3901","Mongolia","MNG",2006,1280000
"3902","Mongolia","MNG",2007,1540000
"3903","Mongolia","MNG",2008,1620000
"3904","Mongolia","MNG",2009,1480000
"3905","Mongolia","MNG",2010,1450000
"3906","Mongolia","MNG",2011,1720000
"3907","Mongolia","MNG",2012,1970000
"3908","Mongolia","MNG",2013,1920000
"3909","Mongolia","MNG",2014,1990000
"3910","Mongolia","MNG",2015,2010000
"3911","Mongolia","MNG",2016,1760000
"3912","Mongolia","MNG",2017,2110000
"3913","Mongolia","MNG",2018,2170000
"3914","Mongolia","MNG",2019,2720000
"3915","Mongolia","MNG",2020,2790000
"3916","Mongolia","MNG",2021,2710000
"3917","Mongolia","MNG",2022,3020000
"3918","Montenegro","MNE",2005,470000
"3919","Montenegro","MNE",2006,460000
"3920","Montenegro","MNE",2007,610000
"3921","Montenegro","MNE",2008,610000
"3922","Montenegro","MNE",2009,630000
"3923","Montenegro","MNE",2010,690000
"3924","Montenegro","MNE",2011,650000
"3925","Montenegro","MNE",2012,610000
"3926","Montenegro","MNE",2013,5e+05
"3927","Montenegro","MNE",2014,490000
"3928","Montenegro","MNE",2015,560000
"3929","Montenegro","MNE",2016,660000
"3930","Montenegro","MNE",2017,710000
"3931","Montenegro","MNE",2018,760000
"3932","Montenegro","MNE",2019,8e+05
"3933","Montenegro","MNE",2020,690000
"3934","Montenegro","MNE",2021,890000
"3935","Montenegro","MNE",2022,910000
"3936","Morocco","MAR",1990,3890000
"3937","Morocco","MAR",1991,4330000
"3938","Morocco","MAR",1992,4790000
"3939","Morocco","MAR",1993,5220000
"3940","Morocco","MAR",1994,5640000
"3941","Morocco","MAR",1995,5990000
"3942","Morocco","MAR",1996,6400000
"3943","Morocco","MAR",1997,6830000
"3944","Morocco","MAR",1998,7270000
"3945","Morocco","MAR",1999,7760000
"3946","Morocco","MAR",2000,8170000
"3947","Morocco","MAR",2001,8580000
"3948","Morocco","MAR",2002,8990000
"3949","Morocco","MAR",2003,9370000
"3950","Morocco","MAR",2004,9830000
"3951","Morocco","MAR",2005,10240000
"3952","Morocco","MAR",2006,10540000
"3953","Morocco","MAR",2007,11190000
"3954","Morocco","MAR",2008,12260000
"3955","Morocco","MAR",2009,12970000
"3956","Morocco","MAR",2010,13650000
"3957","Morocco","MAR",2011,14440000
"3958","Morocco","MAR",2012,14650000
"3959","Morocco","MAR",2013,15210000
"3960","Morocco","MAR",2014,15410000
"3961","Morocco","MAR",2015,16379999
"3962","Morocco","MAR",2016,17040000
"3963","Morocco","MAR",2017,17680000
"3964","Morocco","MAR",2018,18160000
"3965","Morocco","MAR",2019,18950000
"3966","Morocco","MAR",2020,16639999
"3967","Morocco","MAR",2021,18640000
"3968","Morocco","MAR",2022,17550000
"3969","Mozambique","MOZ",1990,610000
"3970","Mozambique","MOZ",1991,5e+05
"3971","Mozambique","MOZ",1992,690000
"3972","Mozambique","MOZ",1993,850000
"3973","Mozambique","MOZ",1994,7e+05
"3974","Mozambique","MOZ",1995,730000
"3975","Mozambique","MOZ",1996,810000
"3976","Mozambique","MOZ",1997,830000
"3977","Mozambique","MOZ",1998,840000
"3978","Mozambique","MOZ",1999,850000
"3979","Mozambique","MOZ",2000,850000
"3980","Mozambique","MOZ",2001,840000
"3981","Mozambique","MOZ",2002,910000
"3982","Mozambique","MOZ",2003,1130000
"3983","Mozambique","MOZ",2004,1140000
"3984","Mozambique","MOZ",2005,1039999.94
"3985","Mozambique","MOZ",2006,1130000
"3986","Mozambique","MOZ",2007,1400000
"3987","Mozambique","MOZ",2008,1370000
"3988","Mozambique","MOZ",2009,1540000
"3989","Mozambique","MOZ",2010,1700000
"3990","Mozambique","MOZ",2011,2060000
"3991","Mozambique","MOZ",2012,2380000
"3992","Mozambique","MOZ",2013,2580000
"3993","Mozambique","MOZ",2014,3020000
"3994","Mozambique","MOZ",2015,3140000
"3995","Mozambique","MOZ",2016,3470000
"3996","Mozambique","MOZ",2017,3280000
"3997","Mozambique","MOZ",2018,3250000
"3998","Mozambique","MOZ",2019,3590000
"3999","Mozambique","MOZ",2020,3280000
"4000","Mozambique","MOZ",2021,4170000
"4001","Mozambique","MOZ",2022,4340000
"4002","Myanmar","MMR",1990,1340000
"4003","Myanmar","MMR",1991,1260000
"4004","Myanmar","MMR",1992,1039999.94
"4005","Myanmar","MMR",1993,1590000
"4006","Myanmar","MMR",1994,1830000
"4007","Myanmar","MMR",1995,2720000
"4008","Myanmar","MMR",1996,2920000
"4009","Myanmar","MMR",1997,2400000
"4010","Myanmar","MMR",1998,2950000
"4011","Myanmar","MMR",1999,3e+06
"4012","Myanmar","MMR",2000,3510000
"4013","Myanmar","MMR",2001,2820000
"4014","Myanmar","MMR",2002,3470000
"4015","Myanmar","MMR",2003,3880000
"4016","Myanmar","MMR",2004,4320000
"4017","Myanmar","MMR",2005,4750000
"4018","Myanmar","MMR",2006,3990000
"4019","Myanmar","MMR",2007,4490000
"4020","Myanmar","MMR",2008,2100000
"4021","Myanmar","MMR",2009,2190000
"4022","Myanmar","MMR",2010,2300000
"4023","Myanmar","MMR",2011,2360000
"4024","Myanmar","MMR",2012,3030000
"4025","Myanmar","MMR",2013,3510000
"4026","Myanmar","MMR",2014,3960000
"4027","Myanmar","MMR",2015,4330000
"4028","Myanmar","MMR",2016,4440000
"4029","Myanmar","MMR",2017,5930000
"4030","Myanmar","MMR",2018,6100000
"4031","Myanmar","MMR",2019,6360000
"4032","Myanmar","MMR",2020,5870000
"4033","Myanmar","MMR",2021,4960000
"4034","Myanmar","MMR",2022,12980000
"4035","Namibia","NAM",1991,480000
"4036","Namibia","NAM",1992,519999.97
"4037","Namibia","NAM",1993,540000
"4038","Namibia","NAM",1994,580000
"4039","Namibia","NAM",1995,630000
"4040","Namibia","NAM",1996,1050000
"4041","Namibia","NAM",1997,1080000
"4042","Namibia","NAM",1998,1120000
"4043","Namibia","NAM",1999,1150000
"4044","Namibia","NAM",2000,1130000
"4045","Namibia","NAM",2001,1370000
"4046","Namibia","NAM",2002,1210000
"4047","Namibia","NAM",2003,1260000
"4048","Namibia","NAM",2004,1330000
"4049","Namibia","NAM",2005,1560000
"4050","Namibia","NAM",2006,1380000
"4051","Namibia","NAM",2007,1390000
"4052","Namibia","NAM",2008,1520000
"4053","Namibia","NAM",2009,1690000
"4054","Namibia","NAM",2010,1770000
"4055","Namibia","NAM",2011,1790000
"4056","Namibia","NAM",2012,1760000
"4057","Namibia","NAM",2013,1830000
"4058","Namibia","NAM",2014,1900000
"4059","Namibia","NAM",2015,2050000
"4060","Namibia","NAM",2016,2130000
"4061","Namibia","NAM",2017,2130000
"4062","Namibia","NAM",2018,2110000
"4063","Namibia","NAM",2019,2110000
"4064","Namibia","NAM",2020,1930000
"4065","Namibia","NAM",2021,2010000
"4066","Namibia","NAM",2022,1950000
"4067","Nauru","NRU",1990,30000
"4068","Nauru","NRU",1991,30000
"4069","Nauru","NRU",1992,30000
"4070","Nauru","NRU",1993,30000
"4071","Nauru","NRU",1994,30000
"4072","Nauru","NRU",1995,30000
"4073","Nauru","NRU",1996,30000
"4074","Nauru","NRU",1997,30000
"4075","Nauru","NRU",1998,30000
"4076","Nauru","NRU",1999,20000
"4077","Nauru","NRU",2000,20000
"4078","Nauru","NRU",2001,20000
"4079","Nauru","NRU",2002,20000
"4080","Nauru","NRU",2003,10000
"4081","Nauru","NRU",2004,10000
"4082","Nauru","NRU",2005,10000
"4083","Nauru","NRU",2006,10000
"4084","Nauru","NRU",2007,10000
"4085","Nauru","NRU",2008,10000
"4086","Nauru","NRU",2009,10000
"4087","Nauru","NRU",2010,10000
"4088","Nauru","NRU",2011,10000
"4089","Nauru","NRU",2012,10000
"4090","Nauru","NRU",2013,10000
"4091","Nauru","NRU",2014,10000
"4092","Nauru","NRU",2015,10000
"4093","Nauru","NRU",2016,20000
"4094","Nauru","NRU",2017,20000
"4095","Nauru","NRU",2018,20000
"4096","Nauru","NRU",2019,20000
"4097","Nauru","NRU",2020,20000
"4098","Nauru","NRU",2021,20000
"4099","Nauru","NRU",2022,20000
"4100","Nepal","NPL",1990,340000
"4101","Nepal","NPL",1991,4e+05
"4102","Nepal","NPL",1992,440000
"4103","Nepal","NPL",1993,480000
"4104","Nepal","NPL",1994,560000
"4105","Nepal","NPL",1995,620000
"4106","Nepal","NPL",1996,640000
"4107","Nepal","NPL",1997,740000
"4108","Nepal","NPL",1998,770000
"4109","Nepal","NPL",1999,780000
"4110","Nepal","NPL",2000,830000
"4111","Nepal","NPL",2001,750000
"4112","Nepal","NPL",2002,790000
"4113","Nepal","NPL",2003,780000
"4114","Nepal","NPL",2004,840000
"4115","Nepal","NPL",2005,840000
"4116","Nepal","NPL",2006,880000
"4117","Nepal","NPL",2007,910000
"4118","Nepal","NPL",2008,1340000
"4119","Nepal","NPL",2009,1750000
"4120","Nepal","NPL",2010,1940000
"4121","Nepal","NPL",2011,1960000
"4122","Nepal","NPL",2012,1670000
"4123","Nepal","NPL",2013,1880000
"4124","Nepal","NPL",2014,2130000
"4125","Nepal","NPL",2015,1810000
"4126","Nepal","NPL",2016,3040000
"4127","Nepal","NPL",2017,3740000
"4128","Nepal","NPL",2018,4030000.2
"4129","Nepal","NPL",2019,2490000
"4130","Nepal","NPL",2020,3970000
"4131","Nepal","NPL",2021,4540000
"4132","Nepal","NPL",2022,4810000
"4133","Netherlands","NLD",1990,27050000
"4134","Netherlands","NLD",1991,27540000
"4135","Netherlands","NLD",1992,29020000
"4136","Netherlands","NLD",1993,29880000
"4137","Netherlands","NLD",1994,29310000
"4138","Netherlands","NLD",1995,29570000
"4139","Netherlands","NLD",1996,30820000
"4140","Netherlands","NLD",1997,30820000
"4141","Netherlands","NLD",1998,31540000
"4142","Netherlands","NLD",1999,32090000
"4143","Netherlands","NLD",2000,32099998
"4144","Netherlands","NLD",2001,32369998
"4145","Netherlands","NLD",2002,33130002
"4146","Netherlands","NLD",2003,33660000
"4147","Netherlands","NLD",2004,34190000
"4148","Netherlands","NLD",2005,34420000
"4149","Netherlands","NLD",2006,35310000
"4150","Netherlands","NLD",2007,34590000
"4151","Netherlands","NLD",2008,34950000
"4152","Netherlands","NLD",2009,33439998
"4153","Netherlands","NLD",2010,34050000
"4154","Netherlands","NLD",2011,34150000
"4155","Netherlands","NLD",2012,32680000
"4156","Netherlands","NLD",2013,31130000
"4157","Netherlands","NLD",2014,28420000
"4158","Netherlands","NLD",2015,28890000
"4159","Netherlands","NLD",2016,29040000
"4160","Netherlands","NLD",2017,29850000
"4161","Netherlands","NLD",2018,29860000
"4162","Netherlands","NLD",2019,29440000
"4163","Netherlands","NLD",2020,25050000
"4164","Netherlands","NLD",2021,25220000
"4165","Netherlands","NLD",2022,25050000
"4166","New Zealand","NZL",1990,8660000
"4167","New Zealand","NZL",1991,8660000
"4168","New Zealand","NZL",1992,9040000
"4169","New Zealand","NZL",1993,9440000
"4170","New Zealand","NZL",1994,10100000
"4171","New Zealand","NZL",1995,10780000
"4172","New Zealand","NZL",1996,10910000
"4173","New Zealand","NZL",1997,11130000
"4174","New Zealand","NZL",1998,11310000
"4175","New Zealand","NZL",1999,11590000
"4176","New Zealand","NZL",2000,12090000
"4177","New Zealand","NZL",2001,12150000
"4178","New Zealand","NZL",2002,12630000
"4179","New Zealand","NZL",2003,13160000
"4180","New Zealand","NZL",2004,13460000
"4181","New Zealand","NZL",2005,13530000
"4182","New Zealand","NZL",2006,13680000
"4183","New Zealand","NZL",2007,13810000
"4184","New Zealand","NZL",2008,13890000
"4185","New Zealand","NZL",2009,13620000
"4186","New Zealand","NZL",2010,13610000
"4187","New Zealand","NZL",2011,13640000
"4188","New Zealand","NZL",2012,13540000
"4189","New Zealand","NZL",2013,13690000
"4190","New Zealand","NZL",2014,13820000
"4191","New Zealand","NZL",2015,14400000
"4192","New Zealand","NZL",2016,14690000
"4193","New Zealand","NZL",2017,15670000
"4194","New Zealand","NZL",2018,15820000
"4195","New Zealand","NZL",2019,15350000
"4196","New Zealand","NZL",2020,13930000
"4197","New Zealand","NZL",2021,14600000
"4198","New Zealand","NZL",2022,14640000
"4199","Nicaragua","NIC",1990,740000
"4200","Nicaragua","NIC",1991,810000
"4201","Nicaragua","NIC",1992,920000
"4202","Nicaragua","NIC",1993,950000
"4203","Nicaragua","NIC",1994,1010000
"4204","Nicaragua","NIC",1995,1110000
"4205","Nicaragua","NIC",1996,1170000
"4206","Nicaragua","NIC",1997,1240000
"4207","Nicaragua","NIC",1998,1340000
"4208","Nicaragua","NIC",1999,1410000
"4209","Nicaragua","NIC",2000,1450000
"4210","Nicaragua","NIC",2001,1470000
"4211","Nicaragua","NIC",2002,1530000
"4212","Nicaragua","NIC",2003,1520000
"4213","Nicaragua","NIC",2004,1460000
"4214","Nicaragua","NIC",2005,1450000
"4215","Nicaragua","NIC",2006,1490000
"4216","Nicaragua","NIC",2007,1550000
"4217","Nicaragua","NIC",2008,1520000
"4218","Nicaragua","NIC",2009,1490000
"4219","Nicaragua","NIC",2010,1550000
"4220","Nicaragua","NIC",2011,1610000
"4221","Nicaragua","NIC",2012,1700000
"4222","Nicaragua","NIC",2013,1710000
"4223","Nicaragua","NIC",2014,1880000
"4224","Nicaragua","NIC",2015,2130000
"4225","Nicaragua","NIC",2016,2190000
"4226","Nicaragua","NIC",2017,2330000
"4227","Nicaragua","NIC",2018,2079999.9
"4228","Nicaragua","NIC",2019,2150000
"4229","Nicaragua","NIC",2020,2170000
"4230","Nicaragua","NIC",2021,2420000
"4231","Nicaragua","NIC",2022,2410000
"4232","Niger","NER",1990,210000
"4233","Niger","NER",1991,2e+05
"4234","Niger","NER",1992,190000
"4235","Niger","NER",1993,210000
"4236","Niger","NER",1994,210000
"4237","Niger","NER",1995,180000
"4238","Niger","NER",1996,190000
"4239","Niger","NER",1997,190000
"4240","Niger","NER",1998,230000
"4241","Niger","NER",1999,220000
"4242","Niger","NER",2000,350000
"4243","Niger","NER",2001,360000
"4244","Niger","NER",2002,360000
"4245","Niger","NER",2003,390000
"4246","Niger","NER",2004,4e+05
"4247","Niger","NER",2005,4e+05
"4248","Niger","NER",2006,420000
"4249","Niger","NER",2007,490000
"4250","Niger","NER",2008,5e+05
"4251","Niger","NER",2009,650000
"4252","Niger","NER",2010,8e+05
"4253","Niger","NER",2011,770000
"4254","Niger","NER",2012,1039999.94
"4255","Niger","NER",2013,1110000
"4256","Niger","NER",2014,1170000
"4257","Niger","NER",2015,1210000
"4258","Niger","NER",2016,1080000
"4259","Niger","NER",2017,960000
"4260","Niger","NER",2018,1030000
"4261","Niger","NER",2019,1170000
"4262","Niger","NER",2020,1130000
"4263","Niger","NER",2021,1250000
"4264","Niger","NER",2022,1550000
"4265","Nigeria","NGA",1990,11760000
"4266","Nigeria","NGA",1991,15340000
"4267","Nigeria","NGA",1992,18710000
"4268","Nigeria","NGA",1993,16070000
"4269","Nigeria","NGA",1994,12900000
"4270","Nigeria","NGA",1995,14940000
"4271","Nigeria","NGA",1996,17150000
"4272","Nigeria","NGA",1997,21900000
"4273","Nigeria","NGA",1998,18040000
"4274","Nigeria","NGA",1999,19660000
"4275","Nigeria","NGA",2000,21830000
"4276","Nigeria","NGA",2001,26580000
"4277","Nigeria","NGA",2002,27530000
"4278","Nigeria","NGA",2003,29080000
"4279","Nigeria","NGA",2004,29690000
"4280","Nigeria","NGA",2005,28710000
"4281","Nigeria","NGA",2006,24230000
"4282","Nigeria","NGA",2007,21160000
"4283","Nigeria","NGA",2008,25370000
"4284","Nigeria","NGA",2009,23740000
"4285","Nigeria","NGA",2010,29730000
"4286","Nigeria","NGA",2011,31730000
"4287","Nigeria","NGA",2012,35160000
"4288","Nigeria","NGA",2013,44850000
"4289","Nigeria","NGA",2014,49180000
"4290","Nigeria","NGA",2015,44720000
"4291","Nigeria","NGA",2016,51250000
"4292","Nigeria","NGA",2017,51300000
"4293","Nigeria","NGA",2018,54990000
"4294","Nigeria","NGA",2019,58860000
"4295","Nigeria","NGA",2020,50530000
"4296","Nigeria","NGA",2021,57230000
"4297","Nigeria","NGA",2022,60780000
"4298","Niue","NIU",1990,0
"4299","Niue","NIU",1991,0
"4300","Niue","NIU",1992,0
"4301","Niue","NIU",1993,0
"4302","Niue","NIU",1994,0
"4303","Niue","NIU",1995,0
"4304","Niue","NIU",1996,0
"4305","Niue","NIU",1997,0
"4306","Niue","NIU",1998,0
"4307","Niue","NIU",1999,0
"4308","Niue","NIU",2000,0
"4309","Niue","NIU",2001,0
"4310","Niue","NIU",2002,0
"4311","Niue","NIU",2003,0
"4312","Niue","NIU",2004,0
"4313","Niue","NIU",2005,0
"4314","Niue","NIU",2006,0
"4315","Niue","NIU",2007,0
"4316","Niue","NIU",2008,0
"4317","Niue","NIU",2009,0
"4318","Niue","NIU",2010,0
"4319","Niue","NIU",2011,0
"4320","Niue","NIU",2012,0
"4321","Niue","NIU",2013,0
"4322","Niue","NIU",2014,0
"4323","Niue","NIU",2015,0
"4324","Niue","NIU",2016,0
"4325","Niue","NIU",2017,0
"4326","Niue","NIU",2018,0
"4327","Niue","NIU",2019,0
"4328","Niue","NIU",2020,0
"4329","Niue","NIU",2021,0
"4330","Niue","NIU",2022,0
"4331","North America",NA,1990,1.654e+09
"4332","North America",NA,1991,1627870100
"4333","North America",NA,1992,1663880100
"4334","North America",NA,1993,1691659900
"4335","North America",NA,1994,1757320100
"4336","North America",NA,1995,1785990000
"4337","North America",NA,1996,1832059900
"4338","North America",NA,1997,1867500000
"4339","North America",NA,1998,1912950000
"4340","North America",NA,1999,1966630000
"4341","North America",NA,2000,2001900000
"4342","North America",NA,2001,2005220000
"4343","North America",NA,2002,2041940000
"4344","North America",NA,2003,2076100000
"4345","North America",NA,2004,2102830100
"4346","North America",NA,2005,2134230000
"4347","North America",NA,2006,2139430000
"4348","North America",NA,2007,2155110000
"4349","North America",NA,2008,2062280100
"4350","North America",NA,2009,1970350100
"4351","North America",NA,2010,2036430000
"4352","North America",NA,2011,1991670000
"4353","North America",NA,2012,1956450000
"4354","North America",NA,2013,2007509900
"4355","North America",NA,2014,2000820000
"4356","North America",NA,2015,2064350100
"4357","North America",NA,2016,2082110000
"4358","North America",NA,2017,2095150000
"4359","North America",NA,2018,2136180000
"4360","North America",NA,2019,2133980000
"4361","North America",NA,2020,1805580000
"4362","North America",NA,2021,1974890100
"4363","North America",NA,2022,2044560000
"4364","North Korea","PRK",1990,5600000
"4365","North Korea","PRK",1991,4280000
"4366","North Korea","PRK",1992,3490000
"4367","North Korea","PRK",1993,3130000
"4368","North Korea","PRK",1994,2110000
"4369","North Korea","PRK",1995,2530000
"4370","North Korea","PRK",1996,2040000
"4371","North Korea","PRK",1997,1130000
"4372","North Korea","PRK",1998,2120000
"4373","North Korea","PRK",1999,890000
"4374","North Korea","PRK",2000,1710000
"4375","North Korea","PRK",2001,1570000
"4376","North Korea","PRK",2002,1570000
"4377","North Korea","PRK",2003,1530000
"4378","North Korea","PRK",2004,1550000
"4379","North Korea","PRK",2005,1300000
"4380","North Korea","PRK",2006,1e+06
"4381","North Korea","PRK",2007,1190000
"4382","North Korea","PRK",2008,1220000
"4383","North Korea","PRK",2009,1320000
"4384","North Korea","PRK",2010,1320000
"4385","North Korea","PRK",2011,1330000
"4386","North Korea","PRK",2012,1320000
"4387","North Korea","PRK",2013,1440000
"4388","North Korea","PRK",2014,1340000
"4389","North Korea","PRK",2015,1410000
"4390","North Korea","PRK",2016,1450000
"4391","North Korea","PRK",2017,5430000
"4392","North Korea","PRK",2018,4870000
"4393","North Korea","PRK",2019,5400000
"4394","North Korea","PRK",2020,5220000
"4395","North Korea","PRK",2021,4420000
"4396","North Korea","PRK",2022,4580000
"4397","North Macedonia","MKD",1990,770000
"4398","North Macedonia","MKD",1991,770000
"4399","North Macedonia","MKD",1992,770000
"4400","North Macedonia","MKD",1993,1450000
"4401","North Macedonia","MKD",1994,930000
"4402","North Macedonia","MKD",1995,880000
"4403","North Macedonia","MKD",1996,1670000
"4404","North Macedonia","MKD",1997,1480000
"4405","North Macedonia","MKD",1998,1010000
"4406","North Macedonia","MKD",1999,1080000
"4407","North Macedonia","MKD",2000,980000
"4408","North Macedonia","MKD",2001,940000
"4409","North Macedonia","MKD",2002,990000
"4410","North Macedonia","MKD",2003,990000
"4411","North Macedonia","MKD",2004,1010000
"4412","North Macedonia","MKD",2005,1020000
"4413","North Macedonia","MKD",2006,1020000
"4414","North Macedonia","MKD",2007,1170000
"4415","North Macedonia","MKD",2008,1200000
"4416","North Macedonia","MKD",2009,1290000
"4417","North Macedonia","MKD",2010,1350000
"4418","North Macedonia","MKD",2011,1420000
"4419","North Macedonia","MKD",2012,1360000
"4420","North Macedonia","MKD",2013,1540000
"4421","North Macedonia","MKD",2014,1620000
"4422","North Macedonia","MKD",2015,1800000
"4423","North Macedonia","MKD",2016,2050000
"4424","North Macedonia","MKD",2017,2130000
"4425","North Macedonia","MKD",2018,2130000
"4426","North Macedonia","MKD",2019,2310000
"4427","North Macedonia","MKD",2020,1950000
"4428","North Macedonia","MKD",2021,2240000
"4429","North Macedonia","MKD",2022,2260000
"4430","Norway","NOR",1990,10030000
"4431","Norway","NOR",1991,10150000
"4432","Norway","NOR",1992,10400000
"4433","Norway","NOR",1993,11010000
"4434","Norway","NOR",1994,10840000
"4435","Norway","NOR",1995,11520000
"4436","Norway","NOR",1996,12050000
"4437","Norway","NOR",1997,12240000
"4438","Norway","NOR",1998,12680000
"4439","Norway","NOR",1999,12890000
"4440","Norway","NOR",2000,12060000
"4441","Norway","NOR",2001,12260000
"4442","Norway","NOR",2002,12260000
"4443","Norway","NOR",2003,12640000
"4444","Norway","NOR",2004,13010000
"4445","Norway","NOR",2005,13070000
"4446","Norway","NOR",2006,13680000
"4447","Norway","NOR",2007,14270000
"4448","Norway","NOR",2008,13930000
"4449","Norway","NOR",2009,13630000
"4450","Norway","NOR",2010,15010000
"4451","Norway","NOR",2011,14980000
"4452","Norway","NOR",2012,15110000
"4453","Norway","NOR",2013,14980000
"4454","Norway","NOR",2014,15280000
"4455","Norway","NOR",2015,15240000
"4456","Norway","NOR",2016,14760000
"4457","Norway","NOR",2017,13950000
"4458","Norway","NOR",2018,13950000
"4459","Norway","NOR",2019,13600000
"4460","Norway","NOR",2020,12830000
"4461","Norway","NOR",2021,13340000
"4462","Norway","NOR",2022,13740000
"4463","Oceania",NA,1990,72070000
"4464","Oceania",NA,1991,70650000
"4465","Oceania",NA,1992,72750000
"4466","Oceania",NA,1993,74340000
"4467","Oceania",NA,1994,76670000
"4468","Oceania",NA,1995,80100000
"4469","Oceania",NA,1996,82770000
"4470","Oceania",NA,1997,84380000
"4471","Oceania",NA,1998,84570000
"4472","Oceania",NA,1999,86180000
"4473","Oceania",NA,2000,89070000
"4474","Oceania",NA,2001,88690000
"4475","Oceania",NA,2002,90820000
"4476","Oceania",NA,2003,91770000
"4477","Oceania",NA,2004,94990000
"4478","Oceania",NA,2005,95210000
"4479","Oceania",NA,2006,97340000
"4480","Oceania",NA,2007,99740000
"4481","Oceania",NA,2008,101400000
"4482","Oceania",NA,2009,100830000
"4483","Oceania",NA,2010,103670000
"4484","Oceania",NA,2011,105950000
"4485","Oceania",NA,2012,106710000
"4486","Oceania",NA,2013,108470000
"4487","Oceania",NA,2014,1.09e+08
"4488","Oceania",NA,2015,109530000
"4489","Oceania",NA,2016,111230000
"4490","Oceania",NA,2017,113880000
"4491","Oceania",NA,2018,116450000
"4492","Oceania",NA,2019,115820000
"4493","Oceania",NA,2020,107720000
"4494","Oceania",NA,2021,105380000
"4495","Oceania",NA,2022,106890000
"4496","Oman","OMN",1990,1680000
"4497","Oman","OMN",1991,1800000
"4498","Oman","OMN",1992,1950000
"4499","Oman","OMN",1993,2079999.9
"4500","Oman","OMN",1994,2110000
"4501","Oman","OMN",1995,2190000
"4502","Oman","OMN",1996,2270000
"4503","Oman","OMN",1997,2420000
"4504","Oman","OMN",1998,2490000
"4505","Oman","OMN",1999,2540000
"4506","Oman","OMN",2000,2620000
"4507","Oman","OMN",2001,2880000
"4508","Oman","OMN",2002,2810000
"4509","Oman","OMN",2003,3040000
"4510","Oman","OMN",2004,3210000
"4511","Oman","OMN",2005,3670000
"4512","Oman","OMN",2006,4090000.2
"4513","Oman","OMN",2007,6170000
"4514","Oman","OMN",2008,7320000
"4515","Oman","OMN",2009,7440000
"4516","Oman","OMN",2010,8250000
"4517","Oman","OMN",2011,9560000
"4518","Oman","OMN",2012,10840000
"4519","Oman","OMN",2013,11950000
"4520","Oman","OMN",2014,12540000
"4521","Oman","OMN",2015,13210000
"4522","Oman","OMN",2016,12410000
"4523","Oman","OMN",2017,12300000
"4524","Oman","OMN",2018,12140000
"4525","Oman","OMN",2019,12090000
"4526","Oman","OMN",2020,10050000
"4527","Oman","OMN",2021,10410000
"4528","Oman","OMN",2022,13300000
"4529","Pakistan","PAK",1990,13790000
"4530","Pakistan","PAK",1991,14300000
"4531","Pakistan","PAK",1992,16110001
"4532","Pakistan","PAK",1993,18420000
"4533","Pakistan","PAK",1994,19470000
"4534","Pakistan","PAK",1995,20240000
"4535","Pakistan","PAK",1996,22790000
"4536","Pakistan","PAK",1997,23350000
"4537","Pakistan","PAK",1998,24560000
"4538","Pakistan","PAK",1999,25890000
"4539","Pakistan","PAK",2000,25600000
"4540","Pakistan","PAK",2001,25530000
"4541","Pakistan","PAK",2002,25870000
"4542","Pakistan","PAK",2003,27130000
"4543","Pakistan","PAK",2004,29260000
"4544","Pakistan","PAK",2005,27200000
"4545","Pakistan","PAK",2006,27590000
"4546","Pakistan","PAK",2007,33200000
"4547","Pakistan","PAK",2008,32169998
"4548","Pakistan","PAK",2009,32689998
"4549","Pakistan","PAK",2010,33360000
"4550","Pakistan","PAK",2011,34950000
"4551","Pakistan","PAK",2012,35750000
"4552","Pakistan","PAK",2013,36590000
"4553","Pakistan","PAK",2014,39060000
"4554","Pakistan","PAK",2015,44070000
"4555","Pakistan","PAK",2016,49130000
"4556","Pakistan","PAK",2017,53840000
"4557","Pakistan","PAK",2018,49340000
"4558","Pakistan","PAK",2019,45900000
"4559","Pakistan","PAK",2020,52770000
"4560","Pakistan","PAK",2021,56410000
"4561","Pakistan","PAK",2022,57510000
"4562","Palau","PLW",1992,1e+05
"4563","Palau","PLW",1993,1e+05
"4564","Palau","PLW",1994,1e+05
"4565","Palau","PLW",1995,1e+05
"4566","Palau","PLW",1996,1e+05
"4567","Palau","PLW",1997,110000
"4568","Palau","PLW",1998,110000
"4569","Palau","PLW",1999,110000
"4570","Palau","PLW",2000,110000
"4571","Palau","PLW",2001,110000
"4572","Palau","PLW",2002,110000
"4573","Palau","PLW",2003,110000
"4574","Palau","PLW",2004,110000
"4575","Palau","PLW",2005,120000
"4576","Palau","PLW",2006,129999.99
"4577","Palau","PLW",2007,129999.99
"4578","Palau","PLW",2008,129999.99
"4579","Palau","PLW",2009,129999.99
"4580","Palau","PLW",2010,129999.99
"4581","Palau","PLW",2011,140000
"4582","Palau","PLW",2012,150000
"4583","Palau","PLW",2013,150000
"4584","Palau","PLW",2014,150000
"4585","Palau","PLW",2015,140000
"4586","Palau","PLW",2016,129999.99
"4587","Palau","PLW",2017,140000
"4588","Palau","PLW",2018,140000
"4589","Palau","PLW",2019,140000
"4590","Palau","PLW",2020,129999.99
"4591","Palau","PLW",2021,129999.99
"4592","Palau","PLW",2022,129999.99
"4593","Panama","PAN",1990,1270000
"4594","Panama","PAN",1991,1330000
"4595","Panama","PAN",1992,1430000
"4596","Panama","PAN",1993,1540000
"4597","Panama","PAN",1994,1650000
"4598","Panama","PAN",1995,1730000
"4599","Panama","PAN",1996,1820000
"4600","Panama","PAN",1997,1940000
"4601","Panama","PAN",1998,2160000
"4602","Panama","PAN",1999,2310000
"4603","Panama","PAN",2000,2330000
"4604","Panama","PAN",2001,2230000
"4605","Panama","PAN",2002,2360000
"4606","Panama","PAN",2003,2480000
"4607","Panama","PAN",2004,2550000
"4608","Panama","PAN",2005,2890000
"4609","Panama","PAN",2006,3030000
"4610","Panama","PAN",2007,2830000
"4611","Panama","PAN",2008,3140000
"4612","Panama","PAN",2009,3420000
"4613","Panama","PAN",2010,3560000
"4614","Panama","PAN",2011,3670000
"4615","Panama","PAN",2012,3710000
"4616","Panama","PAN",2013,3700000
"4617","Panama","PAN",2014,3950000
"4618","Panama","PAN",2015,4350000
"4619","Panama","PAN",2016,4700000
"4620","Panama","PAN",2017,4860000
"4621","Panama","PAN",2018,4810000
"4622","Panama","PAN",2019,5170000
"4623","Panama","PAN",2020,3790000
"4624","Panama","PAN",2021,4780000
"4625","Panama","PAN",2022,5550000
"4626","Papua New Guinea","PNG",1990,650000
"4627","Papua New Guinea","PNG",1991,650000
"4628","Papua New Guinea","PNG",1992,650000
"4629","Papua New Guinea","PNG",1993,7e+05
"4630","Papua New Guinea","PNG",1994,710000
"4631","Papua New Guinea","PNG",1995,710000
"4632","Papua New Guinea","PNG",1996,740000
"4633","Papua New Guinea","PNG",1997,730000
"4634","Papua New Guinea","PNG",1998,750000
"4635","Papua New Guinea","PNG",1999,710000
"4636","Papua New Guinea","PNG",2000,830000
"4637","Papua New Guinea","PNG",2001,890000
"4638","Papua New Guinea","PNG",2002,940000
"4639","Papua New Guinea","PNG",2003,1020000
"4640","Papua New Guinea","PNG",2004,1150000
"4641","Papua New Guinea","PNG",2005,1160000
"4642","Papua New Guinea","PNG",2006,1130000
"4643","Papua New Guinea","PNG",2007,1e+06
"4644","Papua New Guinea","PNG",2008,1060000
"4645","Papua New Guinea","PNG",2009,1080000
"4646","Papua New Guinea","PNG",2010,1130000
"4647","Papua New Guinea","PNG",2011,1170000
"4648","Papua New Guinea","PNG",2012,1360000
"4649","Papua New Guinea","PNG",2013,1440000
"4650","Papua New Guinea","PNG",2014,1580000
"4651","Papua New Guinea","PNG",2015,1700000
"4652","Papua New Guinea","PNG",2016,1720000
"4653","Papua New Guinea","PNG",2017,1750000
"4654","Papua New Guinea","PNG",2018,1650000
"4655","Papua New Guinea","PNG",2019,1670000
"4656","Papua New Guinea","PNG",2020,1760000
"4657","Papua New Guinea","PNG",2021,1570000
"4658","Papua New Guinea","PNG",2022,1510000
"4659","Paraguay","PRY",1990,1620000
"4660","Paraguay","PRY",1991,1530000
"4661","Paraguay","PRY",1992,1830000
"4662","Paraguay","PRY",1993,2280000
"4663","Paraguay","PRY",1994,2570000
"4664","Paraguay","PRY",1995,2930000
"4665","Paraguay","PRY",1996,2960000
"4666","Paraguay","PRY",1997,3320000
"4667","Paraguay","PRY",1998,3480000
"4668","Paraguay","PRY",1999,3480000
"4669","Paraguay","PRY",2000,2800000
"4670","Paraguay","PRY",2001,2990000
"4671","Paraguay","PRY",2002,3170000
"4672","Paraguay","PRY",2003,3370000
"4673","Paraguay","PRY",2004,3370000
"4674","Paraguay","PRY",2005,3060000
"4675","Paraguay","PRY",2006,3360000
"4676","Paraguay","PRY",2007,3210000
"4677","Paraguay","PRY",2008,3800000
"4678","Paraguay","PRY",2009,3960000
"4679","Paraguay","PRY",2010,4450000
"4680","Paraguay","PRY",2011,4670000
"4681","Paraguay","PRY",2012,4420000
"4682","Paraguay","PRY",2013,4740000
"4683","Paraguay","PRY",2014,4980000
"4684","Paraguay","PRY",2015,5470000
"4685","Paraguay","PRY",2016,6400000
"4686","Paraguay","PRY",2017,7250000
"4687","Paraguay","PRY",2018,7610000
"4688","Paraguay","PRY",2019,7380000
"4689","Paraguay","PRY",2020,6800000
"4690","Paraguay","PRY",2021,6810000
"4691","Paraguay","PRY",2022,6130000
"4692","Peru","PER",1990,7140000
"4693","Peru","PER",1991,6380000
"4694","Peru","PER",1992,6900000
"4695","Peru","PER",1993,7050000
"4696","Peru","PER",1994,8e+06
"4697","Peru","PER",1995,8700000
"4698","Peru","PER",1996,9090000
"4699","Peru","PER",1997,9400000
"4700","Peru","PER",1998,9350000
"4701","Peru","PER",1999,9870000
"4702","Peru","PER",2000,9710000
"4703","Peru","PER",2001,9050000
"4704","Peru","PER",2002,8920000
"4705","Peru","PER",2003,9370000
"4706","Peru","PER",2004,10610000
"4707","Peru","PER",2005,10080000
"4708","Peru","PER",2006,10830000
"4709","Peru","PER",2007,11280000
"4710","Peru","PER",2008,13790000
"4711","Peru","PER",2009,15070000
"4712","Peru","PER",2010,16880000
"4713","Peru","PER",2011,17700000
"4714","Peru","PER",2012,18010000
"4715","Peru","PER",2013,19560000
"4716","Peru","PER",2014,19340000
"4717","Peru","PER",2015,21150000
"4718","Peru","PER",2016,23150000
"4719","Peru","PER",2017,23480000
"4720","Peru","PER",2018,24180000
"4721","Peru","PER",2019,25570000
"4722","Peru","PER",2020,19920000
"4723","Peru","PER",2021,26420000
"4724","Peru","PER",2022,26810000
"4725","Philippines","PHL",1990,13760000
"4726","Philippines","PHL",1991,13010000
"4727","Philippines","PHL",1992,15090000
"4728","Philippines","PHL",1993,17110000
"4729","Philippines","PHL",1994,1.8e+07
"4730","Philippines","PHL",1995,21270000
"4731","Philippines","PHL",1996,24100000
"4732","Philippines","PHL",1997,24750000
"4733","Philippines","PHL",1998,25460000
"4734","Philippines","PHL",1999,25160000
"4735","Philippines","PHL",2000,25240000
"4736","Philippines","PHL",2001,25170000
"4737","Philippines","PHL",2002,26100000
"4738","Philippines","PHL",2003,25500000
"4739","Philippines","PHL",2004,26390000
"4740","Philippines","PHL",2005,25110000
"4741","Philippines","PHL",2006,23580000
"4742","Philippines","PHL",2007,23710000
"4743","Philippines","PHL",2008,22720000
"4744","Philippines","PHL",2009,23590000
"4745","Philippines","PHL",2010,23750000
"4746","Philippines","PHL",2011,23530000
"4747","Philippines","PHL",2012,24490000
"4748","Philippines","PHL",2013,25560000
"4749","Philippines","PHL",2014,26650000
"4750","Philippines","PHL",2015,30820000
"4751","Philippines","PHL",2016,33340000
"4752","Philippines","PHL",2017,34460000
"4753","Philippines","PHL",2018,35640000
"4754","Philippines","PHL",2019,36910000
"4755","Philippines","PHL",2020,28460000
"4756","Philippines","PHL",2021,31780000
"4757","Philippines","PHL",2022,35690000
"4758","Poland","POL",1990,20230000
"4759","Poland","POL",1991,21090000
"4760","Poland","POL",1992,21470000
"4761","Poland","POL",1993,20890000
"4762","Poland","POL",1994,21540000
"4763","Poland","POL",1995,22320000
"4764","Poland","POL",1996,25280000
"4765","Poland","POL",1997,26740000
"4766","Poland","POL",1998,28190000
"4767","Poland","POL",1999,30670000
"4768","Poland","POL",2000,26970000
"4769","Poland","POL",2001,26800000
"4770","Poland","POL",2002,25880000
"4771","Poland","POL",2003,28300000
"4772","Poland","POL",2004,32090000
"4773","Poland","POL",2005,34510000
"4774","Poland","POL",2006,38260000
"4775","Poland","POL",2007,42330000
"4776","Poland","POL",2008,44280000
"4777","Poland","POL",2009,44690000
"4778","Poland","POL",2010,47120000
"4779","Poland","POL",2011,47720000
"4780","Poland","POL",2012,45870000
"4781","Poland","POL",2013,43180000
"4782","Poland","POL",2014,43790000
"4783","Poland","POL",2015,46650000
"4784","Poland","POL",2016,53260000
"4785","Poland","POL",2017,61540000
"4786","Poland","POL",2018,63320000
"4787","Poland","POL",2019,64290000
"4788","Poland","POL",2020,61380000
"4789","Poland","POL",2021,66430000
"4790","Poland","POL",2022,67340000
"4791","Portugal","PRT",1990,9690000
"4792","Portugal","PRT",1991,10350000
"4793","Portugal","PRT",1992,11260000
"4794","Portugal","PRT",1993,11820000
"4795","Portugal","PRT",1994,12430000
"4796","Portugal","PRT",1995,12920000
"4797","Portugal","PRT",1996,13690000
"4798","Portugal","PRT",1997,14250000
"4799","Portugal","PRT",1998,15520000
"4800","Portugal","PRT",1999,16250000
"4801","Portugal","PRT",2000,17610000
"4802","Portugal","PRT",2001,17850000
"4803","Portugal","PRT",2002,18490000
"4804","Portugal","PRT",2003,19440000
"4805","Portugal","PRT",2004,19900000
"4806","Portugal","PRT",2005,19070000
"4807","Portugal","PRT",2006,19020000
"4808","Portugal","PRT",2007,19180000
"4809","Portugal","PRT",2008,19240000
"4810","Portugal","PRT",2009,18960000
"4811","Portugal","PRT",2010,18530000
"4812","Portugal","PRT",2011,17200000
"4813","Portugal","PRT",2012,15830000
"4814","Portugal","PRT",2013,15600000
"4815","Portugal","PRT",2014,15690000
"4816","Portugal","PRT",2015,15770000
"4817","Portugal","PRT",2016,16350000
"4818","Portugal","PRT",2017,16700001
"4819","Portugal","PRT",2018,16820000
"4820","Portugal","PRT",2019,17200000
"4821","Portugal","PRT",2020,14330000
"4822","Portugal","PRT",2021,15430000
"4823","Portugal","PRT",2022,16400000
"4824","Qatar","QAT",1990,1470000
"4825","Qatar","QAT",1991,1490000
"4826","Qatar","QAT",1992,1580000
"4827","Qatar","QAT",1993,1670000
"4828","Qatar","QAT",1994,1780000
"4829","Qatar","QAT",1995,1970000
"4830","Qatar","QAT",1996,2100000
"4831","Qatar","QAT",1997,2350000
"4832","Qatar","QAT",1998,2470000
"4833","Qatar","QAT",1999,2290000
"4834","Qatar","QAT",2000,2420000
"4835","Qatar","QAT",2001,2620000
"4836","Qatar","QAT",2002,2900000
"4837","Qatar","QAT",2003,3360000
"4838","Qatar","QAT",2004,3760000
"4839","Qatar","QAT",2005,4730000
"4840","Qatar","QAT",2006,5650000
"4841","Qatar","QAT",2007,6550000
"4842","Qatar","QAT",2008,8410000
"4843","Qatar","QAT",2009,8460000
"4844","Qatar","QAT",2010,8870000
"4845","Qatar","QAT",2011,9850000
"4846","Qatar","QAT",2012,9300000
"4847","Qatar","QAT",2013,10190000
"4848","Qatar","QAT",2014,12270000
"4849","Qatar","QAT",2015,12790000
"4850","Qatar","QAT",2016,13180000
"4851","Qatar","QAT",2017,13450000
"4852","Qatar","QAT",2018,11760000
"4853","Qatar","QAT",2019,12330000
"4854","Qatar","QAT",2020,11450000
"4855","Qatar","QAT",2021,12180000
"4856","Qatar","QAT",2022,11580000
"4857","Romania","ROU",1990,11730000
"4858","Romania","ROU",1991,10280000
"4859","Romania","ROU",1992,10420000
"4860","Romania","ROU",1993,8350000.5
"4861","Romania","ROU",1994,8860000
"4862","Romania","ROU",1995,8170000
"4863","Romania","ROU",1996,11480000
"4864","Romania","ROU",1997,11680000
"4865","Romania","ROU",1998,11050000
"4866","Romania","ROU",1999,9310000
"4867","Romania","ROU",2000,9450000
"4868","Romania","ROU",2001,11550000
"4869","Romania","ROU",2002,11790000
"4870","Romania","ROU",2003,12420000
"4871","Romania","ROU",2004,12890000
"4872","Romania","ROU",2005,12070000
"4873","Romania","ROU",2006,12520000
"4874","Romania","ROU",2007,13280000
"4875","Romania","ROU",2008,14860000
"4876","Romania","ROU",2009,14890000
"4877","Romania","ROU",2010,13830000
"4878","Romania","ROU",2011,14050000
"4879","Romania","ROU",2012,15320000
"4880","Romania","ROU",2013,14920000
"4881","Romania","ROU",2014,15280000
"4882","Romania","ROU",2015,15400000
"4883","Romania","ROU",2016,16459999
"4884","Romania","ROU",2017,17590000
"4885","Romania","ROU",2018,18080000
"4886","Romania","ROU",2019,18550000
"4887","Romania","ROU",2020,1.8e+07
"4888","Romania","ROU",2021,19180000
"4889","Romania","ROU",2022,20750000
"4890","Russia","RUS",1990,298760000
"4891","Russia","RUS",1991,293100000
"4892","Russia","RUS",1992,280700000
"4893","Russia","RUS",1993,235620000
"4894","Russia","RUS",1994,207060000
"4895","Russia","RUS",1995,190940000
"4896","Russia","RUS",1996,181470000
"4897","Russia","RUS",1997,166570000
"4898","Russia","RUS",1998,196400000
"4899","Russia","RUS",1999,198050000
"4900","Russia","RUS",2000,189170000
"4901","Russia","RUS",2001,195640000
"4902","Russia","RUS",2002,198610000
"4903","Russia","RUS",2003,207550000
"4904","Russia","RUS",2004,222180000
"4905","Russia","RUS",2005,220890000
"4906","Russia","RUS",2006,229170000
"4907","Russia","RUS",2007,230710000
"4908","Russia","RUS",2008,245300000
"4909","Russia","RUS",2009,228320000
"4910","Russia","RUS",2010,244130000
"4911","Russia","RUS",2011,249690000
"4912","Russia","RUS",2012,237320000
"4913","Russia","RUS",2013,238700000
"4914","Russia","RUS",2014,241390000
"4915","Russia","RUS",2015,240610000
"4916","Russia","RUS",2016,240200000
"4917","Russia","RUS",2017,246060000
"4918","Russia","RUS",2018,258019980
"4919","Russia","RUS",2019,262480020
"4920","Russia","RUS",2020,239830000
"4921","Russia","RUS",2021,261900000
"4922","Russia","RUS",2022,267079980
"4923","Rwanda","RWA",1990,350000
"4924","Rwanda","RWA",1991,330000
"4925","Rwanda","RWA",1992,340000
"4926","Rwanda","RWA",1993,350000
"4927","Rwanda","RWA",1994,370000
"4928","Rwanda","RWA",1995,360000
"4929","Rwanda","RWA",1996,350000
"4930","Rwanda","RWA",1997,360000
"4931","Rwanda","RWA",1998,350000
"4932","Rwanda","RWA",1999,370000
"4933","Rwanda","RWA",2000,3e+05
"4934","Rwanda","RWA",2001,310000
"4935","Rwanda","RWA",2002,370000
"4936","Rwanda","RWA",2003,310000
"4937","Rwanda","RWA",2004,3e+05
"4938","Rwanda","RWA",2005,330000
"4939","Rwanda","RWA",2006,320000
"4940","Rwanda","RWA",2007,290000
"4941","Rwanda","RWA",2008,290000
"4942","Rwanda","RWA",2009,3e+05
"4943","Rwanda","RWA",2010,3e+05
"4944","Rwanda","RWA",2011,380000
"4945","Rwanda","RWA",2012,410000
"4946","Rwanda","RWA",2013,490000
"4947","Rwanda","RWA",2014,530000
"4948","Rwanda","RWA",2015,620000
"4949","Rwanda","RWA",2016,570000
"4950","Rwanda","RWA",2017,560000
"4951","Rwanda","RWA",2018,519999.97
"4952","Rwanda","RWA",2019,620000
"4953","Rwanda","RWA",2020,590000
"4954","Rwanda","RWA",2021,650000
"4955","Rwanda","RWA",2022,780000
"4956","Saint Kitts and Nevis","KNA",1990,30000
"4957","Saint Kitts and Nevis","KNA",1991,30000
"4958","Saint Kitts and Nevis","KNA",1992,40000
"4959","Saint Kitts and Nevis","KNA",1993,40000
"4960","Saint Kitts and Nevis","KNA",1994,40000
"4961","Saint Kitts and Nevis","KNA",1995,40000
"4962","Saint Kitts and Nevis","KNA",1996,40000
"4963","Saint Kitts and Nevis","KNA",1997,40000
"4964","Saint Kitts and Nevis","KNA",1998,50000
"4965","Saint Kitts and Nevis","KNA",1999,50000
"4966","Saint Kitts and Nevis","KNA",2000,50000
"4967","Saint Kitts and Nevis","KNA",2001,50000
"4968","Saint Kitts and Nevis","KNA",2002,60000
"4969","Saint Kitts and Nevis","KNA",2003,60000
"4970","Saint Kitts and Nevis","KNA",2004,60000
"4971","Saint Kitts and Nevis","KNA",2005,50000
"4972","Saint Kitts and Nevis","KNA",2006,60000
"4973","Saint Kitts and Nevis","KNA",2007,60000
"4974","Saint Kitts and Nevis","KNA",2008,60000
"4975","Saint Kitts and Nevis","KNA",2009,60000
"4976","Saint Kitts and Nevis","KNA",2010,70000
"4977","Saint Kitts and Nevis","KNA",2011,70000
"4978","Saint Kitts and Nevis","KNA",2012,70000
"4979","Saint Kitts and Nevis","KNA",2013,70000
"4980","Saint Kitts and Nevis","KNA",2014,70000
"4981","Saint Kitts and Nevis","KNA",2015,70000
"4982","Saint Kitts and Nevis","KNA",2016,80000
"4983","Saint Kitts and Nevis","KNA",2017,80000
"4984","Saint Kitts and Nevis","KNA",2018,80000
"4985","Saint Kitts and Nevis","KNA",2019,80000
"4986","Saint Kitts and Nevis","KNA",2020,70000
"4987","Saint Kitts and Nevis","KNA",2021,70000
"4988","Saint Kitts and Nevis","KNA",2022,80000
"4989","Saint Lucia","LCA",1990,90000
"4990","Saint Lucia","LCA",1991,90000
"4991","Saint Lucia","LCA",1992,110000
"4992","Saint Lucia","LCA",1993,120000
"4993","Saint Lucia","LCA",1994,140000
"4994","Saint Lucia","LCA",1995,140000
"4995","Saint Lucia","LCA",1996,160000
"4996","Saint Lucia","LCA",1997,150000
"4997","Saint Lucia","LCA",1998,170000
"4998","Saint Lucia","LCA",1999,160000
"4999","Saint Lucia","LCA",2000,150000
"5000","Saint Lucia","LCA",2001,170000
"5001","Saint Lucia","LCA",2002,160000
"5002","Saint Lucia","LCA",2003,170000
"5003","Saint Lucia","LCA",2004,190000
"5004","Saint Lucia","LCA",2005,170000
"5005","Saint Lucia","LCA",2006,180000
"5006","Saint Lucia","LCA",2007,190000
"5007","Saint Lucia","LCA",2008,190000
"5008","Saint Lucia","LCA",2009,190000
"5009","Saint Lucia","LCA",2010,210000
"5010","Saint Lucia","LCA",2011,210000
"5011","Saint Lucia","LCA",2012,210000
"5012","Saint Lucia","LCA",2013,210000
"5013","Saint Lucia","LCA",2014,210000
"5014","Saint Lucia","LCA",2015,210000
"5015","Saint Lucia","LCA",2016,210000
"5016","Saint Lucia","LCA",2017,220000
"5017","Saint Lucia","LCA",2018,220000
"5018","Saint Lucia","LCA",2019,220000
"5019","Saint Lucia","LCA",2020,220000
"5020","Saint Lucia","LCA",2021,230000
"5021","Saint Lucia","LCA",2022,250000
"5022","Saint Vincent and the Grenadines","VCT",1990,50000
"5023","Saint Vincent and the Grenadines","VCT",1991,50000
"5024","Saint Vincent and the Grenadines","VCT",1992,50000
"5025","Saint Vincent and the Grenadines","VCT",1993,60000
"5026","Saint Vincent and the Grenadines","VCT",1994,70000
"5027","Saint Vincent and the Grenadines","VCT",1995,80000
"5028","Saint Vincent and the Grenadines","VCT",1996,80000
"5029","Saint Vincent and the Grenadines","VCT",1997,80000
"5030","Saint Vincent and the Grenadines","VCT",1998,110000
"5031","Saint Vincent and the Grenadines","VCT",1999,1e+05
"5032","Saint Vincent and the Grenadines","VCT",2000,90000
"5033","Saint Vincent and the Grenadines","VCT",2001,110000
"5034","Saint Vincent and the Grenadines","VCT",2002,120000
"5035","Saint Vincent and the Grenadines","VCT",2003,129999.99
"5036","Saint Vincent and the Grenadines","VCT",2004,140000
"5037","Saint Vincent and the Grenadines","VCT",2005,129999.99
"5038","Saint Vincent and the Grenadines","VCT",2006,140000
"5039","Saint Vincent and the Grenadines","VCT",2007,150000
"5040","Saint Vincent and the Grenadines","VCT",2008,140000
"5041","Saint Vincent and the Grenadines","VCT",2009,190000
"5042","Saint Vincent and the Grenadines","VCT",2010,140000
"5043","Saint Vincent and the Grenadines","VCT",2011,140000
"5044","Saint Vincent and the Grenadines","VCT",2012,140000
"5045","Saint Vincent and the Grenadines","VCT",2013,120000
"5046","Saint Vincent and the Grenadines","VCT",2014,150000
"5047","Saint Vincent and the Grenadines","VCT",2015,120000
"5048","Saint Vincent and the Grenadines","VCT",2016,129999.99
"5049","Saint Vincent and the Grenadines","VCT",2017,110000
"5050","Saint Vincent and the Grenadines","VCT",2018,140000
"5051","Saint Vincent and the Grenadines","VCT",2019,110000
"5052","Saint Vincent and the Grenadines","VCT",2020,129999.99
"5053","Saint Vincent and the Grenadines","VCT",2021,140000
"5054","Saint Vincent and the Grenadines","VCT",2022,150000
"5055","Samoa","WSM",1990,50000
"5056","Samoa","WSM",1991,50000
"5057","Samoa","WSM",1992,60000
"5058","Samoa","WSM",1993,70000
"5059","Samoa","WSM",1994,70000
"5060","Samoa","WSM",1995,80000
"5061","Samoa","WSM",1996,80000
"5062","Samoa","WSM",1997,80000
"5063","Samoa","WSM",1998,90000
"5064","Samoa","WSM",1999,90000
"5065","Samoa","WSM",2000,90000
"5066","Samoa","WSM",2001,90000
"5067","Samoa","WSM",2002,1e+05
"5068","Samoa","WSM",2003,1e+05
"5069","Samoa","WSM",2004,1e+05
"5070","Samoa","WSM",2005,110000
"5071","Samoa","WSM",2006,1e+05
"5072","Samoa","WSM",2007,110000
"5073","Samoa","WSM",2008,1e+05
"5074","Samoa","WSM",2009,110000
"5075","Samoa","WSM",2010,110000
"5076","Samoa","WSM",2011,110000
"5077","Samoa","WSM",2012,110000
"5078","Samoa","WSM",2013,110000
"5079","Samoa","WSM",2014,110000
"5080","Samoa","WSM",2015,129999.99
"5081","Samoa","WSM",2016,140000
"5082","Samoa","WSM",2017,140000
"5083","Samoa","WSM",2018,150000
"5084","Samoa","WSM",2019,170000
"5085","Samoa","WSM",2020,140000
"5086","Samoa","WSM",2021,140000
"5087","Samoa","WSM",2022,140000
"5088","Sao Tome and Principe","STP",1990,30000
"5089","Sao Tome and Principe","STP",1991,30000
"5090","Sao Tome and Principe","STP",1992,30000
"5091","Sao Tome and Principe","STP",1993,30000
"5092","Sao Tome and Principe","STP",1994,30000
"5093","Sao Tome and Principe","STP",1995,30000
"5094","Sao Tome and Principe","STP",1996,30000
"5095","Sao Tome and Principe","STP",1997,30000
"5096","Sao Tome and Principe","STP",1998,30000
"5097","Sao Tome and Principe","STP",1999,30000
"5098","Sao Tome and Principe","STP",2000,30000
"5099","Sao Tome and Principe","STP",2001,20000
"5100","Sao Tome and Principe","STP",2002,30000
"5101","Sao Tome and Principe","STP",2003,30000
"5102","Sao Tome and Principe","STP",2004,30000
"5103","Sao Tome and Principe","STP",2005,30000
"5104","Sao Tome and Principe","STP",2006,40000
"5105","Sao Tome and Principe","STP",2007,40000
"5106","Sao Tome and Principe","STP",2008,40000
"5107","Sao Tome and Principe","STP",2009,40000
"5108","Sao Tome and Principe","STP",2010,50000
"5109","Sao Tome and Principe","STP",2011,40000
"5110","Sao Tome and Principe","STP",2012,40000
"5111","Sao Tome and Principe","STP",2013,40000
"5112","Sao Tome and Principe","STP",2014,50000
"5113","Sao Tome and Principe","STP",2015,50000
"5114","Sao Tome and Principe","STP",2016,50000
"5115","Sao Tome and Principe","STP",2017,50000
"5116","Sao Tome and Principe","STP",2018,50000
"5117","Sao Tome and Principe","STP",2019,40000
"5118","Sao Tome and Principe","STP",2020,40000
"5119","Sao Tome and Principe","STP",2021,40000
"5120","Sao Tome and Principe","STP",2022,50000
"5121","Saudi Arabia","SAU",1990,49400000
"5122","Saudi Arabia","SAU",1991,51470000
"5123","Saudi Arabia","SAU",1992,54530000
"5124","Saudi Arabia","SAU",1993,57440000
"5125","Saudi Arabia","SAU",1994,61240000
"5126","Saudi Arabia","SAU",1995,54130000
"5127","Saudi Arabia","SAU",1996,56870000
"5128","Saudi Arabia","SAU",1997,57720000
"5129","Saudi Arabia","SAU",1998,57910000
"5130","Saudi Arabia","SAU",1999,58130000
"5131","Saudi Arabia","SAU",2000,60940000
"5132","Saudi Arabia","SAU",2001,62720000
"5133","Saudi Arabia","SAU",2002,66410004
"5134","Saudi Arabia","SAU",2003,68680000
"5135","Saudi Arabia","SAU",2004,72170000
"5136","Saudi Arabia","SAU",2005,75750000
"5137","Saudi Arabia","SAU",2006,81860000
"5138","Saudi Arabia","SAU",2007,91260000
"5139","Saudi Arabia","SAU",2008,98530000
"5140","Saudi Arabia","SAU",2009,101550000
"5141","Saudi Arabia","SAU",2010,105400000
"5142","Saudi Arabia","SAU",2011,116540000
"5143","Saudi Arabia","SAU",2012,126810000
"5144","Saudi Arabia","SAU",2013,128899990
"5145","Saudi Arabia","SAU",2014,136720000
"5146","Saudi Arabia","SAU",2015,146940000
"5147","Saudi Arabia","SAU",2016,146450000
"5148","Saudi Arabia","SAU",2017,142910000
"5149","Saudi Arabia","SAU",2018,136100000
"5150","Saudi Arabia","SAU",2019,136430000
"5151","Saudi Arabia","SAU",2020,122320000
"5152","Saudi Arabia","SAU",2021,128220000
"5153","Saudi Arabia","SAU",2022,137770000
"5154","Senegal","SEN",1990,730000
"5155","Senegal","SEN",1991,750000
"5156","Senegal","SEN",1992,790000
"5157","Senegal","SEN",1993,760000
"5158","Senegal","SEN",1994,740000
"5159","Senegal","SEN",1995,790000
"5160","Senegal","SEN",1996,850000
"5161","Senegal","SEN",1997,920000
"5162","Senegal","SEN",1998,1020000
"5163","Senegal","SEN",1999,1100000
"5164","Senegal","SEN",2000,1170000
"5165","Senegal","SEN",2001,1170000
"5166","Senegal","SEN",2002,1280000
"5167","Senegal","SEN",2003,1410000
"5168","Senegal","SEN",2004,1520000
"5169","Senegal","SEN",2005,1460000
"5170","Senegal","SEN",2006,1550000
"5171","Senegal","SEN",2007,2030000
"5172","Senegal","SEN",2008,2190000
"5173","Senegal","SEN",2009,1950000
"5174","Senegal","SEN",2010,2060000
"5175","Senegal","SEN",2011,2200000
"5176","Senegal","SEN",2012,2100000
"5177","Senegal","SEN",2013,2330000
"5178","Senegal","SEN",2014,2450000
"5179","Senegal","SEN",2015,2720000
"5180","Senegal","SEN",2016,2960000
"5181","Senegal","SEN",2017,2630000
"5182","Senegal","SEN",2018,2900000
"5183","Senegal","SEN",2019,3100000
"5184","Senegal","SEN",2020,2870000
"5185","Senegal","SEN",2021,4210000
"5186","Senegal","SEN",2022,4870000
"5187","Serbia","SRB",1990,4470000
"5188","Serbia","SRB",1991,3190000
"5189","Serbia","SRB",1992,2260000
"5190","Serbia","SRB",1993,2700000
"5191","Serbia","SRB",1994,2620000
"5192","Serbia","SRB",1995,2730000
"5193","Serbia","SRB",1996,4590000
"5194","Serbia","SRB",1997,6320000
"5195","Serbia","SRB",1998,4900000
"5196","Serbia","SRB",1999,2590000
"5197","Serbia","SRB",2000,2330000
"5198","Serbia","SRB",2001,3700000
"5199","Serbia","SRB",2002,4490000
"5200","Serbia","SRB",2003,4920000
"5201","Serbia","SRB",2004,6280000
"5202","Serbia","SRB",2005,6560000
"5203","Serbia","SRB",2006,7090000
"5204","Serbia","SRB",2007,5540000
"5205","Serbia","SRB",2008,6930000
"5206","Serbia","SRB",2009,6520000
"5207","Serbia","SRB",2010,6580000
"5208","Serbia","SRB",2011,5940000
"5209","Serbia","SRB",2012,5230000
"5210","Serbia","SRB",2013,5770000
"5211","Serbia","SRB",2014,6020000
"5212","Serbia","SRB",2015,5870000
"5213","Serbia","SRB",2016,6010000
"5214","Serbia","SRB",2017,6280000
"5215","Serbia","SRB",2018,6370000
"5216","Serbia","SRB",2019,6890000
"5217","Serbia","SRB",2020,6560000
"5218","Serbia","SRB",2021,7500000
"5219","Serbia","SRB",2022,8010000
"5220","Seychelles","SYC",1990,50000
"5221","Seychelles","SYC",1991,50000
"5222","Seychelles","SYC",1992,70000
"5223","Seychelles","SYC",1993,60000
"5224","Seychelles","SYC",1994,70000
"5225","Seychelles","SYC",1995,60000
"5226","Seychelles","SYC",1996,60000
"5227","Seychelles","SYC",1997,80000
"5228","Seychelles","SYC",1998,90000
"5229","Seychelles","SYC",1999,110000
"5230","Seychelles","SYC",2000,70000
"5231","Seychelles","SYC",2001,90000
"5232","Seychelles","SYC",2002,90000
"5233","Seychelles","SYC",2003,80000
"5234","Seychelles","SYC",2004,160000
"5235","Seychelles","SYC",2005,1e+05
"5236","Seychelles","SYC",2006,80000
"5237","Seychelles","SYC",2007,110000
"5238","Seychelles","SYC",2008,129999.99
"5239","Seychelles","SYC",2009,110000
"5240","Seychelles","SYC",2010,1e+05
"5241","Seychelles","SYC",2011,90000
"5242","Seychelles","SYC",2012,90000
"5243","Seychelles","SYC",2013,90000
"5244","Seychelles","SYC",2014,110000
"5245","Seychelles","SYC",2015,110000
"5246","Seychelles","SYC",2016,129999.99
"5247","Seychelles","SYC",2017,160000
"5248","Seychelles","SYC",2018,190000
"5249","Seychelles","SYC",2019,170000
"5250","Seychelles","SYC",2020,180000
"5251","Seychelles","SYC",2021,190000
"5252","Seychelles","SYC",2022,2e+05
"5253","Sierra Leone","SLE",1990,110000
"5254","Sierra Leone","SLE",1991,120000
"5255","Sierra Leone","SLE",1992,120000
"5256","Sierra Leone","SLE",1993,110000
"5257","Sierra Leone","SLE",1994,1e+05
"5258","Sierra Leone","SLE",1995,1e+05
"5259","Sierra Leone","SLE",1996,90000
"5260","Sierra Leone","SLE",1997,1e+05
"5261","Sierra Leone","SLE",1998,1e+05
"5262","Sierra Leone","SLE",1999,90000
"5263","Sierra Leone","SLE",2000,110000
"5264","Sierra Leone","SLE",2001,120000
"5265","Sierra Leone","SLE",2002,150000
"5266","Sierra Leone","SLE",2003,2e+05
"5267","Sierra Leone","SLE",2004,210000
"5268","Sierra Leone","SLE",2005,250000
"5269","Sierra Leone","SLE",2006,320000
"5270","Sierra Leone","SLE",2007,290000
"5271","Sierra Leone","SLE",2008,259999.98
"5272","Sierra Leone","SLE",2009,290000
"5273","Sierra Leone","SLE",2010,350000
"5274","Sierra Leone","SLE",2011,410000
"5275","Sierra Leone","SLE",2012,410000
"5276","Sierra Leone","SLE",2013,550000
"5277","Sierra Leone","SLE",2014,610000
"5278","Sierra Leone","SLE",2015,680000
"5279","Sierra Leone","SLE",2016,710000
"5280","Sierra Leone","SLE",2017,680000
"5281","Sierra Leone","SLE",2018,640000
"5282","Sierra Leone","SLE",2019,670000
"5283","Sierra Leone","SLE",2020,7e+05
"5284","Sierra Leone","SLE",2021,810000
"5285","Sierra Leone","SLE",2022,850000
"5286","Singapore","SGP",1990,4070000.2
"5287","Singapore","SGP",1991,4930000
"5288","Singapore","SGP",1992,4760000
"5289","Singapore","SGP",1993,4720000
"5290","Singapore","SGP",1994,5140000
"5291","Singapore","SGP",1995,5650000
"5292","Singapore","SGP",1996,5110000
"5293","Singapore","SGP",1997,5060000
"5294","Singapore","SGP",1998,5080000
"5295","Singapore","SGP",1999,5140000
"5296","Singapore","SGP",2000,5220000
"5297","Singapore","SGP",2001,5320000
"5298","Singapore","SGP",2002,5290000
"5299","Singapore","SGP",2003,5310000
"5300","Singapore","SGP",2004,5410000
"5301","Singapore","SGP",2005,5590000
"5302","Singapore","SGP",2006,5810000
"5303","Singapore","SGP",2007,6010000
"5304","Singapore","SGP",2008,6120000
"5305","Singapore","SGP",2009,6700000
"5306","Singapore","SGP",2010,6790000
"5307","Singapore","SGP",2011,7250000
"5308","Singapore","SGP",2012,7010000
"5309","Singapore","SGP",2013,6510000
"5310","Singapore","SGP",2014,6730000
"5311","Singapore","SGP",2015,7220000
"5312","Singapore","SGP",2016,7400000
"5313","Singapore","SGP",2017,6640000
"5314","Singapore","SGP",2018,6380000
"5315","Singapore","SGP",2019,6300000
"5316","Singapore","SGP",2020,6170000
"5317","Singapore","SGP",2021,6140000
"5318","Singapore","SGP",2022,6030000
"5319","Slovakia","SVK",1990,4090000.2
"5320","Slovakia","SVK",1991,3390000
"5321","Slovakia","SVK",1992,3550000
"5322","Slovakia","SVK",1993,2940000
"5323","Slovakia","SVK",1994,3360000
"5324","Slovakia","SVK",1995,3790000
"5325","Slovakia","SVK",1996,3520000
"5326","Slovakia","SVK",1997,4110000.2
"5327","Slovakia","SVK",1998,4170000
"5328","Slovakia","SVK",1999,4240000
"5329","Slovakia","SVK",2000,4060000
"5330","Slovakia","SVK",2001,5350000
"5331","Slovakia","SVK",2002,6150000
"5332","Slovakia","SVK",2003,5630000
"5333","Slovakia","SVK",2004,5930000
"5334","Slovakia","SVK",2005,6510000
"5335","Slovakia","SVK",2006,6110000
"5336","Slovakia","SVK",2007,6690000
"5337","Slovakia","SVK",2008,7330000
"5338","Slovakia","SVK",2009,6320000
"5339","Slovakia","SVK",2010,7150000
"5340","Slovakia","SVK",2011,7120000
"5341","Slovakia","SVK",2012,6470000
"5342","Slovakia","SVK",2013,6480000
"5343","Slovakia","SVK",2014,6060000
"5344","Slovakia","SVK",2015,5970000
"5345","Slovakia","SVK",2016,6740000
"5346","Slovakia","SVK",2017,7800000
"5347","Slovakia","SVK",2018,7730000
"5348","Slovakia","SVK",2019,7830000
"5349","Slovakia","SVK",2020,6990000
"5350","Slovakia","SVK",2021,7250000
"5351","Slovakia","SVK",2022,7470000
"5352","Slovenia","SVN",1990,2620000
"5353","Slovenia","SVN",1991,2480000
"5354","Slovenia","SVN",1992,2560000
"5355","Slovenia","SVN",1993,3090000
"5356","Slovenia","SVN",1994,3450000
"5357","Slovenia","SVN",1995,3840000
"5358","Slovenia","SVN",1996,4360000
"5359","Slovenia","SVN",1997,4560000
"5360","Slovenia","SVN",1998,3790000
"5361","Slovenia","SVN",1999,3590000
"5362","Slovenia","SVN",2000,3530000
"5363","Slovenia","SVN",2001,3690000
"5364","Slovenia","SVN",2002,3800000
"5365","Slovenia","SVN",2003,3860000
"5366","Slovenia","SVN",2004,4040000
"5367","Slovenia","SVN",2005,4310000
"5368","Slovenia","SVN",2006,4550000
"5369","Slovenia","SVN",2007,5150000
"5370","Slovenia","SVN",2008,6060000
"5371","Slovenia","SVN",2009,5080000
"5372","Slovenia","SVN",2010,5210000
"5373","Slovenia","SVN",2011,5570000
"5374","Slovenia","SVN",2012,5580000
"5375","Slovenia","SVN",2013,5290000
"5376","Slovenia","SVN",2014,5300000
"5377","Slovenia","SVN",2015,5280000
"5378","Slovenia","SVN",2016,5650000
"5379","Slovenia","SVN",2017,5770000
"5380","Slovenia","SVN",2018,5740000
"5381","Slovenia","SVN",2019,5530000
"5382","Slovenia","SVN",2020,4500000
"5383","Slovenia","SVN",2021,5120000
"5384","Slovenia","SVN",2022,5710000
"5385","Solomon Islands","SLB",1990,1e+05
"5386","Solomon Islands","SLB",1991,1e+05
"5387","Solomon Islands","SLB",1992,110000
"5388","Solomon Islands","SLB",1993,120000
"5389","Solomon Islands","SLB",1994,140000
"5390","Solomon Islands","SLB",1995,140000
"5391","Solomon Islands","SLB",1996,150000
"5392","Solomon Islands","SLB",1997,150000
"5393","Solomon Islands","SLB",1998,150000
"5394","Solomon Islands","SLB",1999,150000
"5395","Solomon Islands","SLB",2000,150000
"5396","Solomon Islands","SLB",2001,160000
"5397","Solomon Islands","SLB",2002,170000
"5398","Solomon Islands","SLB",2003,180000
"5399","Solomon Islands","SLB",2004,190000
"5400","Solomon Islands","SLB",2005,190000
"5401","Solomon Islands","SLB",2006,2e+05
"5402","Solomon Islands","SLB",2007,210000
"5403","Solomon Islands","SLB",2008,210000
"5404","Solomon Islands","SLB",2009,220000
"5405","Solomon Islands","SLB",2010,230000
"5406","Solomon Islands","SLB",2011,250000
"5407","Solomon Islands","SLB",2012,250000
"5408","Solomon Islands","SLB",2013,270000
"5409","Solomon Islands","SLB",2014,220000
"5410","Solomon Islands","SLB",2015,190000
"5411","Solomon Islands","SLB",2016,190000
"5412","Solomon Islands","SLB",2017,190000
"5413","Solomon Islands","SLB",2018,190000
"5414","Solomon Islands","SLB",2019,2e+05
"5415","Solomon Islands","SLB",2020,190000
"5416","Solomon Islands","SLB",2021,190000
"5417","Solomon Islands","SLB",2022,180000
"5418","Somalia","SOM",1990,310000
"5419","Somalia","SOM",1991,290000
"5420","Somalia","SOM",1992,270000
"5421","Somalia","SOM",1993,259999.98
"5422","Somalia","SOM",1994,240000
"5423","Somalia","SOM",1995,220000
"5424","Somalia","SOM",1996,210000
"5425","Somalia","SOM",1997,2e+05
"5426","Somalia","SOM",1998,180000
"5427","Somalia","SOM",1999,160000
"5428","Somalia","SOM",2000,140000
"5429","Somalia","SOM",2001,140000
"5430","Somalia","SOM",2002,140000
"5431","Somalia","SOM",2003,140000
"5432","Somalia","SOM",2004,140000
"5433","Somalia","SOM",2005,140000
"5434","Somalia","SOM",2006,140000
"5435","Somalia","SOM",2007,150000
"5436","Somalia","SOM",2008,160000
"5437","Somalia","SOM",2009,160000
"5438","Somalia","SOM",2010,140000
"5439","Somalia","SOM",2011,140000
"5440","Somalia","SOM",2012,129999.99
"5441","Somalia","SOM",2013,129999.99
"5442","Somalia","SOM",2014,129999.99
"5443","Somalia","SOM",2015,129999.99
"5444","Somalia","SOM",2016,140000
"5445","Somalia","SOM",2017,140000
"5446","Somalia","SOM",2018,140000
"5447","Somalia","SOM",2019,140000
"5448","Somalia","SOM",2020,120000
"5449","Somalia","SOM",2021,129999.99
"5450","Somalia","SOM",2022,140000
"5451","South Africa","ZAF",1990,29550000
"5452","South Africa","ZAF",1991,29570000
"5453","South Africa","ZAF",1992,30060000
"5454","South Africa","ZAF",1993,30230000
"5455","South Africa","ZAF",1994,31330000
"5456","South Africa","ZAF",1995,35170000
"5457","South Africa","ZAF",1996,34320000
"5458","South Africa","ZAF",1997,35230000
"5459","South Africa","ZAF",1998,34890000
"5460","South Africa","ZAF",1999,35360000
"5461","South Africa","ZAF",2000,35180000
"5462","South Africa","ZAF",2001,36010000
"5463","South Africa","ZAF",2002,36790000
"5464","South Africa","ZAF",2003,38980000
"5465","South Africa","ZAF",2004,41260000
"5466","South Africa","ZAF",2005,43200000
"5467","South Africa","ZAF",2006,44350000
"5468","South Africa","ZAF",2007,48750000
"5469","South Africa","ZAF",2008,47050000
"5470","South Africa","ZAF",2009,45070000
"5471","South Africa","ZAF",2010,46500000
"5472","South Africa","ZAF",2011,48780000
"5473","South Africa","ZAF",2012,48840000
"5474","South Africa","ZAF",2013,53650000
"5475","South Africa","ZAF",2014,51210000
"5476","South Africa","ZAF",2015,53550000
"5477","South Africa","ZAF",2016,51360000
"5478","South Africa","ZAF",2017,55410000
"5479","South Africa","ZAF",2018,54240000
"5480","South Africa","ZAF",2019,51150000
"5481","South Africa","ZAF",2020,43700000
"5482","South Africa","ZAF",2021,48010000
"5483","South Africa","ZAF",2022,47780000
"5484","South America",NA,1990,185130000
"5485","South America",NA,1991,192900000
"5486","South America",NA,1992,197850000
"5487","South America",NA,1993,208330000
"5488","South America",NA,1994,214440000
"5489","South America",NA,1995,232500000
"5490","South America",NA,1996,253360000
"5491","South America",NA,1997,261130000
"5492","South America",NA,1998,270870000
"5493","South America",NA,1999,262870000
"5494","South America",NA,2000,261310000
"5495","South America",NA,2001,262850000
"5496","South America",NA,2002,262950000
"5497","South America",NA,2003,258400000
"5498","South America",NA,2004,275540000
"5499","South America",NA,2005,284670000
"5500","South America",NA,2006,295620000
"5501","South America",NA,2007,311640000
"5502","South America",NA,2008,325860000
"5503","South America",NA,2009,321269980
"5504","South America",NA,2010,347290020
"5505","South America",NA,2011,375780000
"5506","South America",NA,2012,398909980
"5507","South America",NA,2013,412469980
"5508","South America",NA,2014,415340000
"5509","South America",NA,2015,404040000
"5510","South America",NA,2016,402030000
"5511","South America",NA,2017,404840000
"5512","South America",NA,2018,397050000
"5513","South America",NA,2019,399709980
"5514","South America",NA,2020,340120000
"5515","South America",NA,2021,388850000
"5516","South America",NA,2022,417460000
"5517","South Korea","KOR",1990,43740000
"5518","South Korea","KOR",1991,49040000
"5519","South Korea","KOR",1992,54520000
"5520","South Korea","KOR",1993,61500000
"5521","South Korea","KOR",1994,64570000
"5522","South Korea","KOR",1995,72470000
"5523","South Korea","KOR",1996,76370000
"5524","South Korea","KOR",1997,78070000
"5525","South Korea","KOR",1998,65170000
"5526","South Korea","KOR",1999,71800000
"5527","South Korea","KOR",2000,77780000
"5528","South Korea","KOR",2001,8.1e+07
"5529","South Korea","KOR",2002,86380000
"5530","South Korea","KOR",2003,88300000
"5531","South Korea","KOR",2004,88910000
"5532","South Korea","KOR",2005,86020000
"5533","South Korea","KOR",2006,85910000
"5534","South Korea","KOR",2007,88580000
"5535","South Korea","KOR",2008,84130000
"5536","South Korea","KOR",2009,84990000
"5537","South Korea","KOR",2010,86560000
"5538","South Korea","KOR",2011,85080000
"5539","South Korea","KOR",2012,87520000
"5540","South Korea","KOR",2013,90800000
"5541","South Korea","KOR",2014,92380000
"5542","South Korea","KOR",2015,98370000
"5543","South Korea","KOR",2016,101180000
"5544","South Korea","KOR",2017,103330000
"5545","South Korea","KOR",2018,101420000
"5546","South Korea","KOR",2019,105990000
"5547","South Korea","KOR",2020,98740000
"5548","South Korea","KOR",2021,103040000
"5549","South Korea","KOR",2022,105910000
"5550","South Sudan","SSD",2012,950000
"5551","South Sudan","SSD",2013,940000
"5552","South Sudan","SSD",2014,950000
"5553","South Sudan","SSD",2015,1020000
"5554","South Sudan","SSD",2016,950000
"5555","South Sudan","SSD",2017,740000
"5556","South Sudan","SSD",2018,960000
"5557","South Sudan","SSD",2019,970000
"5558","South Sudan","SSD",2020,920000
"5559","South Sudan","SSD",2021,950000
"5560","South Sudan","SSD",2022,9e+05
"5561","Spain","ESP",1990,63210000
"5562","Spain","ESP",1991,65830000
"5563","Spain","ESP",1992,69380000
"5564","Spain","ESP",1993,68390000
"5565","Spain","ESP",1994,70710000
"5566","Spain","ESP",1995,71960000
"5567","Spain","ESP",1996,76900000
"5568","Spain","ESP",1997,76850000
"5569","Spain","ESP",1998,84240000
"5570","Spain","ESP",1999,88510000
"5571","Spain","ESP",2000,90470000
"5572","Spain","ESP",2001,94650000
"5573","Spain","ESP",2002,96430000
"5574","Spain","ESP",2003,101410000
"5575","Spain","ESP",2004,105760000
"5576","Spain","ESP",2005,109540000
"5577","Spain","ESP",2006,113150000
"5578","Spain","ESP",2007,116120000
"5579","Spain","ESP",2008,109920000
"5580","Spain","ESP",2009,101320000
"5581","Spain","ESP",2010,98450000
"5582","Spain","ESP",2011,91990000
"5583","Spain","ESP",2012,82650000
"5584","Spain","ESP",2013,81650000
"5585","Spain","ESP",2014,82090000
"5586","Spain","ESP",2015,85140000
"5587","Spain","ESP",2016,88340000
"5588","Spain","ESP",2017,91200000
"5589","Spain","ESP",2018,92270000
"5590","Spain","ESP",2019,93580000
"5591","Spain","ESP",2020,73790000
"5592","Spain","ESP",2021,86540000
"5593","Spain","ESP",2022,92790000
"5594","Sri Lanka","LKA",1990,2500000
"5595","Sri Lanka","LKA",1991,2510000
"5596","Sri Lanka","LKA",1992,2800000
"5597","Sri Lanka","LKA",1993,2990000
"5598","Sri Lanka","LKA",1994,3480000
"5599","Sri Lanka","LKA",1995,3700000
"5600","Sri Lanka","LKA",1996,5070000
"5601","Sri Lanka","LKA",1997,4670000
"5602","Sri Lanka","LKA",1998,4880000
"5603","Sri Lanka","LKA",1999,5400000
"5604","Sri Lanka","LKA",2000,5160000
"5605","Sri Lanka","LKA",2001,5220000
"5606","Sri Lanka","LKA",2002,5320000
"5607","Sri Lanka","LKA",2003,5660000
"5608","Sri Lanka","LKA",2004,5840000
"5609","Sri Lanka","LKA",2005,6320000
"5610","Sri Lanka","LKA",2006,5990000
"5611","Sri Lanka","LKA",2007,6570000
"5612","Sri Lanka","LKA",2008,6020000
"5613","Sri Lanka","LKA",2009,5500000
"5614","Sri Lanka","LKA",2010,6920000
"5615","Sri Lanka","LKA",2011,7380000
"5616","Sri Lanka","LKA",2012,7980000
"5617","Sri Lanka","LKA",2013,7720000
"5618","Sri Lanka","LKA",2014,8029999.5
"5619","Sri Lanka","LKA",2015,9230000
"5620","Sri Lanka","LKA",2016,11290000
"5621","Sri Lanka","LKA",2017,10450000
"5622","Sri Lanka","LKA",2018,9950000
"5623","Sri Lanka","LKA",2019,10200000
"5624","Sri Lanka","LKA",2020,8890000
"5625","Sri Lanka","LKA",2021,10130000
"5626","Sri Lanka","LKA",2022,8790000
"5627","Sudan","SDN",1990,3960000
"5628","Sudan","SDN",1991,3130000
"5629","Sudan","SDN",1992,3120000
"5630","Sudan","SDN",1993,2050000
"5631","Sudan","SDN",1994,2980000
"5632","Sudan","SDN",1995,2790000
"5633","Sudan","SDN",1996,2650000
"5634","Sudan","SDN",1997,3130000
"5635","Sudan","SDN",1998,2980000
"5636","Sudan","SDN",1999,2430000
"5637","Sudan","SDN",2000,2640000
"5638","Sudan","SDN",2001,3420000
"5639","Sudan","SDN",2002,3910000
"5640","Sudan","SDN",2003,3780000
"5641","Sudan","SDN",2004,4170000
"5642","Sudan","SDN",2005,4950000
"5643","Sudan","SDN",2006,5960000
"5644","Sudan","SDN",2007,6500000
"5645","Sudan","SDN",2008,7760000
"5646","Sudan","SDN",2009,7870000
"5647","Sudan","SDN",2010,8920000
"5648","Sudan","SDN",2011,8910000
"5649","Sudan","SDN",2012,8640000
"5650","Sudan","SDN",2013,9040000
"5651","Sudan","SDN",2014,9430000
"5652","Sudan","SDN",2015,9950000
"5653","Sudan","SDN",2016,11350000
"5654","Sudan","SDN",2017,11390000
"5655","Sudan","SDN",2018,11520000
"5656","Sudan","SDN",2019,11780000
"5657","Sudan","SDN",2020,10700000
"5658","Sudan","SDN",2021,12390000
"5659","Sudan","SDN",2022,12110000
"5660","Suriname","SUR",2000,290000
"5661","Suriname","SUR",2001,3e+05
"5662","Suriname","SUR",2002,430000
"5663","Suriname","SUR",2003,460000
"5664","Suriname","SUR",2004,470000
"5665","Suriname","SUR",2005,5e+05
"5666","Suriname","SUR",2006,530000
"5667","Suriname","SUR",2007,540000
"5668","Suriname","SUR",2008,570000
"5669","Suriname","SUR",2009,580000
"5670","Suriname","SUR",2010,670000
"5671","Suriname","SUR",2011,570000
"5672","Suriname","SUR",2012,690000
"5673","Suriname","SUR",2013,620000
"5674","Suriname","SUR",2014,670000
"5675","Suriname","SUR",2015,680000
"5676","Suriname","SUR",2016,1e+06
"5677","Suriname","SUR",2017,820000
"5678","Suriname","SUR",2018,680000
"5679","Suriname","SUR",2019,880000
"5680","Suriname","SUR",2020,810000
"5681","Suriname","SUR",2021,910000
"5682","Suriname","SUR",2022,940000
"5683","Sweden","SWE",1990,19860000
"5684","Sweden","SWE",1991,19560000
"5685","Sweden","SWE",1992,20340000
"5686","Sweden","SWE",1993,19440000
"5687","Sweden","SWE",1994,20150000
"5688","Sweden","SWE",1995,20340000
"5689","Sweden","SWE",1996,20090000
"5690","Sweden","SWE",1997,20330000
"5691","Sweden","SWE",1998,20630000
"5692","Sweden","SWE",1999,21070000
"5693","Sweden","SWE",2000,21210000
"5694","Sweden","SWE",2001,21140000
"5695","Sweden","SWE",2002,21350000
"5696","Sweden","SWE",2003,21640000
"5697","Sweden","SWE",2004,22040000
"5698","Sweden","SWE",2005,20990000
"5699","Sweden","SWE",2006,21110000
"5700","Sweden","SWE",2007,21260000
"5701","Sweden","SWE",2008,20810000
"5702","Sweden","SWE",2009,20290000
"5703","Sweden","SWE",2010,20670000
"5704","Sweden","SWE",2011,20370000
"5705","Sweden","SWE",2012,19350000
"5706","Sweden","SWE",2013,18850000
"5707","Sweden","SWE",2014,18360000
"5708","Sweden","SWE",2015,18410000
"5709","Sweden","SWE",2016,17490000
"5710","Sweden","SWE",2017,17290000
"5711","Sweden","SWE",2018,16540001
"5712","Sweden","SWE",2019,16680000
"5713","Sweden","SWE",2020,15210000
"5714","Sweden","SWE",2021,15450000
"5715","Sweden","SWE",2022,13820000
"5716","Switzerland","CHE",1990,14510000
"5717","Switzerland","CHE",1991,14950000
"5718","Switzerland","CHE",1992,15290000
"5719","Switzerland","CHE",1993,14270000
"5720","Switzerland","CHE",1994,14620000
"5721","Switzerland","CHE",1995,14370000
"5722","Switzerland","CHE",1996,14390000
"5723","Switzerland","CHE",1997,14850000
"5724","Switzerland","CHE",1998,14990000
"5725","Switzerland","CHE",1999,14970000
"5726","Switzerland","CHE",2000,16549999
"5727","Switzerland","CHE",2001,16240000
"5728","Switzerland","CHE",2002,16270000
"5729","Switzerland","CHE",2003,16389999
"5730","Switzerland","CHE",2004,16490000
"5731","Switzerland","CHE",2005,16570000
"5732","Switzerland","CHE",2006,16700001
"5733","Switzerland","CHE",2007,17040000
"5734","Switzerland","CHE",2008,17450000
"5735","Switzerland","CHE",2009,17240000
"5736","Switzerland","CHE",2010,17180000
"5737","Switzerland","CHE",2011,16980000
"5738","Switzerland","CHE",2012,17130000
"5739","Switzerland","CHE",2013,17080000
"5740","Switzerland","CHE",2014,16920000
"5741","Switzerland","CHE",2015,16200001
"5742","Switzerland","CHE",2016,16040001
"5743","Switzerland","CHE",2017,15750000
"5744","Switzerland","CHE",2018,15810000
"5745","Switzerland","CHE",2019,15760000
"5746","Switzerland","CHE",2020,14450000
"5747","Switzerland","CHE",2021,14620000
"5748","Switzerland","CHE",2022,14460000
"5749","Syria","SYR",1990,7240000
"5750","Syria","SYR",1991,7600000
"5751","Syria","SYR",1992,7150000
"5752","Syria","SYR",1993,7500000
"5753","Syria","SYR",1994,7530000
"5754","Syria","SYR",1995,7510000
"5755","Syria","SYR",1996,8810000
"5756","Syria","SYR",1997,9e+06
"5757","Syria","SYR",1998,9300000
"5758","Syria","SYR",1999,8010000
"5759","Syria","SYR",2000,8460000
"5760","Syria","SYR",2001,8040000
"5761","Syria","SYR",2002,8720000
"5762","Syria","SYR",2003,7860000
"5763","Syria","SYR",2004,10340000
"5764","Syria","SYR",2005,13630000
"5765","Syria","SYR",2006,14470000
"5766","Syria","SYR",2007,15480000
"5767","Syria","SYR",2008,15690000
"5768","Syria","SYR",2009,13130000
"5769","Syria","SYR",2010,12960000
"5770","Syria","SYR",2011,12920000
"5771","Syria","SYR",2012,10570000
"5772","Syria","SYR",2013,6510000
"5773","Syria","SYR",2014,6040000
"5774","Syria","SYR",2015,5710000
"5775","Syria","SYR",2016,5150000
"5776","Syria","SYR",2017,5030000
"5777","Syria","SYR",2018,6540000
"5778","Syria","SYR",2019,5690000
"5779","Syria","SYR",2020,5190000
"5780","Syria","SYR",2021,4870000
"5781","Syria","SYR",2022,4970000
"5782","Tajikistan","TJK",1990,730000
"5783","Tajikistan","TJK",1991,730000
"5784","Tajikistan","TJK",1992,370000
"5785","Tajikistan","TJK",1993,290000
"5786","Tajikistan","TJK",1994,2e+05
"5787","Tajikistan","TJK",1995,180000
"5788","Tajikistan","TJK",1996,140000
"5789","Tajikistan","TJK",1997,140000
"5790","Tajikistan","TJK",1998,120000
"5791","Tajikistan","TJK",1999,60000
"5792","Tajikistan","TJK",2000,40000
"5793","Tajikistan","TJK",2001,90000
"5794","Tajikistan","TJK",2002,120000
"5795","Tajikistan","TJK",2003,1e+05
"5796","Tajikistan","TJK",2004,129999.99
"5797","Tajikistan","TJK",2005,120000
"5798","Tajikistan","TJK",2006,160000
"5799","Tajikistan","TJK",2007,259999.98
"5800","Tajikistan","TJK",2008,250000
"5801","Tajikistan","TJK",2009,240000
"5802","Tajikistan","TJK",2010,270000
"5803","Tajikistan","TJK",2011,290000
"5804","Tajikistan","TJK",2012,880000
"5805","Tajikistan","TJK",2013,9e+05
"5806","Tajikistan","TJK",2014,1540000
"5807","Tajikistan","TJK",2015,1330000
"5808","Tajikistan","TJK",2016,1290000
"5809","Tajikistan","TJK",2017,1180000
"5810","Tajikistan","TJK",2018,1230000
"5811","Tajikistan","TJK",2019,1360000
"5812","Tajikistan","TJK",2020,1690000
"5813","Tajikistan","TJK",2021,1850000
"5814","Tajikistan","TJK",2022,2210000
"5815","Tanzania","TZA",1990,7e+05
"5816","Tanzania","TZA",1991,650000
"5817","Tanzania","TZA",1992,680000
"5818","Tanzania","TZA",1993,710000
"5819","Tanzania","TZA",1994,710000
"5820","Tanzania","TZA",1995,9e+05
"5821","Tanzania","TZA",1996,1200000
"5822","Tanzania","TZA",1997,1180000
"5823","Tanzania","TZA",1998,1390000
"5824","Tanzania","TZA",1999,1160000
"5825","Tanzania","TZA",2000,1460000
"5826","Tanzania","TZA",2001,1750000
"5827","Tanzania","TZA",2002,2200000
"5828","Tanzania","TZA",2003,2310000
"5829","Tanzania","TZA",2004,2400000
"5830","Tanzania","TZA",2005,2760000
"5831","Tanzania","TZA",2006,2860000
"5832","Tanzania","TZA",2007,2840000
"5833","Tanzania","TZA",2008,3090000
"5834","Tanzania","TZA",2009,3020000
"5835","Tanzania","TZA",2010,3540000
"5836","Tanzania","TZA",2011,4430000
"5837","Tanzania","TZA",2012,5770000
"5838","Tanzania","TZA",2013,6350000
"5839","Tanzania","TZA",2014,5790000
"5840","Tanzania","TZA",2015,6530000
"5841","Tanzania","TZA",2016,7640000
"5842","Tanzania","TZA",2017,7170000
"5843","Tanzania","TZA",2018,7480000
"5844","Tanzania","TZA",2019,7980000
"5845","Tanzania","TZA",2020,8050000
"5846","Tanzania","TZA",2021,9520000
"5847","Tanzania","TZA",2022,9970000
"5848","Thailand","THA",1990,2.8e+07
"5849","Thailand","THA",1991,28750000
"5850","Thailand","THA",1992,30520000
"5851","Thailand","THA",1993,35910000
"5852","Thailand","THA",1994,39940000
"5853","Thailand","THA",1995,47580000
"5854","Thailand","THA",1996,51990000
"5855","Thailand","THA",1997,51790000
"5856","Thailand","THA",1998,44850000
"5857","Thailand","THA",1999,46330000
"5858","Thailand","THA",2000,45270000
"5859","Thailand","THA",2001,46410000
"5860","Thailand","THA",2002,49080000
"5861","Thailand","THA",2003,52260000
"5862","Thailand","THA",2004,56130000
"5863","Thailand","THA",2005,56160000
"5864","Thailand","THA",2006,52660000
"5865","Thailand","THA",2007,55630000
"5866","Thailand","THA",2008,51980000
"5867","Thailand","THA",2009,54910000
"5868","Thailand","THA",2010,55660000
"5869","Thailand","THA",2011,58490000
"5870","Thailand","THA",2012,60460000
"5871","Thailand","THA",2013,59840000
"5872","Thailand","THA",2014,58100000
"5873","Thailand","THA",2015,61630000
"5874","Thailand","THA",2016,65650000
"5875","Thailand","THA",2017,71990000
"5876","Thailand","THA",2018,72370000
"5877","Thailand","THA",2019,73990000
"5878","Thailand","THA",2020,72900000
"5879","Thailand","THA",2021,67380000
"5880","Thailand","THA",2022,77960000
"5881","Togo","TGO",1990,430000
"5882","Togo","TGO",1991,320000
"5883","Togo","TGO",1992,270000
"5884","Togo","TGO",1993,170000
"5885","Togo","TGO",1994,320000
"5886","Togo","TGO",1995,390000
"5887","Togo","TGO",1996,660000
"5888","Togo","TGO",1997,430000
"5889","Togo","TGO",1998,480000
"5890","Togo","TGO",1999,580000
"5891","Togo","TGO",2000,430000
"5892","Togo","TGO",2001,290000
"5893","Togo","TGO",2002,480000
"5894","Togo","TGO",2003,7e+05
"5895","Togo","TGO",2004,640000
"5896","Togo","TGO",2005,610000
"5897","Togo","TGO",2006,580000
"5898","Togo","TGO",2007,640000
"5899","Togo","TGO",2008,870000
"5900","Togo","TGO",2009,1930000
"5901","Togo","TGO",2010,1600000
"5902","Togo","TGO",2011,1480000
"5903","Togo","TGO",2012,1260000
"5904","Togo","TGO",2013,740000
"5905","Togo","TGO",2014,390000
"5906","Togo","TGO",2015,710000
"5907","Togo","TGO",2016,610000
"5908","Togo","TGO",2017,640000
"5909","Togo","TGO",2018,1010000
"5910","Togo","TGO",2019,920000
"5911","Togo","TGO",2020,1250000
"5912","Togo","TGO",2021,1270000
"5913","Togo","TGO",2022,1230000
"5914","Tonga","TON",1990,60000
"5915","Tonga","TON",1991,70000
"5916","Tonga","TON",1992,50000
"5917","Tonga","TON",1993,60000
"5918","Tonga","TON",1994,70000
"5919","Tonga","TON",1995,70000
"5920","Tonga","TON",1996,50000
"5921","Tonga","TON",1997,70000
"5922","Tonga","TON",1998,60000
"5923","Tonga","TON",1999,70000
"5924","Tonga","TON",2000,60000
"5925","Tonga","TON",2001,60000
"5926","Tonga","TON",2002,70000
"5927","Tonga","TON",2003,80000
"5928","Tonga","TON",2004,70000
"5929","Tonga","TON",2005,80000
"5930","Tonga","TON",2006,90000
"5931","Tonga","TON",2007,80000
"5932","Tonga","TON",2008,80000
"5933","Tonga","TON",2009,90000
"5934","Tonga","TON",2010,70000
"5935","Tonga","TON",2011,70000
"5936","Tonga","TON",2012,70000
"5937","Tonga","TON",2013,70000
"5938","Tonga","TON",2014,70000
"5939","Tonga","TON",2015,70000
"5940","Tonga","TON",2016,80000
"5941","Tonga","TON",2017,90000
"5942","Tonga","TON",2018,80000
"5943","Tonga","TON",2019,110000
"5944","Tonga","TON",2020,140000
"5945","Tonga","TON",2021,140000
"5946","Tonga","TON",2022,129999.99
"5947","Trinidad and Tobago","TTO",1990,1350000
"5948","Trinidad and Tobago","TTO",1991,1420000
"5949","Trinidad and Tobago","TTO",1992,1360000
"5950","Trinidad and Tobago","TTO",1993,1220000
"5951","Trinidad and Tobago","TTO",1994,1280000
"5952","Trinidad and Tobago","TTO",1995,1340000
"5953","Trinidad and Tobago","TTO",1996,1390000
"5954","Trinidad and Tobago","TTO",1997,1500000
"5955","Trinidad and Tobago","TTO",1998,1550000
"5956","Trinidad and Tobago","TTO",1999,1570000
"5957","Trinidad and Tobago","TTO",2000,1640000
"5958","Trinidad and Tobago","TTO",2001,1640000
"5959","Trinidad and Tobago","TTO",2002,1690000
"5960","Trinidad and Tobago","TTO",2003,1680000
"5961","Trinidad and Tobago","TTO",2004,2050000
"5962","Trinidad and Tobago","TTO",2005,2150000
"5963","Trinidad and Tobago","TTO",2006,2630000
"5964","Trinidad and Tobago","TTO",2007,2780000
"5965","Trinidad and Tobago","TTO",2008,3e+06
"5966","Trinidad and Tobago","TTO",2009,3050000
"5967","Trinidad and Tobago","TTO",2010,3200000
"5968","Trinidad and Tobago","TTO",2011,3190000
"5969","Trinidad and Tobago","TTO",2012,3110000
"5970","Trinidad and Tobago","TTO",2013,2980000
"5971","Trinidad and Tobago","TTO",2014,3350000
"5972","Trinidad and Tobago","TTO",2015,3370000
"5973","Trinidad and Tobago","TTO",2016,3030000
"5974","Trinidad and Tobago","TTO",2017,3050000
"5975","Trinidad and Tobago","TTO",2018,2500000
"5976","Trinidad and Tobago","TTO",2019,2770000
"5977","Trinidad and Tobago","TTO",2020,2310000
"5978","Trinidad and Tobago","TTO",2021,2220000
"5979","Trinidad and Tobago","TTO",2022,2550000
"5980","Tunisia","TUN",1990,2490000
"5981","Tunisia","TUN",1991,2560000
"5982","Tunisia","TUN",1992,2640000
"5983","Tunisia","TUN",1993,2960000
"5984","Tunisia","TUN",1994,3100000
"5985","Tunisia","TUN",1995,3200000
"5986","Tunisia","TUN",1996,3320000
"5987","Tunisia","TUN",1997,3510000
"5988","Tunisia","TUN",1998,3610000
"5989","Tunisia","TUN",1999,3840000
"5990","Tunisia","TUN",2000,4030000.2
"5991","Tunisia","TUN",2001,4130000
"5992","Tunisia","TUN",2002,4240000
"5993","Tunisia","TUN",2003,4380000
"5994","Tunisia","TUN",2004,4420000
"5995","Tunisia","TUN",2005,4590000
"5996","Tunisia","TUN",2006,4560000
"5997","Tunisia","TUN",2007,4810000
"5998","Tunisia","TUN",2008,4650000
"5999","Tunisia","TUN",2009,5720000
"6000","Tunisia","TUN",2010,6860000
"6001","Tunisia","TUN",2011,6400000
"6002","Tunisia","TUN",2012,6360000
"6003","Tunisia","TUN",2013,6060000
"6004","Tunisia","TUN",2014,6330000
"6005","Tunisia","TUN",2015,6730000
"6006","Tunisia","TUN",2016,7080000
"6007","Tunisia","TUN",2017,7610000
"6008","Tunisia","TUN",2018,7630000
"6009","Tunisia","TUN",2019,7320000
"6010","Tunisia","TUN",2020,7100000
"6011","Tunisia","TUN",2021,7970000
"6012","Tunisia","TUN",2022,8120000
"6013","Turkey","TUR",1990,27850000
"6014","Turkey","TUR",1991,26560000
"6015","Turkey","TUR",1992,27110000
"6016","Turkey","TUR",1993,32270000
"6017","Turkey","TUR",1994,31340000
"6018","Turkey","TUR",1995,35200000
"6019","Turkey","TUR",1996,36990000
"6020","Turkey","TUR",1997,34350000
"6021","Turkey","TUR",1998,31720000
"6022","Turkey","TUR",1999,33300000
"6023","Turkey","TUR",2000,34740000
"6024","Turkey","TUR",2001,33310002
"6025","Turkey","TUR",2002,35080000
"6026","Turkey","TUR",2003,35130000
"6027","Turkey","TUR",2004,35740000
"6028","Turkey","TUR",2005,36940000
"6029","Turkey","TUR",2006,41650000
"6030","Turkey","TUR",2007,47450000
"6031","Turkey","TUR",2008,44670000
"6032","Turkey","TUR",2009,44260000
"6033","Turkey","TUR",2010,43390000
"6034","Turkey","TUR",2011,4.4e+07
"6035","Turkey","TUR",2012,51060000
"6036","Turkey","TUR",2013,57200000
"6037","Turkey","TUR",2014,60930000
"6038","Turkey","TUR",2015,72510000
"6039","Turkey","TUR",2016,79150000
"6040","Turkey","TUR",2017,82840000
"6041","Turkey","TUR",2018,83370000
"6042","Turkey","TUR",2019,83520000
"6043","Turkey","TUR",2020,78860000
"6044","Turkey","TUR",2021,89460000
"6045","Turkey","TUR",2022,90110000
"6046","Turkmenistan","TKM",1990,9820000
"6047","Turkmenistan","TKM",1991,8800000
"6048","Turkmenistan","TKM",1992,6880000
"6049","Turkmenistan","TKM",1993,7090000
"6050","Turkmenistan","TKM",1994,4250000
"6051","Turkmenistan","TKM",1995,3990000
"6052","Turkmenistan","TKM",1996,4490000
"6053","Turkmenistan","TKM",1997,2690000
"6054","Turkmenistan","TKM",1998,3260000
"6055","Turkmenistan","TKM",1999,4150000
"6056","Turkmenistan","TKM",2000,6500000
"6057","Turkmenistan","TKM",2001,6620000
"6058","Turkmenistan","TKM",2002,7560000
"6059","Turkmenistan","TKM",2003,8189999.5
"6060","Turkmenistan","TKM",2004,8270000.5
"6061","Turkmenistan","TKM",2005,8770000
"6062","Turkmenistan","TKM",2006,8720000
"6063","Turkmenistan","TKM",2007,9580000
"6064","Turkmenistan","TKM",2008,9540000
"6065","Turkmenistan","TKM",2009,7220000
"6066","Turkmenistan","TKM",2010,8260000
"6067","Turkmenistan","TKM",2011,9970000
"6068","Turkmenistan","TKM",2012,10390000
"6069","Turkmenistan","TKM",2013,11120000
"6070","Turkmenistan","TKM",2014,12150000
"6071","Turkmenistan","TKM",2015,11320000
"6072","Turkmenistan","TKM",2016,11010000
"6073","Turkmenistan","TKM",2017,11370000
"6074","Turkmenistan","TKM",2018,11050000
"6075","Turkmenistan","TKM",2019,10960000
"6076","Turkmenistan","TKM",2020,10760000
"6077","Turkmenistan","TKM",2021,10910000
"6078","Turkmenistan","TKM",2022,11110000
"6079","Tuvalu","TUV",1990,0
"6080","Tuvalu","TUV",1991,0
"6081","Tuvalu","TUV",1992,0
"6082","Tuvalu","TUV",1993,0
"6083","Tuvalu","TUV",1994,0
"6084","Tuvalu","TUV",1995,0
"6085","Tuvalu","TUV",1996,0
"6086","Tuvalu","TUV",1997,0
"6087","Tuvalu","TUV",1998,0
"6088","Tuvalu","TUV",1999,0
"6089","Tuvalu","TUV",2000,0
"6090","Tuvalu","TUV",2001,0
"6091","Tuvalu","TUV",2002,10000
"6092","Tuvalu","TUV",2003,0
"6093","Tuvalu","TUV",2004,10000
"6094","Tuvalu","TUV",2005,10000
"6095","Tuvalu","TUV",2006,10000
"6096","Tuvalu","TUV",2007,10000
"6097","Tuvalu","TUV",2008,0
"6098","Tuvalu","TUV",2009,10000
"6099","Tuvalu","TUV",2010,0
"6100","Tuvalu","TUV",2011,10000
"6101","Tuvalu","TUV",2012,0
"6102","Tuvalu","TUV",2013,0
"6103","Tuvalu","TUV",2014,0
"6104","Tuvalu","TUV",2015,0
"6105","Tuvalu","TUV",2016,0
"6106","Tuvalu","TUV",2017,0
"6107","Tuvalu","TUV",2018,0
"6108","Tuvalu","TUV",2019,0
"6109","Tuvalu","TUV",2020,0
"6110","Tuvalu","TUV",2021,0
"6111","Tuvalu","TUV",2022,0
"6112","Uganda","UGA",1990,6e+05
"6113","Uganda","UGA",1991,620000
"6114","Uganda","UGA",1992,620000
"6115","Uganda","UGA",1993,6e+05
"6116","Uganda","UGA",1994,550000
"6117","Uganda","UGA",1995,720000
"6118","Uganda","UGA",1996,740000
"6119","Uganda","UGA",1997,770000
"6120","Uganda","UGA",1998,880000
"6121","Uganda","UGA",1999,890000
"6122","Uganda","UGA",2000,9e+05
"6123","Uganda","UGA",2001,920000
"6124","Uganda","UGA",2002,930000
"6125","Uganda","UGA",2003,960000
"6126","Uganda","UGA",2004,990000
"6127","Uganda","UGA",2005,1020000
"6128","Uganda","UGA",2006,1130000
"6129","Uganda","UGA",2007,1190000
"6130","Uganda","UGA",2008,1380000
"6131","Uganda","UGA",2009,1520000
"6132","Uganda","UGA",2010,1280000
"6133","Uganda","UGA",2011,1640000
"6134","Uganda","UGA",2012,2040000
"6135","Uganda","UGA",2013,2190000
"6136","Uganda","UGA",2014,2440000
"6137","Uganda","UGA",2015,2740000
"6138","Uganda","UGA",2016,2940000
"6139","Uganda","UGA",2017,3110000
"6140","Uganda","UGA",2018,3390000
"6141","Uganda","UGA",2019,3520000
"6142","Uganda","UGA",2020,3390000
"6143","Uganda","UGA",2021,3770000
"6144","Uganda","UGA",2022,3710000
"6145","Ukraine","UKR",1990,54860000
"6146","Ukraine","UKR",1991,66110000
"6147","Ukraine","UKR",1992,40940000
"6148","Ukraine","UKR",1993,35440000
"6149","Ukraine","UKR",1994,32250000
"6150","Ukraine","UKR",1995,33320000
"6151","Ukraine","UKR",1996,30150000
"6152","Ukraine","UKR",1997,35900000
"6153","Ukraine","UKR",1998,33580000
"6154","Ukraine","UKR",1999,28100000
"6155","Ukraine","UKR",2000,26920000
"6156","Ukraine","UKR",2001,28470000
"6157","Ukraine","UKR",2002,29700000
"6158","Ukraine","UKR",2003,29170000
"6159","Ukraine","UKR",2004,31170000
"6160","Ukraine","UKR",2005,30590000
"6161","Ukraine","UKR",2006,30230000
"6162","Ukraine","UKR",2007,39950000
"6163","Ukraine","UKR",2008,39920000
"6164","Ukraine","UKR",2009,33419998
"6165","Ukraine","UKR",2010,33910000
"6166","Ukraine","UKR",2011,33670000
"6167","Ukraine","UKR",2012,31250000
"6168","Ukraine","UKR",2013,31330000
"6169","Ukraine","UKR",2014,26910000
"6170","Ukraine","UKR",2015,23060000
"6171","Ukraine","UKR",2016,24290000
"6172","Ukraine","UKR",2017,25350000
"6173","Ukraine","UKR",2018,25100000
"6174","Ukraine","UKR",2019,26670000
"6175","Ukraine","UKR",2020,21700000
"6176","Ukraine","UKR",2021,25490000
"6177","Ukraine","UKR",2022,1650000
"6178","United Arab Emirates","ARE",1990,11290000
"6179","United Arab Emirates","ARE",1991,11620000
"6180","United Arab Emirates","ARE",1992,11810000
"6181","United Arab Emirates","ARE",1993,12600000
"6182","United Arab Emirates","ARE",1994,12480000
"6183","United Arab Emirates","ARE",1995,13110000
"6184","United Arab Emirates","ARE",1996,13270000
"6185","United Arab Emirates","ARE",1997,13200000
"6186","United Arab Emirates","ARE",1998,13190000
"6187","United Arab Emirates","ARE",1999,13570000
"6188","United Arab Emirates","ARE",2000,14850000
"6189","United Arab Emirates","ARE",2001,16280001
"6190","United Arab Emirates","ARE",2002,18770000
"6191","United Arab Emirates","ARE",2003,20860000
"6192","United Arab Emirates","ARE",2004,21070000
"6193","United Arab Emirates","ARE",2005,22750000
"6194","United Arab Emirates","ARE",2006,23920000
"6195","United Arab Emirates","ARE",2007,24590000
"6196","United Arab Emirates","ARE",2008,26160000
"6197","United Arab Emirates","ARE",2009,28790000
"6198","United Arab Emirates","ARE",2010,30060000
"6199","United Arab Emirates","ARE",2011,30080000
"6200","United Arab Emirates","ARE",2012,30760000
"6201","United Arab Emirates","ARE",2013,34670000
"6202","United Arab Emirates","ARE",2014,35580000
"6203","United Arab Emirates","ARE",2015,30880000
"6204","United Arab Emirates","ARE",2016,34630000
"6205","United Arab Emirates","ARE",2017,37660000
"6206","United Arab Emirates","ARE",2018,37670000
"6207","United Arab Emirates","ARE",2019,35780000
"6208","United Arab Emirates","ARE",2020,30710000
"6209","United Arab Emirates","ARE",2021,34020000
"6210","United Arab Emirates","ARE",2022,35590000
"6211","United Kingdom","GBR",1990,114970000
"6212","United Kingdom","GBR",1991,114360000
"6213","United Kingdom","GBR",1992,115830000
"6214","United Kingdom","GBR",1993,1.17e+08
"6215","United Kingdom","GBR",1994,117380000
"6216","United Kingdom","GBR",1995,116330000
"6217","United Kingdom","GBR",1996,120850000
"6218","United Kingdom","GBR",1997,121950000
"6219","United Kingdom","GBR",1998,121190000
"6220","United Kingdom","GBR",1999,124730000
"6221","United Kingdom","GBR",2000,122950000
"6222","United Kingdom","GBR",2001,121900000
"6223","United Kingdom","GBR",2002,123170000
"6224","United Kingdom","GBR",2003,124570000
"6225","United Kingdom","GBR",2004,125980000
"6226","United Kingdom","GBR",2005,127200000
"6227","United Kingdom","GBR",2006,128850010
"6228","United Kingdom","GBR",2007,129550000
"6229","United Kingdom","GBR",2008,122740000
"6230","United Kingdom","GBR",2009,118320000
"6231","United Kingdom","GBR",2010,116850000
"6232","United Kingdom","GBR",2011,115400000
"6233","United Kingdom","GBR",2012,114910000
"6234","United Kingdom","GBR",2013,114170000
"6235","United Kingdom","GBR",2014,115640000
"6236","United Kingdom","GBR",2015,118820000
"6237","United Kingdom","GBR",2016,121630000
"6238","United Kingdom","GBR",2017,122090000
"6239","United Kingdom","GBR",2018,120560000
"6240","United Kingdom","GBR",2019,118580000
"6241","United Kingdom","GBR",2020,94220000
"6242","United Kingdom","GBR",2021,103970000
"6243","United Kingdom","GBR",2022,107150000
"6244","United States","USA",1990,1426970000
"6245","United States","USA",1991,1399670000
"6246","United States","USA",1992,1430660100
"6247","United States","USA",1993,1454190000
"6248","United States","USA",1994,1506900000
"6249","United States","USA",1995,1537760000
"6250","United States","USA",1996,1577189900
"6251","United States","USA",1997,1602130000
"6252","United States","USA",1998,1640360000
"6253","United States","USA",1999,1686180100
"6254","United States","USA",2000,1717850000
"6255","United States","USA",2001,1720040100
"6256","United States","USA",2002,1741640100
"6257","United States","USA",2003,1766750000
"6258","United States","USA",2004,1788670100
"6259","United States","USA",2005,1807720000
"6260","United States","USA",2006,1806020000
"6261","United States","USA",2007,1806370000
"6262","United States","USA",2008,1708270100
"6263","United States","USA",2009,1622550000
"6264","United States","USA",2010,1679770000
"6265","United States","USA",2011,1633590000
"6266","United States","USA",2012,1597530000
"6267","United States","USA",2013,1646939900
"6268","United States","USA",2014,1639850000
"6269","United States","USA",2015,1700050000
"6270","United States","USA",2016,1711220000
"6271","United States","USA",2017,1724020000
"6272","United States","USA",2018,1762240000
"6273","United States","USA",2019,1757339900
"6274","United States","USA",2020,1507920000
"6275","United States","USA",2021,1663680000
"6276","United States","USA",2022,1699430000
"6277","Upper-middle-income countries",NA,1990,694250000
"6278","Upper-middle-income countries",NA,1991,727620030
"6279","Upper-middle-income countries",NA,1992,720310000
"6280","Upper-middle-income countries",NA,1993,757190000
"6281","Upper-middle-income countries",NA,1994,761150000
"6282","Upper-middle-income countries",NA,1995,802610000
"6283","Upper-middle-income countries",NA,1996,886270000
"6284","Upper-middle-income countries",NA,1997,887660000
"6285","Upper-middle-income countries",NA,1998,881370000
"6286","Upper-middle-income countries",NA,1999,900699970
"6287","Upper-middle-income countries",NA,2000,1015350000
"6288","Upper-middle-income countries",NA,2001,1043140000
"6289","Upper-middle-income countries",NA,2002,1088120000
"6290","Upper-middle-income countries",NA,2003,1137810000
"6291","Upper-middle-income countries",NA,2004,1244810000
"6292","Upper-middle-income countries",NA,2005,1303470000
"6293","Upper-middle-income countries",NA,2006,1367240000
"6294","Upper-middle-income countries",NA,2007,1452260000
"6295","Upper-middle-income countries",NA,2008,1519470000
"6296","Upper-middle-income countries",NA,2009,1532830000
"6297","Upper-middle-income countries",NA,2010,1624410000
"6298","Upper-middle-income countries",NA,2011,1735300000
"6299","Upper-middle-income countries",NA,2012,1869200000
"6300","Upper-middle-income countries",NA,2013,1971520000
"6301","Upper-middle-income countries",NA,2014,2021649900
"6302","Upper-middle-income countries",NA,2015,2067280000
"6303","Upper-middle-income countries",NA,2016,2089770000
"6304","Upper-middle-income countries",NA,2017,2146410000
"6305","Upper-middle-income countries",NA,2018,2232210000
"6306","Upper-middle-income countries",NA,2019,2244940000
"6307","Upper-middle-income countries",NA,2020,2020140000
"6308","Upper-middle-income countries",NA,2021,2182850000
"6309","Upper-middle-income countries",NA,2022,2164550000
"6310","Uruguay","URY",1990,1520000
"6311","Uruguay","URY",1991,1610000
"6312","Uruguay","URY",1992,1730000
"6313","Uruguay","URY",1993,1960000
"6314","Uruguay","URY",1994,2200000
"6315","Uruguay","URY",1995,2180000
"6316","Uruguay","URY",1996,2320000
"6317","Uruguay","URY",1997,2520000
"6318","Uruguay","URY",1998,2690000
"6319","Uruguay","URY",1999,2780000
"6320","Uruguay","URY",2000,2520000
"6321","Uruguay","URY",2001,2410000
"6322","Uruguay","URY",2002,2180000
"6323","Uruguay","URY",2003,2089999.9
"6324","Uruguay","URY",2004,2210000
"6325","Uruguay","URY",2005,2270000
"6326","Uruguay","URY",2006,2500000
"6327","Uruguay","URY",2007,2680000
"6328","Uruguay","URY",2008,2730000
"6329","Uruguay","URY",2009,2940000
"6330","Uruguay","URY",2010,3100000
"6331","Uruguay","URY",2011,3220000
"6332","Uruguay","URY",2012,3260000
"6333","Uruguay","URY",2013,3430000
"6334","Uruguay","URY",2014,3420000
"6335","Uruguay","URY",2015,3450000
"6336","Uruguay","URY",2016,3520000
"6337","Uruguay","URY",2017,3680000
"6338","Uruguay","URY",2018,3630000
"6339","Uruguay","URY",2019,4179999.8
"6340","Uruguay","URY",2020,3510000
"6341","Uruguay","URY",2021,3890000
"6342","Uruguay","URY",2022,4130000
"6343","Uzbekistan","UZB",1990,7690000
"6344","Uzbekistan","UZB",1991,6940000
"6345","Uzbekistan","UZB",1992,5430000
"6346","Uzbekistan","UZB",1993,4770000
"6347","Uzbekistan","UZB",1994,4270000
"6348","Uzbekistan","UZB",1995,6860000
"6349","Uzbekistan","UZB",1996,9370000
"6350","Uzbekistan","UZB",1997,9490000
"6351","Uzbekistan","UZB",1998,12940000
"6352","Uzbekistan","UZB",1999,13490000
"6353","Uzbekistan","UZB",2000,13490000
"6354","Uzbekistan","UZB",2001,13890000
"6355","Uzbekistan","UZB",2002,13400000
"6356","Uzbekistan","UZB",2003,12170000
"6357","Uzbekistan","UZB",2004,12170000
"6358","Uzbekistan","UZB",2005,12210000
"6359","Uzbekistan","UZB",2006,12930000
"6360","Uzbekistan","UZB",2007,13080000
"6361","Uzbekistan","UZB",2008,12950000
"6362","Uzbekistan","UZB",2009,12140000
"6363","Uzbekistan","UZB",2010,12920000
"6364","Uzbekistan","UZB",2011,12500000
"6365","Uzbekistan","UZB",2012,10200000
"6366","Uzbekistan","UZB",2013,9240000
"6367","Uzbekistan","UZB",2014,8630000
"6368","Uzbekistan","UZB",2015,8130000
"6369","Uzbekistan","UZB",2016,8200000
"6370","Uzbekistan","UZB",2017,8860000
"6371","Uzbekistan","UZB",2018,14470000
"6372","Uzbekistan","UZB",2019,14970000
"6373","Uzbekistan","UZB",2020,15650000
"6374","Uzbekistan","UZB",2021,16280001
"6375","Uzbekistan","UZB",2022,17820000
"6376","Vanuatu","VUT",1990,40000
"6377","Vanuatu","VUT",1991,40000
"6378","Vanuatu","VUT",1992,30000
"6379","Vanuatu","VUT",1993,30000
"6380","Vanuatu","VUT",1994,30000
"6381","Vanuatu","VUT",1995,30000
"6382","Vanuatu","VUT",1996,40000
"6383","Vanuatu","VUT",1997,40000
"6384","Vanuatu","VUT",1998,40000
"6385","Vanuatu","VUT",1999,40000
"6386","Vanuatu","VUT",2000,40000
"6387","Vanuatu","VUT",2001,40000
"6388","Vanuatu","VUT",2002,40000
"6389","Vanuatu","VUT",2003,40000
"6390","Vanuatu","VUT",2004,30000
"6391","Vanuatu","VUT",2005,30000
"6392","Vanuatu","VUT",2006,30000
"6393","Vanuatu","VUT",2007,40000
"6394","Vanuatu","VUT",2008,40000
"6395","Vanuatu","VUT",2009,80000
"6396","Vanuatu","VUT",2010,80000
"6397","Vanuatu","VUT",2011,90000
"6398","Vanuatu","VUT",2012,80000
"6399","Vanuatu","VUT",2013,80000
"6400","Vanuatu","VUT",2014,120000
"6401","Vanuatu","VUT",2015,1e+05
"6402","Vanuatu","VUT",2016,110000
"6403","Vanuatu","VUT",2017,90000
"6404","Vanuatu","VUT",2018,129999.99
"6405","Vanuatu","VUT",2019,110000
"6406","Vanuatu","VUT",2020,160000
"6407","Vanuatu","VUT",2021,170000
"6408","Vanuatu","VUT",2022,170000
"6409","Venezuela","VEN",1990,28550000
"6410","Venezuela","VEN",1991,30250000
"6411","Venezuela","VEN",1992,29780000
"6412","Venezuela","VEN",1993,31910000
"6413","Venezuela","VEN",1994,32400002
"6414","Venezuela","VEN",1995,33490002
"6415","Venezuela","VEN",1996,34830000
"6416","Venezuela","VEN",1997,32450000
"6417","Venezuela","VEN",1998,33230000
"6418","Venezuela","VEN",1999,32890000
"6419","Venezuela","VEN",2000,33940000
"6420","Venezuela","VEN",2001,36200000
"6421","Venezuela","VEN",2002,38470000
"6422","Venezuela","VEN",2003,34370000
"6423","Venezuela","VEN",2004,34840000
"6424","Venezuela","VEN",2005,41550000
"6425","Venezuela","VEN",2006,43800000
"6426","Venezuela","VEN",2007,47440000
"6427","Venezuela","VEN",2008,49510000
"6428","Venezuela","VEN",2009,50260000
"6429","Venezuela","VEN",2010,48590000
"6430","Venezuela","VEN",2011,50840000
"6431","Venezuela","VEN",2012,54200000
"6432","Venezuela","VEN",2013,53370000
"6433","Venezuela","VEN",2014,52890000
"6434","Venezuela","VEN",2015,46220000
"6435","Venezuela","VEN",2016,40540000
"6436","Venezuela","VEN",2017,37110000
"6437","Venezuela","VEN",2018,32509998
"6438","Venezuela","VEN",2019,29850000
"6439","Venezuela","VEN",2020,11210000
"6440","Venezuela","VEN",2021,10980000
"6441","Venezuela","VEN",2022,14700000
"6442","Vietnam","VNM",1990,4170000
"6443","Vietnam","VNM",1991,3940000
"6444","Vietnam","VNM",1992,4420000
"6445","Vietnam","VNM",1993,6900000
"6446","Vietnam","VNM",1994,7610000
"6447","Vietnam","VNM",1995,7270000
"6448","Vietnam","VNM",1996,8e+06
"6449","Vietnam","VNM",1997,8750000
"6450","Vietnam","VNM",1998,9200000
"6451","Vietnam","VNM",1999,9830000
"6452","Vietnam","VNM",2000,10570000
"6453","Vietnam","VNM",2001,11290000
"6454","Vietnam","VNM",2002,13840000
"6455","Vietnam","VNM",2003,15650000
"6456","Vietnam","VNM",2004,19160000
"6457","Vietnam","VNM",2005,19360000
"6458","Vietnam","VNM",2006,19340000
"6459","Vietnam","VNM",2007,22640000
"6460","Vietnam","VNM",2008,24100000
"6461","Vietnam","VNM",2009,28930000
"6462","Vietnam","VNM",2010,31070000
"6463","Vietnam","VNM",2011,30510000
"6464","Vietnam","VNM",2012,30060000
"6465","Vietnam","VNM",2013,29300000
"6466","Vietnam","VNM",2014,29960000
"6467","Vietnam","VNM",2015,33180000
"6468","Vietnam","VNM",2016,36790000
"6469","Vietnam","VNM",2017,40040000
"6470","Vietnam","VNM",2018,41850000
"6471","Vietnam","VNM",2019,43570000
"6472","Vietnam","VNM",2020,36630000
"6473","Vietnam","VNM",2021,32119998
"6474","Vietnam","VNM",2022,43830000
"6475","World","OWID_WRL",1990,4617799700
"6476","World","OWID_WRL",1991,4655590000
"6477","World","OWID_WRL",1992,4761400000
"6478","World","OWID_WRL",1993,4803180000
"6479","World","OWID_WRL",1994,4899850000
"6480","World","OWID_WRL",1995,5034310000
"6481","World","OWID_WRL",1996,5240380000
"6482","World","OWID_WRL",1997,5316630000
"6483","World","OWID_WRL",1998,5440819700
"6484","World","OWID_WRL",1999,5602370000
"6485","World","OWID_WRL",2000,5780140000
"6486","World","OWID_WRL",2001,5809300000
"6487","World","OWID_WRL",2002,5961330000
"6488","World","OWID_WRL",2003,6086480000
"6489","World","OWID_WRL",2004,6368700400
"6490","World","OWID_WRL",2005,6509820000
"6491","World","OWID_WRL",2006,6661310000
"6492","World","OWID_WRL",2007,6869600000
"6493","World","OWID_WRL",2008,6873750000
"6494","World","OWID_WRL",2009,6733930000
"6495","World","OWID_WRL",2010,7021060000
"6496","World","OWID_WRL",2011,7134360000
"6497","World","OWID_WRL",2012,7191590000
"6498","World","OWID_WRL",2013,7376710000
"6499","World","OWID_WRL",2014,7499220000
"6500","World","OWID_WRL",2015,7731710000
"6501","World","OWID_WRL",2016,7883340000
"6502","World","OWID_WRL",2017,8076090000
"6503","World","OWID_WRL",2018,8266900500
"6504","World","OWID_WRL",2019,8283870000
"6505","World","OWID_WRL",2020,7093950000
"6506","World","OWID_WRL",2021,7649090000
"6507","World","OWID_WRL",2022,7.941e+09
"6508","Yemen","YEM",1990,4010000.2
"6509","Yemen","YEM",1991,5130000
"6510","Yemen","YEM",1992,5410000
"6511","Yemen","YEM",1993,4410000
"6512","Yemen","YEM",1994,4450000
"6513","Yemen","YEM",1995,3960000
"6514","Yemen","YEM",1996,3760000
"6515","Yemen","YEM",1997,3780000
"6516","Yemen","YEM",1998,4080000
"6517","Yemen","YEM",1999,4510000
"6518","Yemen","YEM",2000,4400000
"6519","Yemen","YEM",2001,4840000
"6520","Yemen","YEM",2002,4250000
"6521","Yemen","YEM",2003,5030000
"6522","Yemen","YEM",2004,5220000
"6523","Yemen","YEM",2005,5570000
"6524","Yemen","YEM",2006,5170000
"6525","Yemen","YEM",2007,4720000
"6526","Yemen","YEM",2008,5040000
"6527","Yemen","YEM",2009,8149999.5
"6528","Yemen","YEM",2010,7150000
"6529","Yemen","YEM",2011,6660000
"6530","Yemen","YEM",2012,5480000
"6531","Yemen","YEM",2013,8300000
"6532","Yemen","YEM",2014,8380000
"6533","Yemen","YEM",2015,3130000
"6534","Yemen","YEM",2016,2590000
"6535","Yemen","YEM",2017,2440000
"6536","Yemen","YEM",2018,3040000
"6537","Yemen","YEM",2019,3080000
"6538","Yemen","YEM",2020,2720000
"6539","Yemen","YEM",2021,2690000
"6540","Yemen","YEM",2022,2700000
"6541","Zambia","ZMB",1990,770000
"6542","Zambia","ZMB",1991,970000
"6543","Zambia","ZMB",1992,930000
"6544","Zambia","ZMB",1993,660000
"6545","Zambia","ZMB",1994,810000
"6546","Zambia","ZMB",1995,810000
"6547","Zambia","ZMB",1996,630000
"6548","Zambia","ZMB",1997,730000
"6549","Zambia","ZMB",1998,7e+05
"6550","Zambia","ZMB",1999,670000
"6551","Zambia","ZMB",2000,730000
"6552","Zambia","ZMB",2001,770000
"6553","Zambia","ZMB",2002,810000
"6554","Zambia","ZMB",2003,860000
"6555","Zambia","ZMB",2004,920000
"6556","Zambia","ZMB",2005,990000
"6557","Zambia","ZMB",2006,1020000
"6558","Zambia","ZMB",2007,9e+05
"6559","Zambia","ZMB",2008,980000
"6560","Zambia","ZMB",2009,1150000
"6561","Zambia","ZMB",2010,1230000
"6562","Zambia","ZMB",2011,1340000
"6563","Zambia","ZMB",2012,1610000
"6564","Zambia","ZMB",2013,1660000
"6565","Zambia","ZMB",2014,1880000
"6566","Zambia","ZMB",2015,2100000
"6567","Zambia","ZMB",2016,2079999.9
"6568","Zambia","ZMB",2017,1870000
"6569","Zambia","ZMB",2018,1840000
"6570","Zambia","ZMB",2019,1840000
"6571","Zambia","ZMB",2020,1900000
"6572","Zambia","ZMB",2021,2520000
"6573","Zambia","ZMB",2022,2490000
"6574","Zimbabwe","ZWE",1990,2089999.9
"6575","Zimbabwe","ZWE",1991,1590000
"6576","Zimbabwe","ZWE",1992,2210000
"6577","Zimbabwe","ZWE",1993,1970000
"6578","Zimbabwe","ZWE",1994,1750000
"6579","Zimbabwe","ZWE",1995,2170000
"6580","Zimbabwe","ZWE",1996,2130000
"6581","Zimbabwe","ZWE",1997,2140000
"6582","Zimbabwe","ZWE",1998,2120000
"6583","Zimbabwe","ZWE",1999,3130000
"6584","Zimbabwe","ZWE",2000,1920000
"6585","Zimbabwe","ZWE",2001,1800000
"6586","Zimbabwe","ZWE",2002,1660000
"6587","Zimbabwe","ZWE",2003,1390000
"6588","Zimbabwe","ZWE",2004,1210000
"6589","Zimbabwe","ZWE",2005,1320000
"6590","Zimbabwe","ZWE",2006,1280000
"6591","Zimbabwe","ZWE",2007,1230000
"6592","Zimbabwe","ZWE",2008,1030000
"6593","Zimbabwe","ZWE",2009,1110000
"6594","Zimbabwe","ZWE",2010,1320000
"6595","Zimbabwe","ZWE",2011,2250000
"6596","Zimbabwe","ZWE",2012,2550000
"6597","Zimbabwe","ZWE",2013,2840000
"6598","Zimbabwe","ZWE",2014,2550000
"6599","Zimbabwe","ZWE",2015,2340000
"6600","Zimbabwe","ZWE",2016,1840000
"6601","Zimbabwe","ZWE",2017,2e+06
"6602","Zimbabwe","ZWE",2018,2620000
"6603","Zimbabwe","ZWE",2019,2240000
"6604","Zimbabwe","ZWE",2020,1510000
"6605","Zimbabwe","ZWE",2021,1580000
"6606","Zimbabwe","ZWE",2022,2250000
