Entity,Code,Year,Nuclear per capita (kWh - equivalent)
Africa,,1965,0
Africa,,1966,0
Africa,,1967,0
Africa,,1968,0
Africa,,1969,0
Africa,,1970,0
Africa,,1971,0
Africa,,1972,0
Africa,,1973,0
Africa,,1974,0
Africa,,1975,0
Africa,,1976,0
Africa,,1977,0
Africa,,1978,0
Africa,,1979,0
Africa,,1980,0
Africa,,1981,0
Africa,,1982,0
Africa,,1983,0
Africa,,1984,20.055212
Africa,,1985,26.379913
Africa,,1986,42.45515
Africa,,1987,28.907385
Africa,,1988,47.83034
Africa,,1989,49.221844
Africa,,1990,36.455956
Africa,,1991,38.420593
Africa,,1992,38.0218
Africa,,1993,28.929296
Africa,,1994,37.699104
Africa,,1995,42.84408
Africa,,1996,43.52558
Africa,,1997,45.601315
Africa,,1998,47.824593
Africa,,1999,44.018295
Africa,,2000,43.510277
Africa,,2001,34.766743
Africa,,2002,37.61349
Africa,,2003,38.520435
Africa,,2004,39.421738
Africa,,2005,32.206997
Africa,,2006,27.72426
Africa,,2007,30.339426
Africa,,2008,33.70249
Africa,,2009,32.171
Africa,,2010,32.85396
Africa,,2011,30.382132
Africa,,2012,29.606596
Africa,,2013,31.13335
Africa,,2014,29.514488
Africa,,2015,25.39166
Africa,,2016,30.17384
Africa,,2017,27.65799
Africa,,2018,21.898853
Africa,,2019,24.33371
Africa,,2020,17.708193
Africa,,2021,21.524996
Africa,,2022,17.151154
Africa,,2023,13.341766
Africa,,2024,12.556185
Algeria,DZA,1965,0
Algeria,DZA,1966,0
Algeria,DZA,1967,0
Algeria,DZA,1968,0
Algeria,DZA,1969,0
Algeria,DZA,1970,0
Algeria,DZA,1971,0
Algeria,DZA,1972,0
Algeria,DZA,1973,0
Algeria,DZA,1974,0
Algeria,DZA,1975,0
Algeria,DZA,1976,0
Algeria,DZA,1977,0
Algeria,DZA,1978,0
Algeria,DZA,1979,0
Algeria,DZA,1980,0
Algeria,DZA,1981,0
Algeria,DZA,1982,0
Algeria,DZA,1983,0
Algeria,DZA,1984,0
Algeria,DZA,1985,0
Algeria,DZA,1986,0
Algeria,DZA,1987,0
Algeria,DZA,1988,0
Algeria,DZA,1989,0
Algeria,DZA,1990,0
Algeria,DZA,1991,0
Algeria,DZA,1992,0
Algeria,DZA,1993,0
Algeria,DZA,1994,0
Algeria,DZA,1995,0
Algeria,DZA,1996,0
Algeria,DZA,1997,0
Algeria,DZA,1998,0
Algeria,DZA,1999,0
Algeria,DZA,2000,0
Algeria,DZA,2001,0
Algeria,DZA,2002,0
Algeria,DZA,2003,0
Algeria,DZA,2004,0
Algeria,DZA,2005,0
Algeria,DZA,2006,0
Algeria,DZA,2007,0
Algeria,DZA,2008,0
Algeria,DZA,2009,0
Algeria,DZA,2010,0
Algeria,DZA,2011,0
Algeria,DZA,2012,0
Algeria,DZA,2013,0
Algeria,DZA,2014,0
Algeria,DZA,2015,0
Algeria,DZA,2016,0
Algeria,DZA,2017,0
Algeria,DZA,2018,0
Algeria,DZA,2019,0
Algeria,DZA,2020,0
Algeria,DZA,2021,0
Algeria,DZA,2022,0
Algeria,DZA,2023,0
Algeria,DZA,2024,0
Angola,AGO,1965,0
Angola,AGO,1966,0
Angola,AGO,1967,0
Angola,AGO,1968,0
Angola,AGO,1969,0
Angola,AGO,1970,0
Angola,AGO,1971,0
Angola,AGO,1972,0
Angola,AGO,1973,0
Angola,AGO,1974,0
Angola,AGO,1975,0
Angola,AGO,1976,0
Angola,AGO,1977,0
Angola,AGO,1978,0
Angola,AGO,1979,0
Angola,AGO,1980,0
Angola,AGO,1981,0
Angola,AGO,1982,0
Angola,AGO,1983,0
Angola,AGO,1984,0
Angola,AGO,1985,0
Angola,AGO,1986,0
Angola,AGO,1987,0
Angola,AGO,1988,0
Angola,AGO,1989,0
Angola,AGO,1990,0
Angola,AGO,1991,0
Angola,AGO,1992,0
Angola,AGO,1993,0
Angola,AGO,1994,0
Angola,AGO,1995,0
Angola,AGO,1996,0
Angola,AGO,1997,0
Angola,AGO,1998,0
Angola,AGO,1999,0
Angola,AGO,2000,0
Angola,AGO,2001,0
Angola,AGO,2002,0
Angola,AGO,2003,0
Angola,AGO,2004,0
Angola,AGO,2005,0
Angola,AGO,2006,0
Angola,AGO,2007,0
Angola,AGO,2008,0
Angola,AGO,2009,0
Angola,AGO,2010,0
Angola,AGO,2011,0
Angola,AGO,2012,0
Angola,AGO,2013,0
Angola,AGO,2014,0
Angola,AGO,2015,0
Angola,AGO,2016,0
Angola,AGO,2017,0
Angola,AGO,2018,0
Angola,AGO,2019,0
Angola,AGO,2020,0
Angola,AGO,2021,0
Angola,AGO,2022,0
Angola,AGO,2023,0
Angola,AGO,2024,0
Argentina,ARG,1965,0
Argentina,ARG,1966,0
Argentina,ARG,1967,0
Argentina,ARG,1968,0
Argentina,ARG,1969,0
Argentina,ARG,1970,0
Argentina,ARG,1971,0
Argentina,ARG,1972,0
Argentina,ARG,1973,0
Argentina,ARG,1974,113.02534
Argentina,ARG,1975,270.21866
Argentina,ARG,1976,271.83502
Argentina,ARG,1977,170.29637
Argentina,ARG,1978,296.4911
Argentina,ARG,1979,271.23965
Argentina,ARG,1980,232.04674
Argentina,ARG,1981,274.81146
Argentina,ARG,1982,179.58775
Argentina,ARG,1983,321.80685
Argentina,ARG,1984,431.6923
Argentina,ARG,1985,527.9677
Argentina,ARG,1986,514.861
Argentina,ARG,1987,573.8997
Argentina,ARG,1988,506.7742
Argentina,ARG,1989,433.7405
Argentina,ARG,1990,617.4459
Argentina,ARG,1991,648.33746
Argentina,ARG,1992,583.775
Argentina,ARG,1993,630.33856
Argentina,ARG,1994,660.8694
Argentina,ARG,1995,559.674
Argentina,ARG,1996,583.4196
Argentina,ARG,1997,615.1668
Argentina,ARG,1998,569.182
Argentina,ARG,1999,536.46027
Argentina,ARG,2000,461.07214
Argentina,ARG,2001,518.27496
Argentina,ARG,2002,419.35892
Argentina,ARG,2003,536.5306
Argentina,ARG,2004,549.3933
Argentina,ARG,2005,471.11987
Argentina,ARG,2006,521.03186
Argentina,ARG,2007,482.1118
Argentina,ARG,2008,482.61337
Argentina,ARG,2009,525.7074
Argentina,ARG,2010,454.75018
Argentina,ARG,2011,397.3173
Argentina,ARG,2012,391.35028
Argentina,ARG,2013,372.7986
Argentina,ARG,2014,326.10892
Argentina,ARG,2015,409.87762
Argentina,ARG,2016,474.17844
Argentina,ARG,2017,343.6527
Argentina,ARG,2018,382.81436
Argentina,ARG,2019,464.63037
Argentina,ARG,2020,546.96063
Argentina,ARG,2021,552.7973
Argentina,ARG,2022,404.15274
Argentina,ARG,2023,480.05695
Argentina,ARG,2024,557.7145
Asia,,1965,0.036664907
Asia,,1966,0.8361167
Asia,,1967,0.87963295
Asia,,1968,1.4252226
Asia,,1969,2.4066215
Asia,,1970,7.655313
Asia,,1971,11.46688
Asia,,1972,13.166236
Asia,,1973,14.61242
Asia,,1974,26.155851
Asia,,1975,32.42174
Asia,,1976,42.470554
Asia,,1977,38.026806
Asia,,1978,73.22091
Asia,,1979,88.554634
Asia,,1980,102.17005
Asia,,1981,107.65358
Asia,,1982,123.388626
Asia,,1983,144.66187
Asia,,1984,170.61183
Asia,,1985,205.70226
Asia,,1986,214.47368
Asia,,1987,248.80342
Asia,,1988,230.14278
Asia,,1989,235.60048
Asia,,1990,248.54579
Asia,,1991,260.6484
Asia,,1992,263.0307
Asia,,1993,286.7127
Asia,,1994,301.2953
Asia,,1995,327.09323
Asia,,1996,340.3251
Asia,,1997,356.74408
Asia,,1998,365.9178
Asia,,1999,366.90585
Asia,,2000,372.199
Asia,,2001,369.92215
Asia,,2002,371.41403
Asia,,2003,324.5495
Asia,,2004,365.79895
Asia,,2005,374.22568
Asia,,2006,377.4474
Asia,,2007,355.85144
Asia,,2008,338.70993
Asia,,2009,348.31833
Asia,,2010,359.67944
Asia,,2011,293.47308
Asia,,2012,205.94849
Asia,,2013,204.42435
Asia,,2014,216.78105
Asia,,2015,240.63814
Asia,,2016,264.48627
Asia,,2017,275.17477
Asia,,2018,303.39813
Asia,,2019,348.86
Asia,,2020,350.70825
Asia,,2021,381.29654
Asia,,2022,397.21606
Asia,,2023,421.17334
Asia,,2024,439.0203
Australia,AUS,1965,0
Australia,AUS,1966,0
Australia,AUS,1967,0
Australia,AUS,1968,0
Australia,AUS,1969,0
Australia,AUS,1970,0
Australia,AUS,1971,0
Australia,AUS,1972,0
Australia,AUS,1973,0
Australia,AUS,1974,0
Australia,AUS,1975,0
Australia,AUS,1976,0
Australia,AUS,1977,0
Australia,AUS,1978,0
Australia,AUS,1979,0
Australia,AUS,1980,0
Australia,AUS,1981,0
Australia,AUS,1982,0
Australia,AUS,1983,0
Australia,AUS,1984,0
Australia,AUS,1985,0
Australia,AUS,1986,0
Australia,AUS,1987,0
Australia,AUS,1988,0
Australia,AUS,1989,0
Australia,AUS,1990,0
Australia,AUS,1991,0
Australia,AUS,1992,0
Australia,AUS,1993,0
Australia,AUS,1994,0
Australia,AUS,1995,0
Australia,AUS,1996,0
Australia,AUS,1997,0
Australia,AUS,1998,0
Australia,AUS,1999,0
Australia,AUS,2000,0
Australia,AUS,2001,0
Australia,AUS,2002,0
Australia,AUS,2003,0
Australia,AUS,2004,0
Australia,AUS,2005,0
Australia,AUS,2006,0
Australia,AUS,2007,0
Australia,AUS,2008,0
Australia,AUS,2009,0
Australia,AUS,2010,0
Australia,AUS,2011,0
Australia,AUS,2012,0
Australia,AUS,2013,0
Australia,AUS,2014,0
Australia,AUS,2015,0
Australia,AUS,2016,0
Australia,AUS,2017,0
Australia,AUS,2018,0
Australia,AUS,2019,0
Australia,AUS,2020,0
Australia,AUS,2021,0
Australia,AUS,2022,0
Australia,AUS,2023,0
Australia,AUS,2024,0
Austria,AUT,1965,0
Austria,AUT,1966,0
Austria,AUT,1967,0
Austria,AUT,1968,0
Austria,AUT,1969,0
Austria,AUT,1970,0
Austria,AUT,1971,0
Austria,AUT,1972,0
Austria,AUT,1973,0
Austria,AUT,1974,0
Austria,AUT,1975,0
Austria,AUT,1976,0
Austria,AUT,1977,0
Austria,AUT,1978,0
Austria,AUT,1979,0
Austria,AUT,1980,0
Austria,AUT,1981,0
Austria,AUT,1982,0
Austria,AUT,1983,0
Austria,AUT,1984,0
Austria,AUT,1985,0
Austria,AUT,1986,0
Austria,AUT,1987,0
Austria,AUT,1988,0
Austria,AUT,1989,0
Austria,AUT,1990,0
Austria,AUT,1991,0
Austria,AUT,1992,0
Austria,AUT,1993,0
Austria,AUT,1994,0
Austria,AUT,1995,0
Austria,AUT,1996,0
Austria,AUT,1997,0
Austria,AUT,1998,0
Austria,AUT,1999,0
Austria,AUT,2000,0
Austria,AUT,2001,0
Austria,AUT,2002,0
Austria,AUT,2003,0
Austria,AUT,2004,0
Austria,AUT,2005,0
Austria,AUT,2006,0
Austria,AUT,2007,0
Austria,AUT,2008,0
Austria,AUT,2009,0
Austria,AUT,2010,0
Austria,AUT,2011,0
Austria,AUT,2012,0
Austria,AUT,2013,0
Austria,AUT,2014,0
Austria,AUT,2015,0
Austria,AUT,2016,0
Austria,AUT,2017,0
Austria,AUT,2018,0
Austria,AUT,2019,0
Austria,AUT,2020,0
Austria,AUT,2021,0
Austria,AUT,2022,0
Austria,AUT,2023,0
Austria,AUT,2024,0
Azerbaijan,AZE,1985,0
Azerbaijan,AZE,1986,0
Azerbaijan,AZE,1987,0
Azerbaijan,AZE,1988,0
Azerbaijan,AZE,1989,0
Azerbaijan,AZE,1990,0
Azerbaijan,AZE,1991,0
Azerbaijan,AZE,1992,0
Azerbaijan,AZE,1993,0
Azerbaijan,AZE,1994,0
Azerbaijan,AZE,1995,0
Azerbaijan,AZE,1996,0
Azerbaijan,AZE,1997,0
Azerbaijan,AZE,1998,0
Azerbaijan,AZE,1999,0
Azerbaijan,AZE,2000,0
Azerbaijan,AZE,2001,0
Azerbaijan,AZE,2002,0
Azerbaijan,AZE,2003,0
Azerbaijan,AZE,2004,0
Azerbaijan,AZE,2005,0
Azerbaijan,AZE,2006,0
Azerbaijan,AZE,2007,0
Azerbaijan,AZE,2008,0
Azerbaijan,AZE,2009,0
Azerbaijan,AZE,2010,0
Azerbaijan,AZE,2011,0
Azerbaijan,AZE,2012,0
Azerbaijan,AZE,2013,0
Azerbaijan,AZE,2014,0
Azerbaijan,AZE,2015,0
Azerbaijan,AZE,2016,0
Azerbaijan,AZE,2017,0
Azerbaijan,AZE,2018,0
Azerbaijan,AZE,2019,0
Azerbaijan,AZE,2020,0
Azerbaijan,AZE,2021,0
Azerbaijan,AZE,2022,0
Azerbaijan,AZE,2023,0
Azerbaijan,AZE,2024,0
Bahrain,BHR,1965,0
Bahrain,BHR,1966,0
Bahrain,BHR,1967,0
Bahrain,BHR,1968,0
Bahrain,BHR,1969,0
Bahrain,BHR,1970,0
Bahrain,BHR,1971,0
Bahrain,BHR,1972,0
Bahrain,BHR,1973,0
Bahrain,BHR,1974,0
Bahrain,BHR,1975,0
Bahrain,BHR,1976,0
Bahrain,BHR,1977,0
Bahrain,BHR,1978,0
Bahrain,BHR,1979,0
Bahrain,BHR,1980,0
Bahrain,BHR,1981,0
Bahrain,BHR,1982,0
Bahrain,BHR,1983,0
Bahrain,BHR,1984,0
Bahrain,BHR,1985,0
Bahrain,BHR,1986,0
Bahrain,BHR,1987,0
Bahrain,BHR,1988,0
Bahrain,BHR,1989,0
Bahrain,BHR,1990,0
Bahrain,BHR,1991,0
Bahrain,BHR,1992,0
Bahrain,BHR,1993,0
Bahrain,BHR,1994,0
Bahrain,BHR,1995,0
Bahrain,BHR,1996,0
Bahrain,BHR,1997,0
Bahrain,BHR,1998,0
Bahrain,BHR,1999,0
Bahrain,BHR,2000,0
Bahrain,BHR,2001,0
Bahrain,BHR,2002,0
Bahrain,BHR,2003,0
Bahrain,BHR,2004,0
Bahrain,BHR,2005,0
Bahrain,BHR,2006,0
Bahrain,BHR,2007,0
Bahrain,BHR,2008,0
Bahrain,BHR,2009,0
Bahrain,BHR,2010,0
Bahrain,BHR,2011,0
Bahrain,BHR,2012,0
Bahrain,BHR,2013,0
Bahrain,BHR,2014,0
Bahrain,BHR,2015,0
Bahrain,BHR,2016,0
Bahrain,BHR,2017,0
Bahrain,BHR,2018,0
Bahrain,BHR,2019,0
Bahrain,BHR,2020,0
Bahrain,BHR,2021,0
Bahrain,BHR,2022,0
Bahrain,BHR,2023,0
Bahrain,BHR,2024,0
Bangladesh,BGD,1965,0
Bangladesh,BGD,1966,0
Bangladesh,BGD,1967,0
Bangladesh,BGD,1968,0
Bangladesh,BGD,1969,0
Bangladesh,BGD,1970,0
Bangladesh,BGD,1971,0
Bangladesh,BGD,1972,0
Bangladesh,BGD,1973,0
Bangladesh,BGD,1974,0
Bangladesh,BGD,1975,0
Bangladesh,BGD,1976,0
Bangladesh,BGD,1977,0
Bangladesh,BGD,1978,0
Bangladesh,BGD,1979,0
Bangladesh,BGD,1980,0
Bangladesh,BGD,1981,0
Bangladesh,BGD,1982,0
Bangladesh,BGD,1983,0
Bangladesh,BGD,1984,0
Bangladesh,BGD,1985,0
Bangladesh,BGD,1986,0
Bangladesh,BGD,1987,0
Bangladesh,BGD,1988,0
Bangladesh,BGD,1989,0
Bangladesh,BGD,1990,0
Bangladesh,BGD,1991,0
Bangladesh,BGD,1992,0
Bangladesh,BGD,1993,0
Bangladesh,BGD,1994,0
Bangladesh,BGD,1995,0
Bangladesh,BGD,1996,0
Bangladesh,BGD,1997,0
Bangladesh,BGD,1998,0
Bangladesh,BGD,1999,0
Bangladesh,BGD,2000,0
Bangladesh,BGD,2001,0
Bangladesh,BGD,2002,0
Bangladesh,BGD,2003,0
Bangladesh,BGD,2004,0
Bangladesh,BGD,2005,0
Bangladesh,BGD,2006,0
Bangladesh,BGD,2007,0
Bangladesh,BGD,2008,0
Bangladesh,BGD,2009,0
Bangladesh,BGD,2010,0
Bangladesh,BGD,2011,0
Bangladesh,BGD,2012,0
Bangladesh,BGD,2013,0
Bangladesh,BGD,2014,0
Bangladesh,BGD,2015,0
Bangladesh,BGD,2016,0
Bangladesh,BGD,2017,0
Bangladesh,BGD,2018,0
Bangladesh,BGD,2019,0
Bangladesh,BGD,2020,0
Bangladesh,BGD,2021,0
Bangladesh,BGD,2022,0
Bangladesh,BGD,2023,0
Bangladesh,BGD,2024,0
Belarus,BLR,1985,0
Belarus,BLR,1986,0
Belarus,BLR,1987,0
Belarus,BLR,1988,0
Belarus,BLR,1989,0
Belarus,BLR,1990,0
Belarus,BLR,1991,0
Belarus,BLR,1992,0
Belarus,BLR,1993,0
Belarus,BLR,1994,0
Belarus,BLR,1995,0
Belarus,BLR,1996,0
Belarus,BLR,1997,0
Belarus,BLR,1998,0
Belarus,BLR,1999,0
Belarus,BLR,2000,0
Belarus,BLR,2001,0
Belarus,BLR,2002,0
Belarus,BLR,2003,0
Belarus,BLR,2004,0
Belarus,BLR,2005,0
Belarus,BLR,2006,0
Belarus,BLR,2007,0
Belarus,BLR,2008,0
Belarus,BLR,2009,0
Belarus,BLR,2010,0
Belarus,BLR,2011,0
Belarus,BLR,2012,0
Belarus,BLR,2013,0
Belarus,BLR,2014,0
Belarus,BLR,2015,0
Belarus,BLR,2016,0
Belarus,BLR,2017,0
Belarus,BLR,2018,0
Belarus,BLR,2019,0
Belarus,BLR,2020,89.249596
Belarus,BLR,2021,1538.955
Belarus,BLR,2022,1254.9589
Belarus,BLR,2023,3139.806
Belarus,BLR,2024,4228.1074
Belgium,BEL,1965,0
Belgium,BEL,1966,1.7627356
Belgium,BEL,1967,27.468264
Belgium,BEL,1968,17.743427
Belgium,BEL,1969,6.3729167
Belgium,BEL,1970,16.440807
Belgium,BEL,1971,0
Belgium,BEL,1972,3.1517293
Belgium,BEL,1973,21.723648
Belgium,BEL,1974,42.2267
Belgium,BEL,1975,1933.0664
Belgium,BEL,1976,2856.6501
Belgium,BEL,1977,3393.066
Belgium,BEL,1978,3549.7344
Belgium,BEL,1979,3229.5305
Belgium,BEL,1980,3545.0015
Belgium,BEL,1981,3626.0913
Belgium,BEL,1982,4411.849
Belgium,BEL,1983,6784.9014
Belgium,BEL,1984,7804.265
Belgium,BEL,1985,9727.794
Belgium,BEL,1986,11067.865
Belgium,BEL,1987,11776.263
Belgium,BEL,1988,12073.512
Belgium,BEL,1989,11522.246
Belgium,BEL,1990,11913.724
Belgium,BEL,1991,11907.068
Belgium,BEL,1992,12015.853
Belgium,BEL,1993,11548.307
Belgium,BEL,1994,11155.04
Belgium,BEL,1995,11332.227
Belgium,BEL,1996,11851.738
Belgium,BEL,1997,12934.179
Belgium,BEL,1998,12568.243
Belgium,BEL,1999,13314.028
Belgium,BEL,2000,13048.488
Belgium,BEL,2001,12446.375
Belgium,BEL,2002,12557.218
Belgium,BEL,2003,12441.677
Belgium,BEL,2004,12303.344
Belgium,BEL,2005,12209.655
Belgium,BEL,2006,11823.473
Belgium,BEL,2007,12071.286
Belgium,BEL,2008,11226.465
Belgium,BEL,2009,11462.405
Belgium,BEL,2010,11416.157
Belgium,BEL,2011,11320.12
Belgium,BEL,2012,9349.798
Belgium,BEL,2013,9772.512
Belgium,BEL,2014,7650.08
Belgium,BEL,2015,5860.8955
Belgium,BEL,2016,9649.439
Belgium,BEL,2017,9279.323
Belgium,BEL,2018,6224.4517
Belgium,BEL,2019,9375.617
Belgium,BEL,2020,7367.695
Belgium,BEL,2021,10712.803
Belgium,BEL,2022,9260.675
Belgium,BEL,2023,6856.7144
Belgium,BEL,2024,6482.435
Bolivia,BOL,1970,0
Bolivia,BOL,1971,0
Bolivia,BOL,1972,0
Bolivia,BOL,1973,0
Bolivia,BOL,1974,0
Bolivia,BOL,1975,0
Bolivia,BOL,1976,0
Bolivia,BOL,1977,0
Bolivia,BOL,1978,0
Bolivia,BOL,1979,0
Bolivia,BOL,1980,0
Bolivia,BOL,1981,0
Bolivia,BOL,1982,0
Bolivia,BOL,1983,0
Bolivia,BOL,1984,0
Bolivia,BOL,1985,0
Bolivia,BOL,1986,0
Bolivia,BOL,1987,0
Bolivia,BOL,1988,0
Bolivia,BOL,1989,0
Bolivia,BOL,1990,0
Bolivia,BOL,1991,0
Bolivia,BOL,1992,0
Bolivia,BOL,1993,0
Bolivia,BOL,1994,0
Bolivia,BOL,1995,0
Bolivia,BOL,1996,0
Bolivia,BOL,1997,0
Bolivia,BOL,1998,0
Bolivia,BOL,1999,0
Bolivia,BOL,2000,0
Bolivia,BOL,2001,0
Bolivia,BOL,2002,0
Bolivia,BOL,2003,0
Bolivia,BOL,2004,0
Bolivia,BOL,2005,0
Bolivia,BOL,2006,0
Bolivia,BOL,2007,0
Bolivia,BOL,2008,0
Bolivia,BOL,2009,0
Bolivia,BOL,2010,0
Bolivia,BOL,2011,0
Bolivia,BOL,2012,0
Bolivia,BOL,2013,0
Bolivia,BOL,2014,0
Bolivia,BOL,2015,0
Bolivia,BOL,2016,0
Bolivia,BOL,2017,0
Bolivia,BOL,2018,0
Bolivia,BOL,2019,0
Bolivia,BOL,2020,0
Bolivia,BOL,2021,0
Bolivia,BOL,2022,0
Bolivia,BOL,2023,0
Bolivia,BOL,2024,0
Brazil,BRA,1965,0
Brazil,BRA,1966,0
Brazil,BRA,1967,0
Brazil,BRA,1968,0
Brazil,BRA,1969,0
Brazil,BRA,1970,0
Brazil,BRA,1971,0
Brazil,BRA,1972,0
Brazil,BRA,1973,0
Brazil,BRA,1974,0
Brazil,BRA,1975,0
Brazil,BRA,1976,0
Brazil,BRA,1977,0
Brazil,BRA,1978,0
Brazil,BRA,1979,0
Brazil,BRA,1980,0
Brazil,BRA,1981,0
Brazil,BRA,1982,0
Brazil,BRA,1983,0
Brazil,BRA,1984,34.403194
Brazil,BRA,1985,69.303215
Brazil,BRA,1986,2.8915026
Brazil,BRA,1987,19.154379
Brazil,BRA,1988,11.742554
Brazil,BRA,1989,34.697815
Brazil,BRA,1990,41.663902
Brazil,BRA,1991,26.400232
Brazil,BRA,1992,31.671421
Brazil,BRA,1993,7.830486
Brazil,BRA,1994,0.9592677
Brazil,BRA,1995,43.263477
Brazil,BRA,1996,41.057014
Brazil,BRA,1997,52.81825
Brazil,BRA,1998,53.614704
Brazil,BRA,1999,64.36217
Brazil,BRA,2000,96.50965
Brazil,BRA,2001,223.73502
Brazil,BRA,2002,212.35915
Brazil,BRA,2003,201.513
Brazil,BRA,2004,172.25182
Brazil,BRA,2005,143.44148
Brazil,BRA,2006,197.02681
Brazil,BRA,2007,174.19626
Brazil,BRA,2008,193.60684
Brazil,BRA,2009,177.05061
Brazil,BRA,2010,195.25217
Brazil,BRA,2011,207.7394
Brazil,BRA,2012,209.95987
Brazil,BRA,2013,199.08107
Brazil,BRA,2014,195.57149
Brazil,BRA,2015,184.95872
Brazil,BRA,2016,196.14473
Brazil,BRA,2017,192.2195
Brazil,BRA,2018,189.17223
Brazil,BRA,2019,192.4405
Brazil,BRA,2020,166.2879
Brazil,BRA,2021,172.83774
Brazil,BRA,2022,170.09244
Brazil,BRA,2023,167.54198
Brazil,BRA,2024,181.51991
Brunei,BRN,1965,0
Brunei,BRN,1966,0
Brunei,BRN,1967,0
Brunei,BRN,1968,0
Brunei,BRN,1969,0
Brunei,BRN,1970,0
Brunei,BRN,1971,0
Brunei,BRN,1972,0
Brunei,BRN,1973,0
Brunei,BRN,1974,0
Brunei,BRN,1975,0
Brunei,BRN,1976,0
Brunei,BRN,1977,0
Brunei,BRN,1978,0
Brunei,BRN,1979,0
Brunei,BRN,1980,0
Brunei,BRN,1981,0
Brunei,BRN,1982,0
Brunei,BRN,1983,0
Brunei,BRN,1984,0
Brunei,BRN,1985,0
Brunei,BRN,1986,0
Brunei,BRN,1987,0
Brunei,BRN,1988,0
Brunei,BRN,1989,0
Brunei,BRN,1990,0
Brunei,BRN,1991,0
Brunei,BRN,1992,0
Brunei,BRN,1993,0
Brunei,BRN,1994,0
Brunei,BRN,1995,0
Brunei,BRN,1996,0
Brunei,BRN,1997,0
Brunei,BRN,1998,0
Brunei,BRN,1999,0
Brunei,BRN,2000,0
Brunei,BRN,2001,0
Brunei,BRN,2002,0
Brunei,BRN,2003,0
Brunei,BRN,2004,0
Brunei,BRN,2005,0
Brunei,BRN,2006,0
Brunei,BRN,2007,0
Brunei,BRN,2008,0
Brunei,BRN,2009,0
Brunei,BRN,2010,0
Brunei,BRN,2011,0
Brunei,BRN,2012,0
Brunei,BRN,2013,0
Brunei,BRN,2014,0
Brunei,BRN,2015,0
Brunei,BRN,2016,0
Brunei,BRN,2017,0
Brunei,BRN,2018,0
Brunei,BRN,2019,0
Brunei,BRN,2020,0
Brunei,BRN,2021,0
Brunei,BRN,2022,0
Brunei,BRN,2023,0
Brunei,BRN,2024,0
Bulgaria,BGR,1965,0
Bulgaria,BGR,1966,0
Bulgaria,BGR,1967,0
Bulgaria,BGR,1968,0
Bulgaria,BGR,1969,0
Bulgaria,BGR,1970,0
Bulgaria,BGR,1971,0
Bulgaria,BGR,1972,0
Bulgaria,BGR,1973,0
Bulgaria,BGR,1974,296.88492
Bulgaria,BGR,1975,813.2897
Bulgaria,BGR,1976,1582.1039
Bulgaria,BGR,1977,1856.3336
Bulgaria,BGR,1978,1862.6216
Bulgaria,BGR,1979,1945.2325
Bulgaria,BGR,1980,1932.9448
Bulgaria,BGR,1981,2850.0356
Bulgaria,BGR,1982,3349.1392
Bulgaria,BGR,1983,3830.2258
Bulgaria,BGR,1984,3951.362
Bulgaria,BGR,1985,4071.3906
Bulgaria,BGR,1986,3740.4893
Bulgaria,BGR,1987,3848.4458
Bulgaria,BGR,1988,4955.393
Bulgaria,BGR,1989,4527.6816
Bulgaria,BGR,1990,4617.368
Bulgaria,BGR,1991,4211.4844
Bulgaria,BGR,1992,3749.0999
Bulgaria,BGR,1993,4584.3896
Bulgaria,BGR,1994,5060.9014
Bulgaria,BGR,1995,5736.977
Bulgaria,BGR,1996,6057.815
Bulgaria,BGR,1997,6000.697
Bulgaria,BGR,1998,5768.07
Bulgaria,BGR,1999,5445.0537
Bulgaria,BGR,2000,6311.396
Bulgaria,BGR,2001,6812.653
Bulgaria,BGR,2002,7046.9473
Bulgaria,BGR,2003,6033.063
Bulgaria,BGR,2004,5880.3174
Bulgaria,BGR,2005,6516.2007
Bulgaria,BGR,2006,6821.7705
Bulgaria,BGR,2007,5133.0806
Bulgaria,BGR,2008,5519.9805
Bulgaria,BGR,2009,5347.477
Bulgaria,BGR,2010,5339.2183
Bulgaria,BGR,2011,5726.8447
Bulgaria,BGR,2012,5560.049
Bulgaria,BGR,2013,4988.9795
Bulgaria,BGR,2014,5589.302
Bulgaria,BGR,2015,5425.876
Bulgaria,BGR,2016,5561.3535
Bulgaria,BGR,2017,5492.611
Bulgaria,BGR,2018,5710.191
Bulgaria,BGR,2019,5874.652
Bulgaria,BGR,2020,5920.5806
Bulgaria,BGR,2021,5904.7266
Bulgaria,BGR,2022,5925.5835
Bulgaria,BGR,2023,5801.024
Bulgaria,BGR,2024,5687.764
Canada,CAN,1965,18.061785
Canada,CAN,1966,23.824959
Canada,CAN,1967,20.824373
Canada,CAN,1968,122.985374
Canada,CAN,1969,69.84841
Canada,CAN,1970,134.35413
Canada,CAN,1971,541.32916
Canada,CAN,1972,901.02405
Canada,CAN,1973,1882.1868
Canada,CAN,1974,1788.5588
Canada,CAN,1975,1508.3456
Canada,CAN,1976,2062.5095
Canada,CAN,1977,3083.4878
Canada,CAN,1978,3614.544
Canada,CAN,1979,4042.3442
Canada,CAN,1980,4306.0815
Canada,CAN,1981,4479.667
Canada,CAN,1982,4235.918
Canada,CAN,1983,5313.417
Canada,CAN,1984,5649.616
Canada,CAN,1985,6484.008
Canada,CAN,1986,7552.692
Canada,CAN,1987,8086.1533
Canada,CAN,1988,8548.226
Canada,CAN,1989,8051.019
Canada,CAN,1990,7242.9595
Canada,CAN,1991,8320.261
Canada,CAN,1992,7799.407
Canada,CAN,1993,8987.759
Canada,CAN,1994,10205.244
Canada,CAN,1995,9161.862
Canada,CAN,1996,8596.53
Canada,CAN,1997,7573.4844
Canada,CAN,1998,6501.877
Canada,CAN,1999,6625.027
Canada,CAN,2000,6500.6177
Canada,CAN,2001,6740.4175
Canada,CAN,2002,6515.7974
Canada,CAN,2003,6365.256
Canada,CAN,2004,7570.0605
Canada,CAN,2005,7573.9
Canada,CAN,2006,7940.1885
Canada,CAN,2007,7460.789
Canada,CAN,2008,7521.583
Canada,CAN,2009,6941.813
Canada,CAN,2010,6855.8223
Canada,CAN,2011,6967.71
Canada,CAN,2012,6952.248
Canada,CAN,2013,7443.658
Canada,CAN,2014,7607.291
Canada,CAN,2015,7117.229
Canada,CAN,2016,6961.5073
Canada,CAN,2017,6832.305
Canada,CAN,2018,6672.04
Canada,CAN,2019,6583.5913
Canada,CAN,2020,6307.567
Canada,CAN,2021,5891.803
Canada,CAN,2022,5482.986
Canada,CAN,2023,5488.0938
Canada,CAN,2024,5245.2183
Chad,TCD,1965,0
Chad,TCD,1966,0
Chad,TCD,1967,0
Chad,TCD,1968,0
Chad,TCD,1969,0
Chad,TCD,1970,0
Chad,TCD,1971,0
Chad,TCD,1972,0
Chad,TCD,1973,0
Chad,TCD,1974,0
Chad,TCD,1975,0
Chad,TCD,1976,0
Chad,TCD,1977,0
Chad,TCD,1978,0
Chad,TCD,1979,0
Chad,TCD,1980,0
Chad,TCD,1981,0
Chad,TCD,1982,0
Chad,TCD,1983,0
Chad,TCD,1984,0
Chad,TCD,1985,0
Chad,TCD,1986,0
Chad,TCD,1987,0
Chad,TCD,1988,0
Chad,TCD,1989,0
Chad,TCD,1990,0
Chad,TCD,1991,0
Chad,TCD,1992,0
Chad,TCD,1993,0
Chad,TCD,1994,0
Chad,TCD,1995,0
Chad,TCD,1996,0
Chad,TCD,1997,0
Chad,TCD,1998,0
Chad,TCD,1999,0
Chad,TCD,2000,0
Chad,TCD,2001,0
Chad,TCD,2002,0
Chad,TCD,2003,0
Chad,TCD,2004,0
Chad,TCD,2005,0
Chad,TCD,2006,0
Chad,TCD,2007,0
Chad,TCD,2008,0
Chad,TCD,2009,0
Chad,TCD,2010,0
Chad,TCD,2011,0
Chad,TCD,2012,0
Chad,TCD,2013,0
Chad,TCD,2014,0
Chad,TCD,2015,0
Chad,TCD,2016,0
Chad,TCD,2017,0
Chad,TCD,2018,0
Chad,TCD,2019,0
Chad,TCD,2020,0
Chad,TCD,2021,0
Chad,TCD,2022,0
Chad,TCD,2023,0
Chad,TCD,2024,0
Chile,CHL,1965,0
Chile,CHL,1966,0
Chile,CHL,1967,0
Chile,CHL,1968,0
Chile,CHL,1969,0
Chile,CHL,1970,0
Chile,CHL,1971,0
Chile,CHL,1972,0
Chile,CHL,1973,0
Chile,CHL,1974,0
Chile,CHL,1975,0
Chile,CHL,1976,0
Chile,CHL,1977,0
Chile,CHL,1978,0
Chile,CHL,1979,0
Chile,CHL,1980,0
Chile,CHL,1981,0
Chile,CHL,1982,0
Chile,CHL,1983,0
Chile,CHL,1984,0
Chile,CHL,1985,0
Chile,CHL,1986,0
Chile,CHL,1987,0
Chile,CHL,1988,0
Chile,CHL,1989,0
Chile,CHL,1990,0
Chile,CHL,1991,0
Chile,CHL,1992,0
Chile,CHL,1993,0
Chile,CHL,1994,0
Chile,CHL,1995,0
Chile,CHL,1996,0
Chile,CHL,1997,0
Chile,CHL,1998,0
Chile,CHL,1999,0
Chile,CHL,2000,0
Chile,CHL,2001,0
Chile,CHL,2002,0
Chile,CHL,2003,0
Chile,CHL,2004,0
Chile,CHL,2005,0
Chile,CHL,2006,0
Chile,CHL,2007,0
Chile,CHL,2008,0
Chile,CHL,2009,0
Chile,CHL,2010,0
Chile,CHL,2011,0
Chile,CHL,2012,0
Chile,CHL,2013,0
Chile,CHL,2014,0
Chile,CHL,2015,0
Chile,CHL,2016,0
Chile,CHL,2017,0
Chile,CHL,2018,0
Chile,CHL,2019,0
Chile,CHL,2020,0
Chile,CHL,2021,0
Chile,CHL,2022,0
Chile,CHL,2023,0
Chile,CHL,2024,0
China,CHN,1965,0
China,CHN,1966,0
China,CHN,1967,0
China,CHN,1968,0
China,CHN,1969,0
China,CHN,1970,0
China,CHN,1971,0
China,CHN,1972,0
China,CHN,1973,0
China,CHN,1974,0
China,CHN,1975,0
China,CHN,1976,0
China,CHN,1977,0
China,CHN,1978,0
China,CHN,1979,0
China,CHN,1980,0
China,CHN,1981,0
China,CHN,1982,0
China,CHN,1983,0
China,CHN,1984,0
China,CHN,1985,0
China,CHN,1986,0
China,CHN,1987,0
China,CHN,1988,0
China,CHN,1989,0
China,CHN,1990,0
China,CHN,1991,0
China,CHN,1992,0
China,CHN,1993,3.7213092
China,CHN,1994,33.903046
China,CHN,1995,29.215826
China,CHN,1996,32.355453
China,CHN,1997,32.26873
China,CHN,1998,31.312115
China,CHN,1999,32.95173
China,CHN,2000,36.619686
China,CHN,2001,37.744778
China,CHN,2002,53.49512
China,CHN,2003,91.22943
China,CHN,2004,105.03981
China,CHN,2005,108.936424
China,CHN,2006,111.25418
China,CHN,2007,124.63243
China,CHN,2008,135.29483
China,CHN,2009,136.95058
China,CHN,2010,144.01183
China,CHN,2011,166.07727
China,CHN,2012,185.02669
China,CHN,2013,206.7923
China,CHN,2014,244.22746
China,CHN,2015,310.76437
China,CHN,2016,381.48447
China,CHN,2017,439.16022
China,CHN,2018,517.1432
China,CHN,2019,606.327
China,CHN,2020,634.0325
China,CHN,2021,703.6374
China,CHN,2022,720.2506
China,CHN,2023,745.32825
China,CHN,2024,774.76056
Colombia,COL,1965,0
Colombia,COL,1966,0
Colombia,COL,1967,0
Colombia,COL,1968,0
Colombia,COL,1969,0
Colombia,COL,1970,0
Colombia,COL,1971,0
Colombia,COL,1972,0
Colombia,COL,1973,0
Colombia,COL,1974,0
Colombia,COL,1975,0
Colombia,COL,1976,0
Colombia,COL,1977,0
Colombia,COL,1978,0
Colombia,COL,1979,0
Colombia,COL,1980,0
Colombia,COL,1981,0
Colombia,COL,1982,0
Colombia,COL,1983,0
Colombia,COL,1984,0
Colombia,COL,1985,0
Colombia,COL,1986,0
Colombia,COL,1987,0
Colombia,COL,1988,0
Colombia,COL,1989,0
Colombia,COL,1990,0
Colombia,COL,1991,0
Colombia,COL,1992,0
Colombia,COL,1993,0
Colombia,COL,1994,0
Colombia,COL,1995,0
Colombia,COL,1996,0
Colombia,COL,1997,0
Colombia,COL,1998,0
Colombia,COL,1999,0
Colombia,COL,2000,0
Colombia,COL,2001,0
Colombia,COL,2002,0
Colombia,COL,2003,0
Colombia,COL,2004,0
Colombia,COL,2005,0
Colombia,COL,2006,0
Colombia,COL,2007,0
Colombia,COL,2008,0
Colombia,COL,2009,0
Colombia,COL,2010,0
Colombia,COL,2011,0
Colombia,COL,2012,0
Colombia,COL,2013,0
Colombia,COL,2014,0
Colombia,COL,2015,0
Colombia,COL,2016,0
Colombia,COL,2017,0
Colombia,COL,2018,0
Colombia,COL,2019,0
Colombia,COL,2020,0
Colombia,COL,2021,0
Colombia,COL,2022,0
Colombia,COL,2023,0
Colombia,COL,2024,0
Congo,COG,1965,0
Congo,COG,1966,0
Congo,COG,1967,0
Congo,COG,1968,0
Congo,COG,1969,0
Congo,COG,1970,0
Congo,COG,1971,0
Congo,COG,1972,0
Congo,COG,1973,0
Congo,COG,1974,0
Congo,COG,1975,0
Congo,COG,1976,0
Congo,COG,1977,0
Congo,COG,1978,0
Congo,COG,1979,0
Congo,COG,1980,0
Congo,COG,1981,0
Congo,COG,1982,0
Congo,COG,1983,0
Congo,COG,1984,0
Congo,COG,1985,0
Congo,COG,1986,0
Congo,COG,1987,0
Congo,COG,1988,0
Congo,COG,1989,0
Congo,COG,1990,0
Congo,COG,1991,0
Congo,COG,1992,0
Congo,COG,1993,0
Congo,COG,1994,0
Congo,COG,1995,0
Congo,COG,1996,0
Congo,COG,1997,0
Congo,COG,1998,0
Congo,COG,1999,0
Congo,COG,2000,0
Congo,COG,2001,0
Congo,COG,2002,0
Congo,COG,2003,0
Congo,COG,2004,0
Congo,COG,2005,0
Congo,COG,2006,0
Congo,COG,2007,0
Congo,COG,2008,0
Congo,COG,2009,0
Congo,COG,2010,0
Congo,COG,2011,0
Congo,COG,2012,0
Congo,COG,2013,0
Congo,COG,2014,0
Congo,COG,2015,0
Congo,COG,2016,0
Congo,COG,2017,0
Congo,COG,2018,0
Congo,COG,2019,0
Congo,COG,2020,0
Congo,COG,2021,0
Congo,COG,2022,0
Congo,COG,2023,0
Congo,COG,2024,0
Croatia,HRV,1990,0
Croatia,HRV,1991,0
Croatia,HRV,1992,0
Croatia,HRV,1993,0
Croatia,HRV,1994,0
Croatia,HRV,1995,0
Croatia,HRV,1996,0
Croatia,HRV,1997,0
Croatia,HRV,1998,0
Croatia,HRV,1999,0
Croatia,HRV,2000,0
Croatia,HRV,2001,0
Croatia,HRV,2002,0
Croatia,HRV,2003,0
Croatia,HRV,2004,0
Croatia,HRV,2005,0
Croatia,HRV,2006,0
Croatia,HRV,2007,0
Croatia,HRV,2008,0
Croatia,HRV,2009,0
Croatia,HRV,2010,0
Croatia,HRV,2011,0
Croatia,HRV,2012,0
Croatia,HRV,2013,0
Croatia,HRV,2014,0
Croatia,HRV,2015,0
Croatia,HRV,2016,0
Croatia,HRV,2017,0
Croatia,HRV,2018,0
Croatia,HRV,2019,0
Croatia,HRV,2020,0
Croatia,HRV,2021,0
Croatia,HRV,2022,0
Croatia,HRV,2023,0
Croatia,HRV,2024,0
Cuba,CUB,1995,0
Cuba,CUB,1996,0
Cuba,CUB,1997,0
Cuba,CUB,1998,0
Cuba,CUB,1999,0
Cuba,CUB,2000,0
Cuba,CUB,2001,0
Cuba,CUB,2002,0
Cuba,CUB,2003,0
Cuba,CUB,2004,0
Cuba,CUB,2005,0
Cuba,CUB,2006,0
Cuba,CUB,2007,0
Cuba,CUB,2008,0
Cuba,CUB,2009,0
Cuba,CUB,2010,0
Cuba,CUB,2011,0
Cuba,CUB,2012,0
Cuba,CUB,2013,0
Cuba,CUB,2014,0
Cuba,CUB,2015,0
Cuba,CUB,2016,0
Cuba,CUB,2017,0
Cuba,CUB,2018,0
Cuba,CUB,2019,0
Cuba,CUB,2020,0
Cuba,CUB,2021,0
Cuba,CUB,2022,0
Cuba,CUB,2023,0
Cuba,CUB,2024,0
Curacao,CUW,1965,0
Curacao,CUW,1966,0
Curacao,CUW,1967,0
Curacao,CUW,1968,0
Curacao,CUW,1969,0
Curacao,CUW,1970,0
Curacao,CUW,1971,0
Curacao,CUW,1972,0
Curacao,CUW,1973,0
Curacao,CUW,1974,0
Curacao,CUW,1975,0
Curacao,CUW,1976,0
Curacao,CUW,1977,0
Curacao,CUW,1978,0
Curacao,CUW,1979,0
Curacao,CUW,1980,0
Curacao,CUW,1981,0
Curacao,CUW,1982,0
Curacao,CUW,1983,0
Curacao,CUW,1984,0
Curacao,CUW,1985,0
Curacao,CUW,1986,0
Curacao,CUW,1987,0
Curacao,CUW,1988,0
Curacao,CUW,1989,0
Curacao,CUW,1990,0
Curacao,CUW,1991,0
Curacao,CUW,1992,0
Curacao,CUW,1993,0
Curacao,CUW,1994,0
Curacao,CUW,1995,0
Curacao,CUW,1996,0
Curacao,CUW,1997,0
Curacao,CUW,1998,0
Curacao,CUW,1999,0
Curacao,CUW,2000,0
Curacao,CUW,2001,0
Curacao,CUW,2002,0
Curacao,CUW,2003,0
Curacao,CUW,2004,0
Curacao,CUW,2005,0
Curacao,CUW,2006,0
Curacao,CUW,2007,0
Curacao,CUW,2008,0
Curacao,CUW,2009,0
Curacao,CUW,2010,0
Curacao,CUW,2011,0
Curacao,CUW,2012,0
Curacao,CUW,2013,0
Curacao,CUW,2014,0
Curacao,CUW,2015,0
Curacao,CUW,2016,0
Curacao,CUW,2017,0
Curacao,CUW,2018,0
Curacao,CUW,2019,0
Curacao,CUW,2020,0
Curacao,CUW,2021,0
Curacao,CUW,2022,0
Curacao,CUW,2023,0
Curacao,CUW,2024,0
Cyprus,CYP,1965,0
Cyprus,CYP,1966,0
Cyprus,CYP,1967,0
Cyprus,CYP,1968,0
Cyprus,CYP,1969,0
Cyprus,CYP,1970,0
Cyprus,CYP,1971,0
Cyprus,CYP,1972,0
Cyprus,CYP,1973,0
Cyprus,CYP,1974,0
Cyprus,CYP,1975,0
Cyprus,CYP,1976,0
Cyprus,CYP,1977,0
Cyprus,CYP,1978,0
Cyprus,CYP,1979,0
Cyprus,CYP,1980,0
Cyprus,CYP,1981,0
Cyprus,CYP,1982,0
Cyprus,CYP,1983,0
Cyprus,CYP,1984,0
Cyprus,CYP,1985,0
Cyprus,CYP,1986,0
Cyprus,CYP,1987,0
Cyprus,CYP,1988,0
Cyprus,CYP,1989,0
Cyprus,CYP,1990,0
Cyprus,CYP,1991,0
Cyprus,CYP,1992,0
Cyprus,CYP,1993,0
Cyprus,CYP,1994,0
Cyprus,CYP,1995,0
Cyprus,CYP,1996,0
Cyprus,CYP,1997,0
Cyprus,CYP,1998,0
Cyprus,CYP,1999,0
Cyprus,CYP,2000,0
Cyprus,CYP,2001,0
Cyprus,CYP,2002,0
Cyprus,CYP,2003,0
Cyprus,CYP,2004,0
Cyprus,CYP,2005,0
Cyprus,CYP,2006,0
Cyprus,CYP,2007,0
Cyprus,CYP,2008,0
Cyprus,CYP,2009,0
Cyprus,CYP,2010,0
Cyprus,CYP,2011,0
Cyprus,CYP,2012,0
Cyprus,CYP,2013,0
Cyprus,CYP,2014,0
Cyprus,CYP,2015,0
Cyprus,CYP,2016,0
Cyprus,CYP,2017,0
Cyprus,CYP,2018,0
Cyprus,CYP,2019,0
Cyprus,CYP,2020,0
Cyprus,CYP,2021,0
Cyprus,CYP,2022,0
Cyprus,CYP,2023,0
Cyprus,CYP,2024,0
Czechia,CZE,1965,0
Czechia,CZE,1966,0
Czechia,CZE,1967,0
Czechia,CZE,1968,0
Czechia,CZE,1969,0
Czechia,CZE,1970,0
Czechia,CZE,1971,0
Czechia,CZE,1972,0
Czechia,CZE,1973,0
Czechia,CZE,1974,0
Czechia,CZE,1975,0
Czechia,CZE,1976,0
Czechia,CZE,1977,0
Czechia,CZE,1978,0
Czechia,CZE,1979,0
Czechia,CZE,1980,0
Czechia,CZE,1981,0
Czechia,CZE,1982,0
Czechia,CZE,1983,53.922
Czechia,CZE,1984,334.01862
Czechia,CZE,1985,646.1176
Czechia,CZE,1986,1657.6024
Czechia,CZE,1987,2884.9636
Czechia,CZE,1988,3184.9387
Czechia,CZE,1989,3347.152
Czechia,CZE,1990,3393.3574
Czechia,CZE,1991,3270.441
Czechia,CZE,1992,3299.6794
Czechia,CZE,1993,3398.607
Czechia,CZE,1994,3492.1587
Czechia,CZE,1995,3294.4226
Czechia,CZE,1996,3466.779
Czechia,CZE,1997,3376.0107
Czechia,CZE,1998,3565.9058
Czechia,CZE,1999,3619.294
Czechia,CZE,2000,3687.6726
Czechia,CZE,2001,3982.0322
Czechia,CZE,2002,5013.6885
Czechia,CZE,2003,6878.3564
Czechia,CZE,2004,6952.2954
Czechia,CZE,2005,6466.054
Czechia,CZE,2006,6758.4473
Czechia,CZE,2007,6733.387
Czechia,CZE,2008,6750.183
Czechia,CZE,2009,6852.6675
Czechia,CZE,2010,6965.3755
Czechia,CZE,2011,6981.1753
Czechia,CZE,2012,7438.149
Czechia,CZE,2013,7480.854
Czechia,CZE,2014,7336.778
Czechia,CZE,2015,6456.557
Czechia,CZE,2016,5750.4443
Czechia,CZE,2017,6721.054
Czechia,CZE,2018,7055.7954
Czechia,CZE,2019,7093.1084
Czechia,CZE,2020,7031.2827
Czechia,CZE,2021,7187.8115
Czechia,CZE,2022,7141.3027
Czechia,CZE,2023,6861.588
Czechia,CZE,2024,6746.5723
Democratic Republic of Congo,COD,1995,0
Democratic Republic of Congo,COD,1996,0
Democratic Republic of Congo,COD,1997,0
Democratic Republic of Congo,COD,1998,0
Democratic Republic of Congo,COD,1999,0
Democratic Republic of Congo,COD,2000,0
Democratic Republic of Congo,COD,2001,0
Democratic Republic of Congo,COD,2002,0
Democratic Republic of Congo,COD,2003,0
Democratic Republic of Congo,COD,2004,0
Democratic Republic of Congo,COD,2005,0
Democratic Republic of Congo,COD,2006,0
Democratic Republic of Congo,COD,2007,0
Democratic Republic of Congo,COD,2008,0
Democratic Republic of Congo,COD,2009,0
Democratic Republic of Congo,COD,2010,0
Democratic Republic of Congo,COD,2011,0
Democratic Republic of Congo,COD,2012,0
Democratic Republic of Congo,COD,2013,0
Democratic Republic of Congo,COD,2014,0
Democratic Republic of Congo,COD,2015,0
Democratic Republic of Congo,COD,2016,0
Democratic Republic of Congo,COD,2017,0
Democratic Republic of Congo,COD,2018,0
Democratic Republic of Congo,COD,2019,0
Democratic Republic of Congo,COD,2020,0
Democratic Republic of Congo,COD,2021,0
Democratic Republic of Congo,COD,2022,0
Democratic Republic of Congo,COD,2023,0
Democratic Republic of Congo,COD,2024,0
Denmark,DNK,1965,0
Denmark,DNK,1966,0
Denmark,DNK,1967,0
Denmark,DNK,1968,0
Denmark,DNK,1969,0
Denmark,DNK,1970,0
Denmark,DNK,1971,0
Denmark,DNK,1972,0
Denmark,DNK,1973,0
Denmark,DNK,1974,0
Denmark,DNK,1975,0
Denmark,DNK,1976,0
Denmark,DNK,1977,0
Denmark,DNK,1978,0
Denmark,DNK,1979,0
Denmark,DNK,1980,0
Denmark,DNK,1981,0
Denmark,DNK,1982,0
Denmark,DNK,1983,0
Denmark,DNK,1984,0
Denmark,DNK,1985,0
Denmark,DNK,1986,0
Denmark,DNK,1987,0
Denmark,DNK,1988,0
Denmark,DNK,1989,0
Denmark,DNK,1990,0
Denmark,DNK,1991,0
Denmark,DNK,1992,0
Denmark,DNK,1993,0
Denmark,DNK,1994,0
Denmark,DNK,1995,0
Denmark,DNK,1996,0
Denmark,DNK,1997,0
Denmark,DNK,1998,0
Denmark,DNK,1999,0
Denmark,DNK,2000,0
Denmark,DNK,2001,0
Denmark,DNK,2002,0
Denmark,DNK,2003,0
Denmark,DNK,2004,0
Denmark,DNK,2005,0
Denmark,DNK,2006,0
Denmark,DNK,2007,0
Denmark,DNK,2008,0
Denmark,DNK,2009,0
Denmark,DNK,2010,0
Denmark,DNK,2011,0
Denmark,DNK,2012,0
Denmark,DNK,2013,0
Denmark,DNK,2014,0
Denmark,DNK,2015,0
Denmark,DNK,2016,0
Denmark,DNK,2017,0
Denmark,DNK,2018,0
Denmark,DNK,2019,0
Denmark,DNK,2020,0
Denmark,DNK,2021,0
Denmark,DNK,2022,0
Denmark,DNK,2023,0
Denmark,DNK,2024,0
Ecuador,ECU,1965,0
Ecuador,ECU,1966,0
Ecuador,ECU,1967,0
Ecuador,ECU,1968,0
Ecuador,ECU,1969,0
Ecuador,ECU,1970,0
Ecuador,ECU,1971,0
Ecuador,ECU,1972,0
Ecuador,ECU,1973,0
Ecuador,ECU,1974,0
Ecuador,ECU,1975,0
Ecuador,ECU,1976,0
Ecuador,ECU,1977,0
Ecuador,ECU,1978,0
Ecuador,ECU,1979,0
Ecuador,ECU,1980,0
Ecuador,ECU,1981,0
Ecuador,ECU,1982,0
Ecuador,ECU,1983,0
Ecuador,ECU,1984,0
Ecuador,ECU,1985,0
Ecuador,ECU,1986,0
Ecuador,ECU,1987,0
Ecuador,ECU,1988,0
Ecuador,ECU,1989,0
Ecuador,ECU,1990,0
Ecuador,ECU,1991,0
Ecuador,ECU,1992,0
Ecuador,ECU,1993,0
Ecuador,ECU,1994,0
Ecuador,ECU,1995,0
Ecuador,ECU,1996,0
Ecuador,ECU,1997,0
Ecuador,ECU,1998,0
Ecuador,ECU,1999,0
Ecuador,ECU,2000,0
Ecuador,ECU,2001,0
Ecuador,ECU,2002,0
Ecuador,ECU,2003,0
Ecuador,ECU,2004,0
Ecuador,ECU,2005,0
Ecuador,ECU,2006,0
Ecuador,ECU,2007,0
Ecuador,ECU,2008,0
Ecuador,ECU,2009,0
Ecuador,ECU,2010,0
Ecuador,ECU,2011,0
Ecuador,ECU,2012,0
Ecuador,ECU,2013,0
Ecuador,ECU,2014,0
Ecuador,ECU,2015,0
Ecuador,ECU,2016,0
Ecuador,ECU,2017,0
Ecuador,ECU,2018,0
Ecuador,ECU,2019,0
Ecuador,ECU,2020,0
Ecuador,ECU,2021,0
Ecuador,ECU,2022,0
Ecuador,ECU,2023,0
Ecuador,ECU,2024,0
Egypt,EGY,1965,0
Egypt,EGY,1966,0
Egypt,EGY,1967,0
Egypt,EGY,1968,0
Egypt,EGY,1969,0
Egypt,EGY,1970,0
Egypt,EGY,1971,0
Egypt,EGY,1972,0
Egypt,EGY,1973,0
Egypt,EGY,1974,0
Egypt,EGY,1975,0
Egypt,EGY,1976,0
Egypt,EGY,1977,0
Egypt,EGY,1978,0
Egypt,EGY,1979,0
Egypt,EGY,1980,0
Egypt,EGY,1981,0
Egypt,EGY,1982,0
Egypt,EGY,1983,0
Egypt,EGY,1984,0
Egypt,EGY,1985,0
Egypt,EGY,1986,0
Egypt,EGY,1987,0
Egypt,EGY,1988,0
Egypt,EGY,1989,0
Egypt,EGY,1990,0
Egypt,EGY,1991,0
Egypt,EGY,1992,0
Egypt,EGY,1993,0
Egypt,EGY,1994,0
Egypt,EGY,1995,0
Egypt,EGY,1996,0
Egypt,EGY,1997,0
Egypt,EGY,1998,0
Egypt,EGY,1999,0
Egypt,EGY,2000,0
Egypt,EGY,2001,0
Egypt,EGY,2002,0
Egypt,EGY,2003,0
Egypt,EGY,2004,0
Egypt,EGY,2005,0
Egypt,EGY,2006,0
Egypt,EGY,2007,0
Egypt,EGY,2008,0
Egypt,EGY,2009,0
Egypt,EGY,2010,0
Egypt,EGY,2011,0
Egypt,EGY,2012,0
Egypt,EGY,2013,0
Egypt,EGY,2014,0
Egypt,EGY,2015,0
Egypt,EGY,2016,0
Egypt,EGY,2017,0
Egypt,EGY,2018,0
Egypt,EGY,2019,0
Egypt,EGY,2020,0
Egypt,EGY,2021,0
Egypt,EGY,2022,0
Egypt,EGY,2023,0
Egypt,EGY,2024,0
Equatorial Guinea,GNQ,1965,0
Equatorial Guinea,GNQ,1966,0
Equatorial Guinea,GNQ,1967,0
Equatorial Guinea,GNQ,1968,0
Equatorial Guinea,GNQ,1969,0
Equatorial Guinea,GNQ,1970,0
Equatorial Guinea,GNQ,1971,0
Equatorial Guinea,GNQ,1972,0
Equatorial Guinea,GNQ,1973,0
Equatorial Guinea,GNQ,1974,0
Equatorial Guinea,GNQ,1975,0
Equatorial Guinea,GNQ,1976,0
Equatorial Guinea,GNQ,1977,0
Equatorial Guinea,GNQ,1978,0
Equatorial Guinea,GNQ,1979,0
Equatorial Guinea,GNQ,1980,0
Equatorial Guinea,GNQ,1981,0
Equatorial Guinea,GNQ,1982,0
Equatorial Guinea,GNQ,1983,0
Equatorial Guinea,GNQ,1984,0
Equatorial Guinea,GNQ,1985,0
Equatorial Guinea,GNQ,1986,0
Equatorial Guinea,GNQ,1987,0
Equatorial Guinea,GNQ,1988,0
Equatorial Guinea,GNQ,1989,0
Equatorial Guinea,GNQ,1990,0
Equatorial Guinea,GNQ,1991,0
Equatorial Guinea,GNQ,1992,0
Equatorial Guinea,GNQ,1993,0
Equatorial Guinea,GNQ,1994,0
Equatorial Guinea,GNQ,1995,0
Equatorial Guinea,GNQ,1996,0
Equatorial Guinea,GNQ,1997,0
Equatorial Guinea,GNQ,1998,0
Equatorial Guinea,GNQ,1999,0
Equatorial Guinea,GNQ,2000,0
Equatorial Guinea,GNQ,2001,0
Equatorial Guinea,GNQ,2002,0
Equatorial Guinea,GNQ,2003,0
Equatorial Guinea,GNQ,2004,0
Equatorial Guinea,GNQ,2005,0
Equatorial Guinea,GNQ,2006,0
Equatorial Guinea,GNQ,2007,0
Equatorial Guinea,GNQ,2008,0
Equatorial Guinea,GNQ,2009,0
Equatorial Guinea,GNQ,2010,0
Equatorial Guinea,GNQ,2011,0
Equatorial Guinea,GNQ,2012,0
Equatorial Guinea,GNQ,2013,0
Equatorial Guinea,GNQ,2014,0
Equatorial Guinea,GNQ,2015,0
Equatorial Guinea,GNQ,2016,0
Equatorial Guinea,GNQ,2017,0
Equatorial Guinea,GNQ,2018,0
Equatorial Guinea,GNQ,2019,0
Equatorial Guinea,GNQ,2020,0
Equatorial Guinea,GNQ,2021,0
Equatorial Guinea,GNQ,2022,0
Equatorial Guinea,GNQ,2023,0
Equatorial Guinea,GNQ,2024,0
Estonia,EST,1985,0
Estonia,EST,1986,0
Estonia,EST,1987,0
Estonia,EST,1988,0
Estonia,EST,1989,0
Estonia,EST,1990,0
Estonia,EST,1991,0
Estonia,EST,1992,0
Estonia,EST,1993,0
Estonia,EST,1994,0
Estonia,EST,1995,0
Estonia,EST,1996,0
Estonia,EST,1997,0
Estonia,EST,1998,0
Estonia,EST,1999,0
Estonia,EST,2000,0
Estonia,EST,2001,0
Estonia,EST,2002,0
Estonia,EST,2003,0
Estonia,EST,2004,0
Estonia,EST,2005,0
Estonia,EST,2006,0
Estonia,EST,2007,0
Estonia,EST,2008,0
Estonia,EST,2009,0
Estonia,EST,2010,0
Estonia,EST,2011,0
Estonia,EST,2012,0
Estonia,EST,2013,0
Estonia,EST,2014,0
Estonia,EST,2015,0
Estonia,EST,2016,0
Estonia,EST,2017,0
Estonia,EST,2018,0
Estonia,EST,2019,0
Estonia,EST,2020,0
Estonia,EST,2021,0
Estonia,EST,2022,0
Estonia,EST,2023,0
Estonia,EST,2024,0
Europe,,1965,94.2085
Europe,,1966,120.88828
Europe,,1967,138.4175
Europe,,1968,158.06534
Europe,,1969,190.06897
Europe,,1970,206.7577
Europe,,1971,236.179
Europe,,1972,322.50302
Europe,,1973,367.4317
Europe,,1974,448.2854
Europe,,1975,595.2294
Europe,,1976,710.4193
Europe,,1977,861.8843
Europe,,1978,944.63306
Europe,,1979,1052.7148
Europe,,1980,1240.7491
Europe,,1981,1618.3163
Europe,,1982,1793.3022
Europe,,1983,2079.9937
Europe,,1984,2641.849
Europe,,1985,3111.07
Europe,,1986,3289.5217
Europe,,1987,3467.2065
Europe,,1988,3789.3198
Europe,,1989,3935.2668
Europe,,1990,3881.0312
Europe,,1991,3964.116
Europe,,1992,3981.0168
Europe,,1993,4116.1367
Europe,,1994,3997.1392
Europe,,1995,4095.2192
Europe,,1996,4340.1973
Europe,,1997,4376.9023
Europe,,1998,4329.167
Europe,,1999,4426.9717
Europe,,2000,4492.813
Europe,,2001,4616.716
Europe,,2002,4641.188
Europe,,2003,4675.121
Europe,,2004,4689.3555
Europe,,2005,4617.953
Europe,,2006,4606.9087
Europe,,2007,4398.7144
Europe,,2008,4362.307
Europe,,2009,4153.6333
Europe,,2010,4234.8457
Europe,,2011,4187.123
Europe,,2012,4085.6082
Europe,,2013,3990.327
Europe,,2014,4013.177
Europe,,2015,3951.2185
Europe,,2016,3828.1826
Europe,,2017,3803.3647
Europe,,2018,3783.156
Europe,,2019,3754.0962
Europe,,2020,3450.2598
Europe,,2021,3647.9094
Europe,,2022,3185.985
Europe,,2023,3150.1343
Europe,,2024,3259.3696
European Union (27),,1965,34.019356
European Union (27),,1966,41.422935
European Union (27),,1967,48.672752
European Union (27),,1968,55.839046
European Union (27),,1969,83.21104
European Union (27),,1970,121.297806
European Union (27),,1971,157.4634
European Union (27),,1972,244.44981
European Union (27),,1973,283.64902
European Union (27),,1974,328.49158
European Union (27),,1975,549.8192
European Union (27),,1976,640.86707
European Union (27),,1977,785.3474
European Union (27),,1978,937.7136
European Union (27),,1979,1045.7904
European Union (27),,1980,1264.5043
European Union (27),,1981,1809.3027
European Union (27),,1982,1969.8586
European Union (27),,1983,2338.7874
European Union (27),,1984,3043.2844
European Union (27),,1985,3728.1853
European Union (27),,1986,4092.746
European Union (27),,1987,4250.176
European Union (27),,1988,4556.8594
European Union (27),,1989,4787.201
European Union (27),,1990,4822.4224
European Union (27),,1991,4940.073
European Union (27),,1992,4930.0894
European Union (27),,1993,5063.2407
European Union (27),,1994,5036.577
European Union (27),,1995,5171.813
European Union (27),,1996,5427.9116
European Union (27),,1997,5465.5303
European Union (27),,1998,5425.2275
European Union (27),,1999,5520.321
European Union (27),,2000,5585.881
European Union (27),,2001,5729.394
European Union (27),,2002,5750.7266
European Union (27),,2003,5729.0425
European Union (27),,2004,5811.2036
European Union (27),,2005,5668.7266
European Union (27),,2006,5612.3936
European Union (27),,2007,5308.5625
European Union (27),,2008,5324.6597
European Union (27),,2009,4924.2007
European Union (27),,2010,5047.3687
European Union (27),,2011,4916.6743
European Union (27),,2012,4734.5854
European Union (27),,2013,4660.864
European Union (27),,2014,4667.537
European Union (27),,2015,4487.0767
European Union (27),,2016,4336.841
European Union (27),,2017,4259.9346
European Union (27),,2018,4244.9355
European Union (27),,2019,4234.137
European Union (27),,2020,3769.0264
European Union (27),,2021,4025.4531
European Union (27),,2022,3333.1106
European Union (27),,2023,3353.3706
European Union (27),,2024,3518.5144
Finland,FIN,1965,0
Finland,FIN,1966,0
Finland,FIN,1967,0
Finland,FIN,1968,0
Finland,FIN,1969,0
Finland,FIN,1970,0
Finland,FIN,1971,0
Finland,FIN,1972,0
Finland,FIN,1973,0
Finland,FIN,1974,0
Finland,FIN,1975,0
Finland,FIN,1976,0
Finland,FIN,1977,1548.8142
Finland,FIN,1978,1894.4579
Finland,FIN,1979,3903.1875
Finland,FIN,1980,4053.1267
Finland,FIN,1981,8428.019
Finland,FIN,1982,9586.899
Finland,FIN,1983,10066.3545
Finland,FIN,1984,10660.734
Finland,FIN,1985,10724.253
Finland,FIN,1986,10700.079
Finland,FIN,1987,10987.461
Finland,FIN,1988,10904.111
Finland,FIN,1989,10607.424
Finland,FIN,1990,10704.294
Finland,FIN,1991,10809.418
Finland,FIN,1992,10610.563
Finland,FIN,1993,10925.595
Finland,FIN,1994,10605.163
Finland,FIN,1995,10450.004
Finland,FIN,1996,10556.685
Finland,FIN,1997,11291.771
Finland,FIN,1998,11778.839
Finland,FIN,1999,12354.364
Finland,FIN,2000,12063.232
Finland,FIN,2001,12125.907
Finland,FIN,2002,11745.338
Finland,FIN,2003,11881.417
Finland,FIN,2004,11774.913
Finland,FIN,2005,11924.423
Finland,FIN,2006,11629.909
Finland,FIN,2007,11778.895
Finland,FIN,2008,11400.503
Finland,FIN,2009,11565.783
Finland,FIN,2010,11070.512
Finland,FIN,2011,11148.351
Finland,FIN,2012,10942.941
Finland,FIN,2013,11099.976
Finland,FIN,2014,10985.619
Finland,FIN,2015,10739.256
Finland,FIN,2016,10608.559
Finland,FIN,2017,10201.241
Finland,FIN,2018,10279.51
Finland,FIN,2019,10700.252
Finland,FIN,2020,10400.115
Finland,FIN,2021,10489.52
Finland,FIN,2022,11177.458
Finland,FIN,2023,14939.347
Finland,FIN,2024,14166.584
France,FRA,1965,51.08719
France,FRA,1966,78.78474
France,FRA,1967,116.32228
France,FRA,1968,171.56989
France,FRA,1969,198.5888
France,FRA,1970,312.20093
France,FRA,1971,505.21243
France,FRA,1972,783.29175
France,FRA,1973,785.53033
France,FRA,1974,778.2366
France,FRA,1975,960.9937
France,FRA,1976,827.57745
France,FRA,1977,936.81946
France,FRA,1978,1583.1819
France,FRA,1979,2068.5452
France,FRA,1980,3154.2144
France,FRA,1981,5392.5386
France,FRA,1982,5543.046
France,FRA,1983,7300.5884
France,FRA,1984,9627.365
France,FRA,1985,11222.858
France,FRA,1986,12662.784
France,FRA,1987,13159.269
France,FRA,1988,13578.975
France,FRA,1989,14893.738
France,FRA,1990,15308.712
France,FRA,1991,16070.608
France,FRA,1992,16334.413
France,FRA,1993,17694.154
France,FRA,1994,17240.508
France,FRA,1995,18006.943
France,FRA,1996,18905.621
France,FRA,1997,18756.854
France,FRA,1998,18335.686
France,FRA,1999,18534.94
France,FRA,2000,19387.283
France,FRA,2001,19417.258
France,FRA,2002,19835.195
France,FRA,2003,19786.03
France,FRA,2004,19856.81
France,FRA,2005,19696.34
France,FRA,2006,19399.234
France,FRA,2007,18732.166
France,FRA,2008,18469.055
France,FRA,2009,17041.4
France,FRA,2010,17596.758
France,FRA,2011,17982.338
France,FRA,2012,17115.727
France,FRA,2013,16829.176
France,FRA,2014,17167.889
France,FRA,2015,17059.066
France,FRA,2016,15564.648
France,FRA,2017,15254.672
France,FRA,2018,15678.047
France,FRA,2019,15026.023
France,FRA,2020,13256.319
France,FRA,2021,14139.487
France,FRA,2022,10926.119
France,FRA,2023,12415.686
France,FRA,2024,13943.65
Gabon,GAB,1965,0
Gabon,GAB,1966,0
Gabon,GAB,1967,0
Gabon,GAB,1968,0
Gabon,GAB,1969,0
Gabon,GAB,1970,0
Gabon,GAB,1971,0
Gabon,GAB,1972,0
Gabon,GAB,1973,0
Gabon,GAB,1974,0
Gabon,GAB,1975,0
Gabon,GAB,1976,0
Gabon,GAB,1977,0
Gabon,GAB,1978,0
Gabon,GAB,1979,0
Gabon,GAB,1980,0
Gabon,GAB,1981,0
Gabon,GAB,1982,0
Gabon,GAB,1983,0
Gabon,GAB,1984,0
Gabon,GAB,1985,0
Gabon,GAB,1986,0
Gabon,GAB,1987,0
Gabon,GAB,1988,0
Gabon,GAB,1989,0
Gabon,GAB,1990,0
Gabon,GAB,1991,0
Gabon,GAB,1992,0
Gabon,GAB,1993,0
Gabon,GAB,1994,0
Gabon,GAB,1995,0
Gabon,GAB,1996,0
Gabon,GAB,1997,0
Gabon,GAB,1998,0
Gabon,GAB,1999,0
Gabon,GAB,2000,0
Gabon,GAB,2001,0
Gabon,GAB,2002,0
Gabon,GAB,2003,0
Gabon,GAB,2004,0
Gabon,GAB,2005,0
Gabon,GAB,2006,0
Gabon,GAB,2007,0
Gabon,GAB,2008,0
Gabon,GAB,2009,0
Gabon,GAB,2010,0
Gabon,GAB,2011,0
Gabon,GAB,2012,0
Gabon,GAB,2013,0
Gabon,GAB,2014,0
Gabon,GAB,2015,0
Gabon,GAB,2016,0
Gabon,GAB,2017,0
Gabon,GAB,2018,0
Gabon,GAB,2019,0
Gabon,GAB,2020,0
Gabon,GAB,2021,0
Gabon,GAB,2022,0
Gabon,GAB,2023,0
Gabon,GAB,2024,0
Germany,DEU,1965,4.278175
Germany,DEU,1966,9.608422
Germany,DEU,1967,44.208687
Germany,DEU,1968,63.443794
Germany,DEU,1969,175.94534
Germany,DEU,1970,230.66127
Germany,DEU,1971,220.39024
Germany,DEU,1972,336.00134
Germany,DEU,1973,425.84607
Germany,DEU,1974,508.42493
Germany,DEU,1975,851.9493
Germany,DEU,1976,1046.8529
Germany,DEU,1977,1465.7083
Germany,DEU,1978,1560.1215
Germany,DEU,1979,1850.6218
Germany,DEU,1980,1971.6931
Germany,DEU,1981,2320.467
Germany,DEU,1982,2637.1885
Germany,DEU,1983,2772.056
Germany,DEU,1984,3715.0786
Germany,DEU,1985,4946.018
Germany,DEU,1986,4651.588
Germany,DEU,1987,5043.157
Germany,DEU,1988,5557.2573
Germany,DEU,1989,5684.1265
Germany,DEU,1990,5314.539
Germany,DEU,1991,5098.7314
Germany,DEU,1992,5450.1963
Germany,DEU,1993,5232.6147
Germany,DEU,1994,5136.131
Germany,DEU,1995,5218.924
Germany,DEU,1996,5457.179
Germany,DEU,1997,5742.632
Germany,DEU,1998,5473.458
Germany,DEU,1999,5781.6265
Germany,DEU,2000,5759.7017
Germany,DEU,2001,5775.611
Germany,DEU,2002,5502.9985
Germany,DEU,2003,5477.358
Germany,DEU,2004,5515.1147
Germany,DEU,2005,5341.796
Germany,DEU,2006,5476.929
Germany,DEU,2007,4597.3843
Germany,DEU,2008,4839.695
Germany,DEU,2009,4375.7466
Germany,DEU,2010,4528.357
Germany,DEU,2011,3459.3809
Germany,DEU,2012,3167.9639
Germany,DEU,2013,3070.3193
Germany,DEU,2014,3037.1035
Germany,DEU,2015,2831.108
Germany,DEU,2016,2569.4648
Germany,DEU,2017,2296.0505
Germany,DEU,2018,2267.8428
Germany,DEU,2019,2223.8115
Germany,DEU,2020,1900.8889
Germany,DEU,2021,2034.3845
Germany,DEU,2022,1014.2059
Germany,DEU,2023,208.1547
Germany,DEU,2024,0
Greece,GRC,1965,0
Greece,GRC,1966,0
Greece,GRC,1967,0
Greece,GRC,1968,0
Greece,GRC,1969,0
Greece,GRC,1970,0
Greece,GRC,1971,0
Greece,GRC,1972,0
Greece,GRC,1973,0
Greece,GRC,1974,0
Greece,GRC,1975,0
Greece,GRC,1976,0
Greece,GRC,1977,0
Greece,GRC,1978,0
Greece,GRC,1979,0
Greece,GRC,1980,0
Greece,GRC,1981,0
Greece,GRC,1982,0
Greece,GRC,1983,0
Greece,GRC,1984,0
Greece,GRC,1985,0
Greece,GRC,1986,0
Greece,GRC,1987,0
Greece,GRC,1988,0
Greece,GRC,1989,0
Greece,GRC,1990,0
Greece,GRC,1991,0
Greece,GRC,1992,0
Greece,GRC,1993,0
Greece,GRC,1994,0
Greece,GRC,1995,0
Greece,GRC,1996,0
Greece,GRC,1997,0
Greece,GRC,1998,0
Greece,GRC,1999,0
Greece,GRC,2000,0
Greece,GRC,2001,0
Greece,GRC,2002,0
Greece,GRC,2003,0
Greece,GRC,2004,0
Greece,GRC,2005,0
Greece,GRC,2006,0
Greece,GRC,2007,0
Greece,GRC,2008,0
Greece,GRC,2009,0
Greece,GRC,2010,0
Greece,GRC,2011,0
Greece,GRC,2012,0
Greece,GRC,2013,0
Greece,GRC,2014,0
Greece,GRC,2015,0
Greece,GRC,2016,0
Greece,GRC,2017,0
Greece,GRC,2018,0
Greece,GRC,2019,0
Greece,GRC,2020,0
Greece,GRC,2021,0
Greece,GRC,2022,0
Greece,GRC,2023,0
Greece,GRC,2024,0
Guyana,GUY,1965,0
Guyana,GUY,1966,0
Guyana,GUY,1967,0
Guyana,GUY,1968,0
Guyana,GUY,1969,0
Guyana,GUY,1970,0
Guyana,GUY,1971,0
Guyana,GUY,1972,0
Guyana,GUY,1973,0
Guyana,GUY,1974,0
Guyana,GUY,1975,0
Guyana,GUY,1976,0
Guyana,GUY,1977,0
Guyana,GUY,1978,0
Guyana,GUY,1979,0
Guyana,GUY,1980,0
Guyana,GUY,1981,0
Guyana,GUY,1982,0
Guyana,GUY,1983,0
Guyana,GUY,1984,0
Guyana,GUY,1985,0
Guyana,GUY,1986,0
Guyana,GUY,1987,0
Guyana,GUY,1988,0
Guyana,GUY,1989,0
Guyana,GUY,1990,0
Guyana,GUY,1991,0
Guyana,GUY,1992,0
Guyana,GUY,1993,0
Guyana,GUY,1994,0
Guyana,GUY,1995,0
Guyana,GUY,1996,0
Guyana,GUY,1997,0
Guyana,GUY,1998,0
Guyana,GUY,1999,0
Guyana,GUY,2000,0
Guyana,GUY,2001,0
Guyana,GUY,2002,0
Guyana,GUY,2003,0
Guyana,GUY,2004,0
Guyana,GUY,2005,0
Guyana,GUY,2006,0
Guyana,GUY,2007,0
Guyana,GUY,2008,0
Guyana,GUY,2009,0
Guyana,GUY,2010,0
Guyana,GUY,2011,0
Guyana,GUY,2012,0
Guyana,GUY,2013,0
Guyana,GUY,2014,0
Guyana,GUY,2015,0
Guyana,GUY,2016,0
Guyana,GUY,2017,0
Guyana,GUY,2018,0
Guyana,GUY,2019,0
Guyana,GUY,2020,0
Guyana,GUY,2021,0
Guyana,GUY,2022,0
Guyana,GUY,2023,0
Guyana,GUY,2024,0
High-income countries,,1965,67.994835
High-income countries,,1966,91.93241
High-income countries,,1967,108.96018
High-income countries,,1968,136.51866
High-income countries,,1969,158.379
High-income countries,,1970,199.90935
High-income countries,,1971,279.43842
High-income countries,,1972,378.18005
High-income countries,,1973,496.97482
High-income countries,,1974,636.096
High-income countries,,1975,876.6721
High-income countries,,1976,1006.55975
High-income countries,,1977,1242.5867
High-income countries,,1978,1447.9735
High-income countries,,1979,1482.8713
High-income countries,,1980,1589.2408
High-income countries,,1981,1863.1151
High-income countries,,1982,1991.2673
High-income countries,,1983,2238.985
High-income countries,,1984,2662.7246
High-income countries,,1985,3408.2205
High-income countries,,1986,3668.5886
High-income countries,,1987,3955.701
High-income countries,,1988,4237.5513
High-income countries,,1989,4355.2505
High-income countries,,1990,4435.017
High-income countries,,1991,4626.1226
High-income countries,,1992,4635.1675
High-income countries,,1993,4773.661
High-income countries,,1994,4822.11
High-income countries,,1995,4993.527
High-income countries,,1996,5128.888
High-income countries,,1997,5053.237
High-income countries,,1998,5131.7373
High-income countries,,1999,5316.059
High-income countries,,2000,5392.8257
High-income countries,,2001,5470.377
High-income countries,,2002,5462.722
High-income countries,,2003,5235.5664
High-income countries,,2004,5401.3433
High-income countries,,2005,5346.488
High-income countries,,2006,5345.001
High-income countries,,2007,5147.9473
High-income countries,,2008,5048.0312
High-income countries,,2009,4917.7275
High-income countries,,2010,4959.3867
High-income countries,,2011,4625.2837
High-income countries,,2012,4204.5815
High-income countries,,2013,4158.2285
High-income countries,,2014,4159.9146
High-income countries,,2015,4098.9697
High-income countries,,2016,4035.2231
High-income countries,,2017,3964.6338
High-income countries,,2018,3953.7446
High-income countries,,2019,3981.352
High-income countries,,2020,3760.6875
High-income countries,,2021,3837.739
High-income countries,,2022,3613.6558
High-income countries,,2023,3641.326
High-income countries,,2024,3716.2942
Hong Kong,HKG,1965,0
Hong Kong,HKG,1966,0
Hong Kong,HKG,1967,0
Hong Kong,HKG,1968,0
Hong Kong,HKG,1969,0
Hong Kong,HKG,1970,0
Hong Kong,HKG,1971,0
Hong Kong,HKG,1972,0
Hong Kong,HKG,1973,0
Hong Kong,HKG,1974,0
Hong Kong,HKG,1975,0
Hong Kong,HKG,1976,0
Hong Kong,HKG,1977,0
Hong Kong,HKG,1978,0
Hong Kong,HKG,1979,0
Hong Kong,HKG,1980,0
Hong Kong,HKG,1981,0
Hong Kong,HKG,1982,0
Hong Kong,HKG,1983,0
Hong Kong,HKG,1984,0
Hong Kong,HKG,1985,0
Hong Kong,HKG,1986,0
Hong Kong,HKG,1987,0
Hong Kong,HKG,1988,0
Hong Kong,HKG,1989,0
Hong Kong,HKG,1990,0
Hong Kong,HKG,1991,0
Hong Kong,HKG,1992,0
Hong Kong,HKG,1993,0
Hong Kong,HKG,1994,0
Hong Kong,HKG,1995,0
Hong Kong,HKG,1996,0
Hong Kong,HKG,1997,0
Hong Kong,HKG,1998,0
Hong Kong,HKG,1999,0
Hong Kong,HKG,2000,0
Hong Kong,HKG,2001,0
Hong Kong,HKG,2002,0
Hong Kong,HKG,2003,0
Hong Kong,HKG,2004,0
Hong Kong,HKG,2005,0
Hong Kong,HKG,2006,0
Hong Kong,HKG,2007,0
Hong Kong,HKG,2008,0
Hong Kong,HKG,2009,0
Hong Kong,HKG,2010,0
Hong Kong,HKG,2011,0
Hong Kong,HKG,2012,0
Hong Kong,HKG,2013,0
Hong Kong,HKG,2014,0
Hong Kong,HKG,2015,0
Hong Kong,HKG,2016,0
Hong Kong,HKG,2017,0
Hong Kong,HKG,2018,0
Hong Kong,HKG,2019,0
Hong Kong,HKG,2020,0
Hong Kong,HKG,2021,0
Hong Kong,HKG,2022,0
Hong Kong,HKG,2023,0
Hong Kong,HKG,2024,0
Hungary,HUN,1965,0
Hungary,HUN,1966,0
Hungary,HUN,1967,0
Hungary,HUN,1968,0
Hungary,HUN,1969,0
Hungary,HUN,1970,0
Hungary,HUN,1971,0
Hungary,HUN,1972,0
Hungary,HUN,1973,0
Hungary,HUN,1974,0
Hungary,HUN,1975,0
Hungary,HUN,1976,0
Hungary,HUN,1977,0
Hungary,HUN,1978,0
Hungary,HUN,1979,0
Hungary,HUN,1980,0
Hungary,HUN,1981,0
Hungary,HUN,1982,0
Hungary,HUN,1983,646.6583
Hungary,HUN,1984,988.35846
Hungary,HUN,1985,1706.6047
Hungary,HUN,1986,1961.9471
Hungary,HUN,1987,2913.2568
Hungary,HUN,1988,3577.1372
Hungary,HUN,1989,3708.9827
Hungary,HUN,1990,3674.0813
Hungary,HUN,1991,3673.8425
Hungary,HUN,1992,3739.9578
Hungary,HUN,1993,3700.1743
Hungary,HUN,1994,3774.2012
Hungary,HUN,1995,3774.2803
Hungary,HUN,1996,3823.3333
Hungary,HUN,1997,3774.833
Hungary,HUN,1998,3779.5837
Hungary,HUN,1999,3831.3435
Hungary,HUN,2000,3865.2188
Hungary,HUN,2001,3838.2297
Hungary,HUN,2002,3770.5327
Hungary,HUN,2003,2968.4697
Hungary,HUN,2004,3201.5322
Hungary,HUN,2005,3694.543
Hungary,HUN,2006,3581.3105
Hungary,HUN,2007,3890.1982
Hungary,HUN,2008,3903.2625
Hungary,HUN,2009,4048.2595
Hungary,HUN,2010,4113.0117
Hungary,HUN,2011,4085.2627
Hungary,HUN,2012,4104.588
Hungary,HUN,2013,3974.8289
Hungary,HUN,2014,4037.2114
Hungary,HUN,2015,4074.2168
Hungary,HUN,2016,4111.5493
Hungary,HUN,2017,4112.569
Hungary,HUN,2018,4004.014
Hungary,HUN,2019,4126.4487
Hungary,HUN,2020,4066.0693
Hungary,HUN,2021,4056.948
Hungary,HUN,2022,4011.6572
Hungary,HUN,2023,4008.1072
Hungary,HUN,2024,4037.2964
Iceland,ISL,1965,0
Iceland,ISL,1966,0
Iceland,ISL,1967,0
Iceland,ISL,1968,0
Iceland,ISL,1969,0
Iceland,ISL,1970,0
Iceland,ISL,1971,0
Iceland,ISL,1972,0
Iceland,ISL,1973,0
Iceland,ISL,1974,0
Iceland,ISL,1975,0
Iceland,ISL,1976,0
Iceland,ISL,1977,0
Iceland,ISL,1978,0
Iceland,ISL,1979,0
Iceland,ISL,1980,0
Iceland,ISL,1981,0
Iceland,ISL,1982,0
Iceland,ISL,1983,0
Iceland,ISL,1984,0
Iceland,ISL,1985,0
Iceland,ISL,1986,0
Iceland,ISL,1987,0
Iceland,ISL,1988,0
Iceland,ISL,1989,0
Iceland,ISL,1990,0
Iceland,ISL,1991,0
Iceland,ISL,1992,0
Iceland,ISL,1993,0
Iceland,ISL,1994,0
Iceland,ISL,1995,0
Iceland,ISL,1996,0
Iceland,ISL,1997,0
Iceland,ISL,1998,0
Iceland,ISL,1999,0
Iceland,ISL,2000,0
Iceland,ISL,2001,0
Iceland,ISL,2002,0
Iceland,ISL,2003,0
Iceland,ISL,2004,0
Iceland,ISL,2005,0
Iceland,ISL,2006,0
Iceland,ISL,2007,0
Iceland,ISL,2008,0
Iceland,ISL,2009,0
Iceland,ISL,2010,0
Iceland,ISL,2011,0
Iceland,ISL,2012,0
Iceland,ISL,2013,0
Iceland,ISL,2014,0
Iceland,ISL,2015,0
Iceland,ISL,2016,0
Iceland,ISL,2017,0
Iceland,ISL,2018,0
Iceland,ISL,2019,0
Iceland,ISL,2020,0
Iceland,ISL,2021,0
Iceland,ISL,2022,0
Iceland,ISL,2023,0
Iceland,ISL,2024,0
India,IND,1965,0
India,IND,1966,0
India,IND,1967,0
India,IND,1968,0
India,IND,1969,3.7710347
India,IND,1970,6.6568356
India,IND,1971,4.8392076
India,IND,1972,4.4974365
India,IND,1973,9.299675
India,IND,1974,8.368561
India,IND,1975,9.739606
India,IND,1976,11.788451
India,IND,1977,8.026968
India,IND,1978,9.585325
India,IND,1979,9.712522
India,IND,1980,9.894414
India,IND,1981,9.734412
India,IND,1982,8.3168545
India,IND,1983,11.58732
India,IND,1984,14.863862
India,IND,1985,16.206133
India,IND,1986,17.637331
India,IND,1987,18.27156
India,IND,1988,20.402243
India,IND,1989,13.204183
India,IND,1990,20.536535
India,IND,1991,17.012972
India,IND,1992,19.699812
India,IND,1993,18.757938
India,IND,1994,14.595725
India,IND,1995,22.026154
India,IND,1996,23.820967
India,IND,1997,28.001513
India,IND,1998,31.007673
India,IND,1999,34.053474
India,IND,2000,41.40299
India,IND,2001,48.40736
India,IND,2002,48.306007
India,IND,2003,44.262287
India,IND,2004,50.708424
India,IND,2005,41.269764
India,IND,2006,40.194893
India,IND,2007,39.83027
India,IND,2008,33.268974
India,IND,2009,36.014736
India,IND,2010,48.33981
India,IND,2011,66.190384
India,IND,2012,66.797
India,IND,2013,65.73959
India,IND,2014,67.25628
India,IND,2015,73.026566
India,IND,2016,70.85115
India,IND,2017,68.79389
India,IND,2018,70.66556
India,IND,2019,80.480125
India,IND,2020,78.53594
India,IND,2021,76.48988
India,IND,2022,79.625786
India,IND,2023,81.75667
India,IND,2024,91.95757
Indonesia,IDN,1965,0
Indonesia,IDN,1966,0
Indonesia,IDN,1967,0
Indonesia,IDN,1968,0
Indonesia,IDN,1969,0
Indonesia,IDN,1970,0
Indonesia,IDN,1971,0
Indonesia,IDN,1972,0
Indonesia,IDN,1973,0
Indonesia,IDN,1974,0
Indonesia,IDN,1975,0
Indonesia,IDN,1976,0
Indonesia,IDN,1977,0
Indonesia,IDN,1978,0
Indonesia,IDN,1979,0
Indonesia,IDN,1980,0
Indonesia,IDN,1981,0
Indonesia,IDN,1982,0
Indonesia,IDN,1983,0
Indonesia,IDN,1984,0
Indonesia,IDN,1985,0
Indonesia,IDN,1986,0
Indonesia,IDN,1987,0
Indonesia,IDN,1988,0
Indonesia,IDN,1989,0
Indonesia,IDN,1990,0
Indonesia,IDN,1991,0
Indonesia,IDN,1992,0
Indonesia,IDN,1993,0
Indonesia,IDN,1994,0
Indonesia,IDN,1995,0
Indonesia,IDN,1996,0
Indonesia,IDN,1997,0
Indonesia,IDN,1998,0
Indonesia,IDN,1999,0
Indonesia,IDN,2000,0
Indonesia,IDN,2001,0
Indonesia,IDN,2002,0
Indonesia,IDN,2003,0
Indonesia,IDN,2004,0
Indonesia,IDN,2005,0
Indonesia,IDN,2006,0
Indonesia,IDN,2007,0
Indonesia,IDN,2008,0
Indonesia,IDN,2009,0
Indonesia,IDN,2010,0
Indonesia,IDN,2011,0
Indonesia,IDN,2012,0
Indonesia,IDN,2013,0
Indonesia,IDN,2014,0
Indonesia,IDN,2015,0
Indonesia,IDN,2016,0
Indonesia,IDN,2017,0
Indonesia,IDN,2018,0
Indonesia,IDN,2019,0
Indonesia,IDN,2020,0
Indonesia,IDN,2021,0
Indonesia,IDN,2022,0
Indonesia,IDN,2023,0
Indonesia,IDN,2024,0
Iran,IRN,1965,0
Iran,IRN,1966,0
Iran,IRN,1967,0
Iran,IRN,1968,0
Iran,IRN,1969,0
Iran,IRN,1970,0
Iran,IRN,1971,0
Iran,IRN,1972,0
Iran,IRN,1973,0
Iran,IRN,1974,0
Iran,IRN,1975,0
Iran,IRN,1976,0
Iran,IRN,1977,0
Iran,IRN,1978,0
Iran,IRN,1979,0
Iran,IRN,1980,0
Iran,IRN,1981,0
Iran,IRN,1982,0
Iran,IRN,1983,0
Iran,IRN,1984,0
Iran,IRN,1985,0
Iran,IRN,1986,0
Iran,IRN,1987,0
Iran,IRN,1988,0
Iran,IRN,1989,0
Iran,IRN,1990,0
Iran,IRN,1991,0
Iran,IRN,1992,0
Iran,IRN,1993,0
Iran,IRN,1994,0
Iran,IRN,1995,0
Iran,IRN,1996,0
Iran,IRN,1997,0
Iran,IRN,1998,0
Iran,IRN,1999,0
Iran,IRN,2000,0
Iran,IRN,2001,0
Iran,IRN,2002,0
Iran,IRN,2003,0
Iran,IRN,2004,0
Iran,IRN,2005,0
Iran,IRN,2006,0
Iran,IRN,2007,0
Iran,IRN,2008,0
Iran,IRN,2009,0
Iran,IRN,2010,0
Iran,IRN,2011,3.5391893
Iran,IRN,2012,47.139725
Iran,IRN,2013,135.33992
Iran,IRN,2014,127.05181
Iran,IRN,2015,107.10531
Iran,IRN,2016,194.08917
Iran,IRN,2017,204.57108
Iran,IRN,2018,198.88762
Iran,IRN,2019,182.28151
Iran,IRN,2020,178.17764
Iran,IRN,2021,98.47649
Iran,IRN,2022,180.20845
Iran,IRN,2023,178.60631
Iran,IRN,2024,195.65446
Iraq,IRQ,1965,0
Iraq,IRQ,1966,0
Iraq,IRQ,1967,0
Iraq,IRQ,1968,0
Iraq,IRQ,1969,0
Iraq,IRQ,1970,0
Iraq,IRQ,1971,0
Iraq,IRQ,1972,0
Iraq,IRQ,1973,0
Iraq,IRQ,1974,0
Iraq,IRQ,1975,0
Iraq,IRQ,1976,0
Iraq,IRQ,1977,0
Iraq,IRQ,1978,0
Iraq,IRQ,1979,0
Iraq,IRQ,1980,0
Iraq,IRQ,1981,0
Iraq,IRQ,1982,0
Iraq,IRQ,1983,0
Iraq,IRQ,1984,0
Iraq,IRQ,1985,0
Iraq,IRQ,1986,0
Iraq,IRQ,1987,0
Iraq,IRQ,1988,0
Iraq,IRQ,1989,0
Iraq,IRQ,1990,0
Iraq,IRQ,1991,0
Iraq,IRQ,1992,0
Iraq,IRQ,1993,0
Iraq,IRQ,1994,0
Iraq,IRQ,1995,0
Iraq,IRQ,1996,0
Iraq,IRQ,1997,0
Iraq,IRQ,1998,0
Iraq,IRQ,1999,0
Iraq,IRQ,2000,0
Iraq,IRQ,2001,0
Iraq,IRQ,2002,0
Iraq,IRQ,2003,0
Iraq,IRQ,2004,0
Iraq,IRQ,2005,0
Iraq,IRQ,2006,0
Iraq,IRQ,2007,0
Iraq,IRQ,2008,0
Iraq,IRQ,2009,0
Iraq,IRQ,2010,0
Iraq,IRQ,2011,0
Iraq,IRQ,2012,0
Iraq,IRQ,2013,0
Iraq,IRQ,2014,0
Iraq,IRQ,2015,0
Iraq,IRQ,2016,0
Iraq,IRQ,2017,0
Iraq,IRQ,2018,0
Iraq,IRQ,2019,0
Iraq,IRQ,2020,0
Iraq,IRQ,2021,0
Iraq,IRQ,2022,0
Iraq,IRQ,2023,0
Iraq,IRQ,2024,0
Ireland,IRL,1965,0
Ireland,IRL,1966,0
Ireland,IRL,1967,0
Ireland,IRL,1968,0
Ireland,IRL,1969,0
Ireland,IRL,1970,0
Ireland,IRL,1971,0
Ireland,IRL,1972,0
Ireland,IRL,1973,0
Ireland,IRL,1974,0
Ireland,IRL,1975,0
Ireland,IRL,1976,0
Ireland,IRL,1977,0
Ireland,IRL,1978,0
Ireland,IRL,1979,0
Ireland,IRL,1980,0
Ireland,IRL,1981,0
Ireland,IRL,1982,0
Ireland,IRL,1983,0
Ireland,IRL,1984,0
Ireland,IRL,1985,0
Ireland,IRL,1986,0
Ireland,IRL,1987,0
Ireland,IRL,1988,0
Ireland,IRL,1989,0
Ireland,IRL,1990,0
Ireland,IRL,1991,0
Ireland,IRL,1992,0
Ireland,IRL,1993,0
Ireland,IRL,1994,0
Ireland,IRL,1995,0
Ireland,IRL,1996,0
Ireland,IRL,1997,0
Ireland,IRL,1998,0
Ireland,IRL,1999,0
Ireland,IRL,2000,0
Ireland,IRL,2001,0
Ireland,IRL,2002,0
Ireland,IRL,2003,0
Ireland,IRL,2004,0
Ireland,IRL,2005,0
Ireland,IRL,2006,0
Ireland,IRL,2007,0
Ireland,IRL,2008,0
Ireland,IRL,2009,0
Ireland,IRL,2010,0
Ireland,IRL,2011,0
Ireland,IRL,2012,0
Ireland,IRL,2013,0
Ireland,IRL,2014,0
Ireland,IRL,2015,0
Ireland,IRL,2016,0
Ireland,IRL,2017,0
Ireland,IRL,2018,0
Ireland,IRL,2019,0
Ireland,IRL,2020,0
Ireland,IRL,2021,0
Ireland,IRL,2022,0
Ireland,IRL,2023,0
Ireland,IRL,2024,0
Israel,ISR,1965,0
Israel,ISR,1966,0
Israel,ISR,1967,0
Israel,ISR,1968,0
Israel,ISR,1969,0
Israel,ISR,1970,0
Israel,ISR,1971,0
Israel,ISR,1972,0
Israel,ISR,1973,0
Israel,ISR,1974,0
Israel,ISR,1975,0
Israel,ISR,1976,0
Israel,ISR,1977,0
Israel,ISR,1978,0
Israel,ISR,1979,0
Israel,ISR,1980,0
Israel,ISR,1981,0
Israel,ISR,1982,0
Israel,ISR,1983,0
Israel,ISR,1984,0
Israel,ISR,1985,0
Israel,ISR,1986,0
Israel,ISR,1987,0
Israel,ISR,1988,0
Israel,ISR,1989,0
Israel,ISR,1990,0
Israel,ISR,1991,0
Israel,ISR,1992,0
Israel,ISR,1993,0
Israel,ISR,1994,0
Israel,ISR,1995,0
Israel,ISR,1996,0
Israel,ISR,1997,0
Israel,ISR,1998,0
Israel,ISR,1999,0
Israel,ISR,2000,0
Israel,ISR,2001,0
Israel,ISR,2002,0
Israel,ISR,2003,0
Israel,ISR,2004,0
Israel,ISR,2005,0
Israel,ISR,2006,0
Israel,ISR,2007,0
Israel,ISR,2008,0
Israel,ISR,2009,0
Israel,ISR,2010,0
Israel,ISR,2011,0
Israel,ISR,2012,0
Israel,ISR,2013,0
Israel,ISR,2014,0
Israel,ISR,2015,0
Israel,ISR,2016,0
Israel,ISR,2017,0
Israel,ISR,2018,0
Israel,ISR,2019,0
Israel,ISR,2020,0
Israel,ISR,2021,0
Israel,ISR,2022,0
Israel,ISR,2023,0
Israel,ISR,2024,0
Italy,ITA,1965,189.39124
Italy,ITA,1966,206.6785
Italy,ITA,1967,167.28761
Italy,ITA,1968,135.74773
Italy,ITA,1969,87.89816
Italy,ITA,1970,165.24037
Italy,ITA,1971,174.03847
Italy,ITA,1972,186.28955
Italy,ITA,1973,160.28809
Italy,ITA,1974,172.7842
Italy,ITA,1975,191.34152
Italy,ITA,1976,190.67998
Italy,ITA,1977,168.767
Italy,ITA,1978,219.88248
Italy,ITA,1979,130.0497
Italy,ITA,1980,108.72373
Italy,ITA,1981,132.74272
Italy,ITA,1982,333.2206
Italy,ITA,1983,282.98376
Italy,ITA,1984,336.74414
Italy,ITA,1985,343.17017
Italy,ITA,1986,427.73376
Italy,ITA,1987,8.495641
Italy,ITA,1988,0
Italy,ITA,1989,0
Italy,ITA,1990,0
Italy,ITA,1991,0
Italy,ITA,1992,0
Italy,ITA,1993,0
Italy,ITA,1994,0
Italy,ITA,1995,0
Italy,ITA,1996,0
Italy,ITA,1997,0
Italy,ITA,1998,0
Italy,ITA,1999,0
Italy,ITA,2000,0
Italy,ITA,2001,0
Italy,ITA,2002,0
Italy,ITA,2003,0
Italy,ITA,2004,0
Italy,ITA,2005,0
Italy,ITA,2006,0
Italy,ITA,2007,0
Italy,ITA,2008,0
Italy,ITA,2009,0
Italy,ITA,2010,0
Italy,ITA,2011,0
Italy,ITA,2012,0
Italy,ITA,2013,0
Italy,ITA,2014,0
Italy,ITA,2015,0
Italy,ITA,2016,0
Italy,ITA,2017,0
Italy,ITA,2018,0
Italy,ITA,2019,0
Italy,ITA,2020,0
Italy,ITA,2021,0
Italy,ITA,2022,0
Italy,ITA,2023,0
Italy,ITA,2024,0
Japan,JPN,1965,0.6881409
Japan,JPN,1966,15.921648
Japan,JPN,1967,16.969002
Japan,JPN,1968,27.821087
Japan,JPN,1969,28.495384
Japan,JPN,1970,119.24577
Japan,JPN,1971,206.11006
Japan,JPN,1972,241.0617
Japan,JPN,1973,243.76395
Japan,JPN,1974,488.52417
Japan,JPN,1975,615.87476
Japan,JPN,1976,826.7386
Japan,JPN,1977,760.91034
Japan,JPN,1978,1413.3013
Japan,JPN,1979,1663.8318
Japan,JPN,1980,1938.3394
Japan,JPN,1981,2050.0557
Japan,JPN,1982,2381.269
Japan,JPN,1983,2646.751
Japan,JPN,1984,3098.039
Japan,JPN,1985,3668.4954
Japan,JPN,1986,3784.8948
Japan,JPN,1987,4296.2715
Japan,JPN,1988,3943.9827
Japan,JPN,1989,4198.1406
Japan,JPN,1990,4379.877
Japan,JPN,1991,4679.19
Japan,JPN,1992,4846.8994
Japan,JPN,1993,5511.499
Japan,JPN,1994,5725.704
Japan,JPN,1995,6341.1714
Japan,JPN,1996,6537.903
Japan,JPN,1997,7065.268
Japan,JPN,1998,7155.1855
Japan,JPN,1999,6949.5044
Japan,JPN,2000,6978.385
Japan,JPN,2001,6957.9062
Japan,JPN,2002,6753.6143
Japan,JPN,2003,4910.382
Japan,JPN,2004,6061.0947
Japan,JPN,2005,6158.365
Japan,JPN,2006,6356.473
Japan,JPN,2007,5793.252
Japan,JPN,2008,5183.001
Japan,JPN,2009,5623.322
Japan,JPN,2010,5939.3774
Japan,JPN,2011,3295.107
Japan,JPN,2012,362.4656
Japan,JPN,2013,292.40924
Japan,JPN,2014,0
Japan,JPN,2015,89.995
Japan,JPN,2016,349.3081
Japan,JPN,2017,572.02014
Japan,JPN,2018,962.50555
Japan,JPN,2019,1282.2922
Japan,JPN,2020,840.6003
Japan,JPN,2021,1199.8367
Japan,JPN,2022,1017.6929
Japan,JPN,2023,1519.071
Japan,JPN,2024,1673.3878
Kazakhstan,KAZ,1985,0
Kazakhstan,KAZ,1986,0
Kazakhstan,KAZ,1987,0
Kazakhstan,KAZ,1988,0
Kazakhstan,KAZ,1989,16.611774
Kazakhstan,KAZ,1990,0
Kazakhstan,KAZ,1991,86.67862
Kazakhstan,KAZ,1992,74.36794
Kazakhstan,KAZ,1993,71.77563
Kazakhstan,KAZ,1994,61.943172
Kazakhstan,KAZ,1995,13.2075815
Kazakhstan,KAZ,1996,14.956243
Kazakhstan,KAZ,1997,52.032818
Kazakhstan,KAZ,1998,15.690537
Kazakhstan,KAZ,1999,0
Kazakhstan,KAZ,2000,0
Kazakhstan,KAZ,2001,0
Kazakhstan,KAZ,2002,0
Kazakhstan,KAZ,2003,0
Kazakhstan,KAZ,2004,0
Kazakhstan,KAZ,2005,0
Kazakhstan,KAZ,2006,0
Kazakhstan,KAZ,2007,0
Kazakhstan,KAZ,2008,0
Kazakhstan,KAZ,2009,0
Kazakhstan,KAZ,2010,0
Kazakhstan,KAZ,2011,0
Kazakhstan,KAZ,2012,0
Kazakhstan,KAZ,2013,0
Kazakhstan,KAZ,2014,0
Kazakhstan,KAZ,2015,0
Kazakhstan,KAZ,2016,0
Kazakhstan,KAZ,2017,0
Kazakhstan,KAZ,2018,0
Kazakhstan,KAZ,2019,0
Kazakhstan,KAZ,2020,0
Kazakhstan,KAZ,2021,0
Kazakhstan,KAZ,2022,0
Kazakhstan,KAZ,2023,0
Kazakhstan,KAZ,2024,0
Kuwait,KWT,1965,0
Kuwait,KWT,1966,0
Kuwait,KWT,1967,0
Kuwait,KWT,1968,0
Kuwait,KWT,1969,0
Kuwait,KWT,1970,0
Kuwait,KWT,1971,0
Kuwait,KWT,1972,0
Kuwait,KWT,1973,0
Kuwait,KWT,1974,0
Kuwait,KWT,1975,0
Kuwait,KWT,1976,0
Kuwait,KWT,1977,0
Kuwait,KWT,1978,0
Kuwait,KWT,1979,0
Kuwait,KWT,1980,0
Kuwait,KWT,1981,0
Kuwait,KWT,1982,0
Kuwait,KWT,1983,0
Kuwait,KWT,1984,0
Kuwait,KWT,1985,0
Kuwait,KWT,1986,0
Kuwait,KWT,1987,0
Kuwait,KWT,1988,0
Kuwait,KWT,1989,0
Kuwait,KWT,1990,0
Kuwait,KWT,1991,0
Kuwait,KWT,1992,0
Kuwait,KWT,1993,0
Kuwait,KWT,1994,0
Kuwait,KWT,1995,0
Kuwait,KWT,1996,0
Kuwait,KWT,1997,0
Kuwait,KWT,1998,0
Kuwait,KWT,1999,0
Kuwait,KWT,2000,0
Kuwait,KWT,2001,0
Kuwait,KWT,2002,0
Kuwait,KWT,2003,0
Kuwait,KWT,2004,0
Kuwait,KWT,2005,0
Kuwait,KWT,2006,0
Kuwait,KWT,2007,0
Kuwait,KWT,2008,0
Kuwait,KWT,2009,0
Kuwait,KWT,2010,0
Kuwait,KWT,2011,0
Kuwait,KWT,2012,0
Kuwait,KWT,2013,0
Kuwait,KWT,2014,0
Kuwait,KWT,2015,0
Kuwait,KWT,2016,0
Kuwait,KWT,2017,0
Kuwait,KWT,2018,0
Kuwait,KWT,2019,0
Kuwait,KWT,2020,0
Kuwait,KWT,2021,0
Kuwait,KWT,2022,0
Kuwait,KWT,2023,0
Kuwait,KWT,2024,0
Latvia,LVA,1985,0
Latvia,LVA,1986,0
Latvia,LVA,1987,0
Latvia,LVA,1988,0
Latvia,LVA,1989,0
Latvia,LVA,1990,0
Latvia,LVA,1991,0
Latvia,LVA,1992,0
Latvia,LVA,1993,0
Latvia,LVA,1994,0
Latvia,LVA,1995,0
Latvia,LVA,1996,0
Latvia,LVA,1997,0
Latvia,LVA,1998,0
Latvia,LVA,1999,0
Latvia,LVA,2000,0
Latvia,LVA,2001,0
Latvia,LVA,2002,0
Latvia,LVA,2003,0
Latvia,LVA,2004,0
Latvia,LVA,2005,0
Latvia,LVA,2006,0
Latvia,LVA,2007,0
Latvia,LVA,2008,0
Latvia,LVA,2009,0
Latvia,LVA,2010,0
Latvia,LVA,2011,0
Latvia,LVA,2012,0
Latvia,LVA,2013,0
Latvia,LVA,2014,0
Latvia,LVA,2015,0
Latvia,LVA,2016,0
Latvia,LVA,2017,0
Latvia,LVA,2018,0
Latvia,LVA,2019,0
Latvia,LVA,2020,0
Latvia,LVA,2021,0
Latvia,LVA,2022,0
Latvia,LVA,2023,0
Latvia,LVA,2024,0
Libya,LBY,1965,0
Libya,LBY,1966,0
Libya,LBY,1967,0
Libya,LBY,1968,0
Libya,LBY,1969,0
Libya,LBY,1970,0
Libya,LBY,1971,0
Libya,LBY,1972,0
Libya,LBY,1973,0
Libya,LBY,1974,0
Libya,LBY,1975,0
Libya,LBY,1976,0
Libya,LBY,1977,0
Libya,LBY,1978,0
Libya,LBY,1979,0
Libya,LBY,1980,0
Libya,LBY,1981,0
Libya,LBY,1982,0
Libya,LBY,1983,0
Libya,LBY,1984,0
Libya,LBY,1985,0
Libya,LBY,1986,0
Libya,LBY,1987,0
Libya,LBY,1988,0
Libya,LBY,1989,0
Libya,LBY,1990,0
Libya,LBY,1991,0
Libya,LBY,1992,0
Libya,LBY,1993,0
Libya,LBY,1994,0
Libya,LBY,1995,0
Libya,LBY,1996,0
Libya,LBY,1997,0
Libya,LBY,1998,0
Libya,LBY,1999,0
Libya,LBY,2000,0
Libya,LBY,2001,0
Libya,LBY,2002,0
Libya,LBY,2003,0
Libya,LBY,2004,0
Libya,LBY,2005,0
Libya,LBY,2006,0
Libya,LBY,2007,0
Libya,LBY,2008,0
Libya,LBY,2009,0
Libya,LBY,2010,0
Libya,LBY,2011,0
Libya,LBY,2012,0
Libya,LBY,2013,0
Libya,LBY,2014,0
Libya,LBY,2015,0
Libya,LBY,2016,0
Libya,LBY,2017,0
Libya,LBY,2018,0
Libya,LBY,2019,0
Libya,LBY,2020,0
Libya,LBY,2021,0
Libya,LBY,2022,0
Libya,LBY,2023,0
Libya,LBY,2024,0
Lithuania,LTU,1985,7391.733
Lithuania,LTU,1986,7638.0215
Lithuania,LTU,1987,7032.581
Lithuania,LTU,1988,9690.12
Lithuania,LTU,1989,12514.894
Lithuania,LTU,1990,12804.786
Lithuania,LTU,1991,12757.907
Lithuania,LTU,1992,10996.765
Lithuania,LTU,1993,9253.721
Lithuania,LTU,1994,5856.684
Lithuania,LTU,1995,9053.913
Lithuania,LTU,1996,10758.549
Lithuania,LTU,1997,9346.793
Lithuania,LTU,1998,10612.306
Lithuania,LTU,1999,7776.095
Lithuania,LTU,2000,6680.9624
Lithuania,LTU,2001,9037.337
Lithuania,LTU,2002,11249.893
Lithuania,LTU,2003,12353.536
Lithuania,LTU,2004,12120.031
Lithuania,LTU,2005,8364.551
Lithuania,LTU,2006,7074.282
Lithuania,LTU,2007,8092.9346
Lithuania,LTU,2008,8161.6055
Lithuania,LTU,2009,9004.812
Lithuania,LTU,2010,0
Lithuania,LTU,2011,0
Lithuania,LTU,2012,0
Lithuania,LTU,2013,0
Lithuania,LTU,2014,0
Lithuania,LTU,2015,0
Lithuania,LTU,2016,0
Lithuania,LTU,2017,0
Lithuania,LTU,2018,0
Lithuania,LTU,2019,0
Lithuania,LTU,2020,0
Lithuania,LTU,2021,0
Lithuania,LTU,2022,0
Lithuania,LTU,2023,0
Lithuania,LTU,2024,0
Low-income countries,,1965,0
Low-income countries,,1966,0
Low-income countries,,1967,0
Low-income countries,,1968,0
Low-income countries,,1969,0
Low-income countries,,1970,0
Low-income countries,,1971,0
Low-income countries,,1972,0
Low-income countries,,1973,0
Low-income countries,,1974,0
Low-income countries,,1975,0
Low-income countries,,1976,0
Low-income countries,,1977,0
Low-income countries,,1978,0
Low-income countries,,1979,0
Low-income countries,,1980,0
Low-income countries,,1981,0
Low-income countries,,1982,0
Low-income countries,,1983,0
Low-income countries,,1984,0
Low-income countries,,1985,0
Low-income countries,,1986,0
Low-income countries,,1987,0
Low-income countries,,1988,0
Low-income countries,,1989,0
Low-income countries,,1990,0
Low-income countries,,1991,0
Low-income countries,,1992,0
Low-income countries,,1993,0
Low-income countries,,1994,0
Low-income countries,,1995,0
Low-income countries,,1996,0
Low-income countries,,1997,0
Low-income countries,,1998,0
Low-income countries,,1999,0
Low-income countries,,2000,0
Low-income countries,,2001,0
Low-income countries,,2002,0
Low-income countries,,2003,0
Low-income countries,,2004,0
Low-income countries,,2005,0
Low-income countries,,2006,0
Low-income countries,,2007,0
Low-income countries,,2008,0
Low-income countries,,2009,0
Low-income countries,,2010,0
Low-income countries,,2011,0
Low-income countries,,2012,0
Low-income countries,,2013,0
Low-income countries,,2014,0
Low-income countries,,2015,0
Low-income countries,,2016,0
Low-income countries,,2017,0
Low-income countries,,2018,0
Low-income countries,,2019,0
Low-income countries,,2020,0
Low-income countries,,2021,0
Low-income countries,,2022,0
Low-income countries,,2023,0
Low-income countries,,2024,0
Lower-middle-income countries,,1965,0
Lower-middle-income countries,,1966,0
Lower-middle-income countries,,1967,0
Lower-middle-income countries,,1968,0
Lower-middle-income countries,,1969,1.9726934
Lower-middle-income countries,,1970,3.476721
Lower-middle-income countries,,1971,2.6513267
Lower-middle-income countries,,1972,2.859724
Lower-middle-income countries,,1973,5.7797546
Lower-middle-income countries,,1974,5.629494
Lower-middle-income countries,,1975,6.4932795
Lower-middle-income countries,,1976,7.302448
Lower-middle-income countries,,1977,4.8920126
Lower-middle-income countries,,1978,5.3257327
Lower-middle-income countries,,1979,5.128893
Lower-middle-income countries,,1980,5.264298
Lower-middle-income countries,,1981,5.343982
Lower-middle-income countries,,1982,4.666532
Lower-middle-income countries,,1983,6.4573684
Lower-middle-income countries,,1984,8.215045
Lower-middle-income countries,,1985,8.974901
Lower-middle-income countries,,1986,9.915281
Lower-middle-income countries,,1987,9.812754
Lower-middle-income countries,,1988,10.6757145
Lower-middle-income countries,,1989,6.8826237
Lower-middle-income countries,,1990,11.057981
Lower-middle-income countries,,1991,9.245913
Lower-middle-income countries,,1992,10.77628
Lower-middle-income countries,,1993,10.047473
Lower-middle-income countries,,1994,8.197455
Lower-middle-income countries,,1995,11.793981
Lower-middle-income countries,,1996,12.383649
Lower-middle-income countries,,1997,14.616654
Lower-middle-income countries,,1998,16.002823
Lower-middle-income countries,,1999,17.068378
Lower-middle-income countries,,2000,21.828901
Lower-middle-income countries,,2001,26.702602
Lower-middle-income countries,,2002,26.318735
Lower-middle-income countries,,2003,24.238184
Lower-middle-income countries,,2004,27.944193
Lower-middle-income countries,,2005,23.30769
Lower-middle-income countries,,2006,22.662674
Lower-middle-income countries,,2007,22.12773
Lower-middle-income countries,,2008,18.177927
Lower-middle-income countries,,2009,20.268448
Lower-middle-income countries,,2010,26.16307
Lower-middle-income countries,,2011,36.1172
Lower-middle-income countries,,2012,35.03837
Lower-middle-income countries,,2013,35.842945
Lower-middle-income countries,,2014,36.76187
Lower-middle-income countries,,2015,39.002388
Lower-middle-income countries,,2016,38.650867
Lower-middle-income countries,,2017,39.957127
Lower-middle-income countries,,2018,41.583122
Lower-middle-income countries,,2019,45.9202
Lower-middle-income countries,,2020,45.040237
Lower-middle-income countries,,2021,48.828773
Lower-middle-income countries,,2022,55.241333
Lower-middle-income countries,,2023,55.832138
Lower-middle-income countries,,2024,60.53836
Luxembourg,LUX,1965,0
Luxembourg,LUX,1966,0
Luxembourg,LUX,1967,0
Luxembourg,LUX,1968,0
Luxembourg,LUX,1969,0
Luxembourg,LUX,1970,0
Luxembourg,LUX,1971,0
Luxembourg,LUX,1972,0
Luxembourg,LUX,1973,0
Luxembourg,LUX,1974,0
Luxembourg,LUX,1975,0
Luxembourg,LUX,1976,0
Luxembourg,LUX,1977,0
Luxembourg,LUX,1978,0
Luxembourg,LUX,1979,0
Luxembourg,LUX,1980,0
Luxembourg,LUX,1981,0
Luxembourg,LUX,1982,0
Luxembourg,LUX,1983,0
Luxembourg,LUX,1984,0
Luxembourg,LUX,1985,0
Luxembourg,LUX,1986,0
Luxembourg,LUX,1987,0
Luxembourg,LUX,1988,0
Luxembourg,LUX,1989,0
Luxembourg,LUX,1990,0
Luxembourg,LUX,1991,0
Luxembourg,LUX,1992,0
Luxembourg,LUX,1993,0
Luxembourg,LUX,1994,0
Luxembourg,LUX,1995,0
Luxembourg,LUX,1996,0
Luxembourg,LUX,1997,0
Luxembourg,LUX,1998,0
Luxembourg,LUX,1999,0
Luxembourg,LUX,2000,0
Luxembourg,LUX,2001,0
Luxembourg,LUX,2002,0
Luxembourg,LUX,2003,0
Luxembourg,LUX,2004,0
Luxembourg,LUX,2005,0
Luxembourg,LUX,2006,0
Luxembourg,LUX,2007,0
Luxembourg,LUX,2008,0
Luxembourg,LUX,2009,0
Luxembourg,LUX,2010,0
Luxembourg,LUX,2011,0
Luxembourg,LUX,2012,0
Luxembourg,LUX,2013,0
Luxembourg,LUX,2014,0
Luxembourg,LUX,2015,0
Luxembourg,LUX,2016,0
Luxembourg,LUX,2017,0
Luxembourg,LUX,2018,0
Luxembourg,LUX,2019,0
Luxembourg,LUX,2020,0
Luxembourg,LUX,2021,0
Luxembourg,LUX,2022,0
Luxembourg,LUX,2023,0
Luxembourg,LUX,2024,0
Madagascar,MDG,1995,0
Madagascar,MDG,1996,0
Madagascar,MDG,1997,0
Madagascar,MDG,1998,0
Madagascar,MDG,1999,0
Madagascar,MDG,2000,0
Madagascar,MDG,2001,0
Madagascar,MDG,2002,0
Madagascar,MDG,2003,0
Madagascar,MDG,2004,0
Madagascar,MDG,2005,0
Madagascar,MDG,2006,0
Madagascar,MDG,2007,0
Madagascar,MDG,2008,0
Madagascar,MDG,2009,0
Madagascar,MDG,2010,0
Madagascar,MDG,2011,0
Madagascar,MDG,2012,0
Madagascar,MDG,2013,0
Madagascar,MDG,2014,0
Madagascar,MDG,2015,0
Madagascar,MDG,2016,0
Madagascar,MDG,2017,0
Madagascar,MDG,2018,0
Madagascar,MDG,2019,0
Madagascar,MDG,2020,0
Madagascar,MDG,2021,0
Madagascar,MDG,2022,0
Madagascar,MDG,2023,0
Madagascar,MDG,2024,0
Malaysia,MYS,1965,0
Malaysia,MYS,1966,0
Malaysia,MYS,1967,0
Malaysia,MYS,1968,0
Malaysia,MYS,1969,0
Malaysia,MYS,1970,0
Malaysia,MYS,1971,0
Malaysia,MYS,1972,0
Malaysia,MYS,1973,0
Malaysia,MYS,1974,0
Malaysia,MYS,1975,0
Malaysia,MYS,1976,0
Malaysia,MYS,1977,0
Malaysia,MYS,1978,0
Malaysia,MYS,1979,0
Malaysia,MYS,1980,0
Malaysia,MYS,1981,0
Malaysia,MYS,1982,0
Malaysia,MYS,1983,0
Malaysia,MYS,1984,0
Malaysia,MYS,1985,0
Malaysia,MYS,1986,0
Malaysia,MYS,1987,0
Malaysia,MYS,1988,0
Malaysia,MYS,1989,0
Malaysia,MYS,1990,0
Malaysia,MYS,1991,0
Malaysia,MYS,1992,0
Malaysia,MYS,1993,0
Malaysia,MYS,1994,0
Malaysia,MYS,1995,0
Malaysia,MYS,1996,0
Malaysia,MYS,1997,0
Malaysia,MYS,1998,0
Malaysia,MYS,1999,0
Malaysia,MYS,2000,0
Malaysia,MYS,2001,0
Malaysia,MYS,2002,0
Malaysia,MYS,2003,0
Malaysia,MYS,2004,0
Malaysia,MYS,2005,0
Malaysia,MYS,2006,0
Malaysia,MYS,2007,0
Malaysia,MYS,2008,0
Malaysia,MYS,2009,0
Malaysia,MYS,2010,0
Malaysia,MYS,2011,0
Malaysia,MYS,2012,0
Malaysia,MYS,2013,0
Malaysia,MYS,2014,0
Malaysia,MYS,2015,0
Malaysia,MYS,2016,0
Malaysia,MYS,2017,0
Malaysia,MYS,2018,0
Malaysia,MYS,2019,0
Malaysia,MYS,2020,0
Malaysia,MYS,2021,0
Malaysia,MYS,2022,0
Malaysia,MYS,2023,0
Malaysia,MYS,2024,0
Mexico,MEX,1965,0
Mexico,MEX,1966,0
Mexico,MEX,1967,0
Mexico,MEX,1968,0
Mexico,MEX,1969,0
Mexico,MEX,1970,0
Mexico,MEX,1971,0
Mexico,MEX,1972,0
Mexico,MEX,1973,0
Mexico,MEX,1974,0
Mexico,MEX,1975,0
Mexico,MEX,1976,0
Mexico,MEX,1977,0
Mexico,MEX,1978,0
Mexico,MEX,1979,0
Mexico,MEX,1980,0
Mexico,MEX,1981,0
Mexico,MEX,1982,0
Mexico,MEX,1983,0
Mexico,MEX,1984,0
Mexico,MEX,1985,0
Mexico,MEX,1986,0
Mexico,MEX,1987,0
Mexico,MEX,1988,0
Mexico,MEX,1989,12.71839
Mexico,MEX,1990,98.50659
Mexico,MEX,1991,139.56241
Mexico,MEX,1992,126.51676
Mexico,MEX,1993,156.26498
Mexico,MEX,1994,131.91916
Mexico,MEX,1995,258.11298
Mexico,MEX,1996,236.69759
Mexico,MEX,1997,308.9138
Mexico,MEX,1998,269.2759
Mexico,MEX,1999,286.08484
Mexico,MEX,2000,231.54353
Mexico,MEX,2001,240.81108
Mexico,MEX,2002,262.95847
Mexico,MEX,2003,277.86826
Mexico,MEX,2004,238.67065
Mexico,MEX,2005,274.50177
Mexico,MEX,2006,270.89163
Mexico,MEX,2007,254.79071
Mexico,MEX,2008,234.36627
Mexico,MEX,2009,246.08888
Mexico,MEX,2010,134.74738
Mexico,MEX,2011,226.80508
Mexico,MEX,2012,193.4806
Mexico,MEX,2013,255.00916
Mexico,MEX,2014,205.56905
Mexico,MEX,2015,242.0802
Mexico,MEX,2016,217.18115
Mexico,MEX,2017,220.47928
Mexico,MEX,2018,270.67188
Mexico,MEX,2019,220.2365
Mexico,MEX,2020,217.66597
Mexico,MEX,2021,230.06384
Mexico,MEX,2022,207.26918
Mexico,MEX,2023,232.85109
Mexico,MEX,2024,229.3737
Mongolia,MNG,1981,0
Mongolia,MNG,1982,0
Mongolia,MNG,1983,0
Mongolia,MNG,1984,0
Mongolia,MNG,1985,0
Mongolia,MNG,1986,0
Mongolia,MNG,1987,0
Mongolia,MNG,1988,0
Mongolia,MNG,1989,0
Mongolia,MNG,1990,0
Mongolia,MNG,1991,0
Mongolia,MNG,1992,0
Mongolia,MNG,1993,0
Mongolia,MNG,1994,0
Mongolia,MNG,1995,0
Mongolia,MNG,1996,0
Mongolia,MNG,1997,0
Mongolia,MNG,1998,0
Mongolia,MNG,1999,0
Mongolia,MNG,2000,0
Mongolia,MNG,2001,0
Mongolia,MNG,2002,0
Mongolia,MNG,2003,0
Mongolia,MNG,2004,0
Mongolia,MNG,2005,0
Mongolia,MNG,2006,0
Mongolia,MNG,2007,0
Mongolia,MNG,2008,0
Mongolia,MNG,2009,0
Mongolia,MNG,2010,0
Mongolia,MNG,2011,0
Mongolia,MNG,2012,0
Mongolia,MNG,2013,0
Mongolia,MNG,2014,0
Mongolia,MNG,2015,0
Mongolia,MNG,2016,0
Mongolia,MNG,2017,0
Mongolia,MNG,2018,0
Mongolia,MNG,2019,0
Mongolia,MNG,2020,0
Mongolia,MNG,2021,0
Mongolia,MNG,2022,0
Mongolia,MNG,2023,0
Mongolia,MNG,2024,0
Morocco,MAR,1965,0
Morocco,MAR,1966,0
Morocco,MAR,1967,0
Morocco,MAR,1968,0
Morocco,MAR,1969,0
Morocco,MAR,1970,0
Morocco,MAR,1971,0
Morocco,MAR,1972,0
Morocco,MAR,1973,0
Morocco,MAR,1974,0
Morocco,MAR,1975,0
Morocco,MAR,1976,0
Morocco,MAR,1977,0
Morocco,MAR,1978,0
Morocco,MAR,1979,0
Morocco,MAR,1980,0
Morocco,MAR,1981,0
Morocco,MAR,1982,0
Morocco,MAR,1983,0
Morocco,MAR,1984,0
Morocco,MAR,1985,0
Morocco,MAR,1986,0
Morocco,MAR,1987,0
Morocco,MAR,1988,0
Morocco,MAR,1989,0
Morocco,MAR,1990,0
Morocco,MAR,1991,0
Morocco,MAR,1992,0
Morocco,MAR,1993,0
Morocco,MAR,1994,0
Morocco,MAR,1995,0
Morocco,MAR,1996,0
Morocco,MAR,1997,0
Morocco,MAR,1998,0
Morocco,MAR,1999,0
Morocco,MAR,2000,0
Morocco,MAR,2001,0
Morocco,MAR,2002,0
Morocco,MAR,2003,0
Morocco,MAR,2004,0
Morocco,MAR,2005,0
Morocco,MAR,2006,0
Morocco,MAR,2007,0
Morocco,MAR,2008,0
Morocco,MAR,2009,0
Morocco,MAR,2010,0
Morocco,MAR,2011,0
Morocco,MAR,2012,0
Morocco,MAR,2013,0
Morocco,MAR,2014,0
Morocco,MAR,2015,0
Morocco,MAR,2016,0
Morocco,MAR,2017,0
Morocco,MAR,2018,0
Morocco,MAR,2019,0
Morocco,MAR,2020,0
Morocco,MAR,2021,0
Morocco,MAR,2022,0
Morocco,MAR,2023,0
Morocco,MAR,2024,0
Mozambique,MOZ,1995,0
Mozambique,MOZ,1996,0
Mozambique,MOZ,1997,0
Mozambique,MOZ,1998,0
Mozambique,MOZ,1999,0
Mozambique,MOZ,2000,0
Mozambique,MOZ,2001,0
Mozambique,MOZ,2002,0
Mozambique,MOZ,2003,0
Mozambique,MOZ,2004,0
Mozambique,MOZ,2005,0
Mozambique,MOZ,2006,0
Mozambique,MOZ,2007,0
Mozambique,MOZ,2008,0
Mozambique,MOZ,2009,0
Mozambique,MOZ,2010,0
Mozambique,MOZ,2011,0
Mozambique,MOZ,2012,0
Mozambique,MOZ,2013,0
Mozambique,MOZ,2014,0
Mozambique,MOZ,2015,0
Mozambique,MOZ,2016,0
Mozambique,MOZ,2017,0
Mozambique,MOZ,2018,0
Mozambique,MOZ,2019,0
Mozambique,MOZ,2020,0
Mozambique,MOZ,2021,0
Mozambique,MOZ,2022,0
Mozambique,MOZ,2023,0
Mozambique,MOZ,2024,0
Myanmar,MMR,1970,0
Myanmar,MMR,1971,0
Myanmar,MMR,1972,0
Myanmar,MMR,1973,0
Myanmar,MMR,1974,0
Myanmar,MMR,1975,0
Myanmar,MMR,1976,0
Myanmar,MMR,1977,0
Myanmar,MMR,1978,0
Myanmar,MMR,1979,0
Myanmar,MMR,1980,0
Myanmar,MMR,1981,0
Myanmar,MMR,1982,0
Myanmar,MMR,1983,0
Myanmar,MMR,1984,0
Myanmar,MMR,1985,0
Myanmar,MMR,1986,0
Myanmar,MMR,1987,0
Myanmar,MMR,1988,0
Myanmar,MMR,1989,0
Myanmar,MMR,1990,0
Myanmar,MMR,1991,0
Myanmar,MMR,1992,0
Myanmar,MMR,1993,0
Myanmar,MMR,1994,0
Myanmar,MMR,1995,0
Myanmar,MMR,1996,0
Myanmar,MMR,1997,0
Myanmar,MMR,1998,0
Myanmar,MMR,1999,0
Myanmar,MMR,2000,0
Myanmar,MMR,2001,0
Myanmar,MMR,2002,0
Myanmar,MMR,2003,0
Myanmar,MMR,2004,0
Myanmar,MMR,2005,0
Myanmar,MMR,2006,0
Myanmar,MMR,2007,0
Myanmar,MMR,2008,0
Myanmar,MMR,2009,0
Myanmar,MMR,2010,0
Myanmar,MMR,2011,0
Myanmar,MMR,2012,0
Myanmar,MMR,2013,0
Myanmar,MMR,2014,0
Myanmar,MMR,2015,0
Myanmar,MMR,2016,0
Myanmar,MMR,2017,0
Myanmar,MMR,2018,0
Myanmar,MMR,2019,0
Myanmar,MMR,2020,0
Myanmar,MMR,2021,0
Myanmar,MMR,2022,0
Myanmar,MMR,2023,0
Myanmar,MMR,2024,0
Netherlands,NLD,1965,0
Netherlands,NLD,1966,0
Netherlands,NLD,1967,0
Netherlands,NLD,1968,6.1045985
Netherlands,NLD,1969,67.8787
Netherlands,NLD,1970,78.3187
Netherlands,NLD,1971,85.17338
Netherlands,NLD,1972,67.86858
Netherlands,NLD,1973,228.76741
Netherlands,NLD,1974,671.31256
Netherlands,NLD,1975,677.18317
Netherlands,NLD,1976,780.14325
Netherlands,NLD,1977,743.0852
Netherlands,NLD,1978,808.2156
Netherlands,NLD,1979,689.7897
Netherlands,NLD,1980,823.76086
Netherlands,NLD,1981,712.4259
Netherlands,NLD,1982,755.2026
Netherlands,NLD,1983,692.4717
Netherlands,NLD,1984,712.7476
Netherlands,NLD,1985,744.93335
Netherlands,NLD,1986,800.6783
Netherlands,NLD,1987,670.81915
Netherlands,NLD,1988,688.5466
Netherlands,NLD,1989,748.1944
Netherlands,NLD,1990,647.1859
Netherlands,NLD,1991,610.17255
Netherlands,NLD,1992,690.95386
Netherlands,NLD,1993,712.597
Netherlands,NLD,1994,711.59973
Netherlands,NLD,1995,717.06305
Netherlands,NLD,1996,738.84467
Netherlands,NLD,1997,425.40384
Netherlands,NLD,1998,668.5244
Netherlands,NLD,1999,667.1143
Netherlands,NLD,2000,677.92847
Netherlands,NLD,2001,678.1285
Netherlands,NLD,2002,658.27527
Netherlands,NLD,2003,668.9226
Netherlands,NLD,2004,630.5886
Netherlands,NLD,2005,652.62
Netherlands,NLD,2006,562.4263
Netherlands,NLD,2007,675.7488
Netherlands,NLD,2008,662.7424
Netherlands,NLD,2009,668.3278
Netherlands,NLD,2010,616.3156
Netherlands,NLD,2011,636.6007
Netherlands,NLD,2012,596.4732
Netherlands,NLD,2013,435.756
Netherlands,NLD,2014,611.2975
Netherlands,NLD,2015,603.4895
Netherlands,NLD,2016,578.35657
Netherlands,NLD,2017,491.25095
Netherlands,NLD,2018,501.86935
Netherlands,NLD,2019,551.82275
Netherlands,NLD,2020,572.22925
Netherlands,NLD,2021,531.76324
Netherlands,NLD,2022,570.3659
Netherlands,NLD,2023,537.2509
Netherlands,NLD,2024,478.7378
Netherlands Antilles,ANT,1965,0
Netherlands Antilles,ANT,1966,0
Netherlands Antilles,ANT,1967,0
Netherlands Antilles,ANT,1968,0
Netherlands Antilles,ANT,1969,0
Netherlands Antilles,ANT,1970,0
Netherlands Antilles,ANT,1971,0
Netherlands Antilles,ANT,1972,0
Netherlands Antilles,ANT,1973,0
Netherlands Antilles,ANT,1974,0
Netherlands Antilles,ANT,1975,0
Netherlands Antilles,ANT,1976,0
Netherlands Antilles,ANT,1977,0
Netherlands Antilles,ANT,1978,0
Netherlands Antilles,ANT,1979,0
Netherlands Antilles,ANT,1980,0
Netherlands Antilles,ANT,1981,0
Netherlands Antilles,ANT,1982,0
Netherlands Antilles,ANT,1983,0
Netherlands Antilles,ANT,1984,0
Netherlands Antilles,ANT,1985,0
Netherlands Antilles,ANT,1986,0
Netherlands Antilles,ANT,1987,0
Netherlands Antilles,ANT,1988,0
Netherlands Antilles,ANT,1989,0
Netherlands Antilles,ANT,1990,0
Netherlands Antilles,ANT,1991,0
Netherlands Antilles,ANT,1992,0
Netherlands Antilles,ANT,1993,0
Netherlands Antilles,ANT,1994,0
Netherlands Antilles,ANT,1995,0
Netherlands Antilles,ANT,1996,0
Netherlands Antilles,ANT,1997,0
Netherlands Antilles,ANT,1998,0
Netherlands Antilles,ANT,1999,0
Netherlands Antilles,ANT,2000,0
Netherlands Antilles,ANT,2001,0
Netherlands Antilles,ANT,2002,0
Netherlands Antilles,ANT,2003,0
Netherlands Antilles,ANT,2004,0
Netherlands Antilles,ANT,2005,0
Netherlands Antilles,ANT,2006,0
Netherlands Antilles,ANT,2007,0
Netherlands Antilles,ANT,2008,0
Netherlands Antilles,ANT,2009,0
Netherlands Antilles,ANT,2010,0
New Caledonia,NCL,1995,0
New Caledonia,NCL,1996,0
New Caledonia,NCL,1997,0
New Caledonia,NCL,1998,0
New Caledonia,NCL,1999,0
New Caledonia,NCL,2000,0
New Caledonia,NCL,2001,0
New Caledonia,NCL,2002,0
New Caledonia,NCL,2003,0
New Caledonia,NCL,2004,0
New Caledonia,NCL,2005,0
New Caledonia,NCL,2006,0
New Caledonia,NCL,2007,0
New Caledonia,NCL,2008,0
New Caledonia,NCL,2009,0
New Caledonia,NCL,2010,0
New Caledonia,NCL,2011,0
New Caledonia,NCL,2012,0
New Caledonia,NCL,2013,0
New Caledonia,NCL,2014,0
New Caledonia,NCL,2015,0
New Caledonia,NCL,2016,0
New Caledonia,NCL,2017,0
New Caledonia,NCL,2018,0
New Caledonia,NCL,2019,0
New Caledonia,NCL,2020,0
New Caledonia,NCL,2021,0
New Caledonia,NCL,2022,0
New Caledonia,NCL,2023,0
New Caledonia,NCL,2024,0
New Zealand,NZL,1965,0
New Zealand,NZL,1966,0
New Zealand,NZL,1967,0
New Zealand,NZL,1968,0
New Zealand,NZL,1969,0
New Zealand,NZL,1970,0
New Zealand,NZL,1971,0
New Zealand,NZL,1972,0
New Zealand,NZL,1973,0
New Zealand,NZL,1974,0
New Zealand,NZL,1975,0
New Zealand,NZL,1976,0
New Zealand,NZL,1977,0
New Zealand,NZL,1978,0
New Zealand,NZL,1979,0
New Zealand,NZL,1980,0
New Zealand,NZL,1981,0
New Zealand,NZL,1982,0
New Zealand,NZL,1983,0
New Zealand,NZL,1984,0
New Zealand,NZL,1985,0
New Zealand,NZL,1986,0
New Zealand,NZL,1987,0
New Zealand,NZL,1988,0
New Zealand,NZL,1989,0
New Zealand,NZL,1990,0
New Zealand,NZL,1991,0
New Zealand,NZL,1992,0
New Zealand,NZL,1993,0
New Zealand,NZL,1994,0
New Zealand,NZL,1995,0
New Zealand,NZL,1996,0
New Zealand,NZL,1997,0
New Zealand,NZL,1998,0
New Zealand,NZL,1999,0
New Zealand,NZL,2000,0
New Zealand,NZL,2001,0
New Zealand,NZL,2002,0
New Zealand,NZL,2003,0
New Zealand,NZL,2004,0
New Zealand,NZL,2005,0
New Zealand,NZL,2006,0
New Zealand,NZL,2007,0
New Zealand,NZL,2008,0
New Zealand,NZL,2009,0
New Zealand,NZL,2010,0
New Zealand,NZL,2011,0
New Zealand,NZL,2012,0
New Zealand,NZL,2013,0
New Zealand,NZL,2014,0
New Zealand,NZL,2015,0
New Zealand,NZL,2016,0
New Zealand,NZL,2017,0
New Zealand,NZL,2018,0
New Zealand,NZL,2019,0
New Zealand,NZL,2020,0
New Zealand,NZL,2021,0
New Zealand,NZL,2022,0
New Zealand,NZL,2023,0
New Zealand,NZL,2024,0
Nigeria,NGA,1965,0
Nigeria,NGA,1966,0
Nigeria,NGA,1967,0
Nigeria,NGA,1968,0
Nigeria,NGA,1969,0
Nigeria,NGA,1970,0
Nigeria,NGA,1971,0
Nigeria,NGA,1972,0
Nigeria,NGA,1973,0
Nigeria,NGA,1974,0
Nigeria,NGA,1975,0
Nigeria,NGA,1976,0
Nigeria,NGA,1977,0
Nigeria,NGA,1978,0
Nigeria,NGA,1979,0
Nigeria,NGA,1980,0
Nigeria,NGA,1981,0
Nigeria,NGA,1982,0
Nigeria,NGA,1983,0
Nigeria,NGA,1984,0
Nigeria,NGA,1985,0
Nigeria,NGA,1986,0
Nigeria,NGA,1987,0
Nigeria,NGA,1988,0
Nigeria,NGA,1989,0
Nigeria,NGA,1990,0
Nigeria,NGA,1991,0
Nigeria,NGA,1992,0
Nigeria,NGA,1993,0
Nigeria,NGA,1994,0
Nigeria,NGA,1995,0
Nigeria,NGA,1996,0
Nigeria,NGA,1997,0
Nigeria,NGA,1998,0
Nigeria,NGA,1999,0
Nigeria,NGA,2000,0
Nigeria,NGA,2001,0
Nigeria,NGA,2002,0
Nigeria,NGA,2003,0
Nigeria,NGA,2004,0
Nigeria,NGA,2005,0
Nigeria,NGA,2006,0
Nigeria,NGA,2007,0
Nigeria,NGA,2008,0
Nigeria,NGA,2009,0
Nigeria,NGA,2010,0
Nigeria,NGA,2011,0
Nigeria,NGA,2012,0
Nigeria,NGA,2013,0
Nigeria,NGA,2014,0
Nigeria,NGA,2015,0
Nigeria,NGA,2016,0
Nigeria,NGA,2017,0
Nigeria,NGA,2018,0
Nigeria,NGA,2019,0
Nigeria,NGA,2020,0
Nigeria,NGA,2021,0
Nigeria,NGA,2022,0
Nigeria,NGA,2023,0
Nigeria,NGA,2024,0
North America,,1965,37.190434
North America,,1966,55.06236
North America,,1967,74.48871
North America,,1968,125.45603
North America,,1969,133.21205
North America,,1970,206.54668
North America,,1971,375.19217
North America,,1972,533.8153
North America,,1973,844.82715
North America,,1974,1086.9484
North America,,1975,1544.5275
North America,,1976,1714.4163
North America,,1977,2246.2563
North America,,1978,2457.2915
North America,,1979,2285.953
North America,,1980,2243.3452
North America,,1981,2393.7656
North America,,1982,2425.8022
North America,,1983,2548.0637
North America,,1984,2790.761
North America,,1985,3221.2441
North America,,1986,3472.2893
North America,,1987,3762.2268
North America,,1988,4255.2505
North America,,1989,4195.9097
North America,,1990,4435.186
North America,,1991,4696.2197
North America,,1992,4641.3057
North America,,1993,4610.855
North America,,1994,4826.2363
North America,,1995,4941.1885
North America,,1996,4855.494
North America,,1997,4465.589
North America,,1998,4619.614
North America,,1999,4914.0225
North America,,2000,4997.9243
North America,,2001,5026.3438
North America,,2002,4993.331
North America,,2003,4818.6714
North America,,2004,4954.2104
North America,,2005,4841.379
North America,,2006,4821.1646
North America,,2007,4818.763
North America,,2008,4734.3057
North America,,2009,4593.347
North America,,2010,4528.8315
North America,,2011,4406.89
North America,,2012,4235.1406
North America,,2013,4305.8022
North America,,2014,4286.662
North America,,2015,4207.9897
North America,,2016,4169.1167
North America,,2017,4106.7476
North America,,2018,4067.3862
North America,,2019,4013.4475
North America,,2020,3880.21
North America,,2021,3789.9756
North America,,2022,3698.0752
North America,,2023,3671.8137
North America,,2024,3663.2502
North Macedonia,MKD,1990,0
North Macedonia,MKD,1991,0
North Macedonia,MKD,1992,0
North Macedonia,MKD,1993,0
North Macedonia,MKD,1994,0
North Macedonia,MKD,1995,0
North Macedonia,MKD,1996,0
North Macedonia,MKD,1997,0
North Macedonia,MKD,1998,0
North Macedonia,MKD,1999,0
North Macedonia,MKD,2000,0
North Macedonia,MKD,2001,0
North Macedonia,MKD,2002,0
North Macedonia,MKD,2003,0
North Macedonia,MKD,2004,0
North Macedonia,MKD,2005,0
North Macedonia,MKD,2006,0
North Macedonia,MKD,2007,0
North Macedonia,MKD,2008,0
North Macedonia,MKD,2009,0
North Macedonia,MKD,2010,0
North Macedonia,MKD,2011,0
North Macedonia,MKD,2012,0
North Macedonia,MKD,2013,0
North Macedonia,MKD,2014,0
North Macedonia,MKD,2015,0
North Macedonia,MKD,2016,0
North Macedonia,MKD,2017,0
North Macedonia,MKD,2018,0
North Macedonia,MKD,2019,0
North Macedonia,MKD,2020,0
North Macedonia,MKD,2021,0
North Macedonia,MKD,2022,0
North Macedonia,MKD,2023,0
North Macedonia,MKD,2024,0
Norway,NOR,1965,0
Norway,NOR,1966,0
Norway,NOR,1967,0
Norway,NOR,1968,0
Norway,NOR,1969,0
Norway,NOR,1970,0
Norway,NOR,1971,0
Norway,NOR,1972,0
Norway,NOR,1973,0
Norway,NOR,1974,0
Norway,NOR,1975,0
Norway,NOR,1976,0
Norway,NOR,1977,0
Norway,NOR,1978,0
Norway,NOR,1979,0
Norway,NOR,1980,0
Norway,NOR,1981,0
Norway,NOR,1982,0
Norway,NOR,1983,0
Norway,NOR,1984,0
Norway,NOR,1985,0
Norway,NOR,1986,0
Norway,NOR,1987,0
Norway,NOR,1988,0
Norway,NOR,1989,0
Norway,NOR,1990,0
Norway,NOR,1991,0
Norway,NOR,1992,0
Norway,NOR,1993,0
Norway,NOR,1994,0
Norway,NOR,1995,0
Norway,NOR,1996,0
Norway,NOR,1997,0
Norway,NOR,1998,0
Norway,NOR,1999,0
Norway,NOR,2000,0
Norway,NOR,2001,0
Norway,NOR,2002,0
Norway,NOR,2003,0
Norway,NOR,2004,0
Norway,NOR,2005,0
Norway,NOR,2006,0
Norway,NOR,2007,0
Norway,NOR,2008,0
Norway,NOR,2009,0
Norway,NOR,2010,0
Norway,NOR,2011,0
Norway,NOR,2012,0
Norway,NOR,2013,0
Norway,NOR,2014,0
Norway,NOR,2015,0
Norway,NOR,2016,0
Norway,NOR,2017,0
Norway,NOR,2018,0
Norway,NOR,2019,0
Norway,NOR,2020,0
Norway,NOR,2021,0
Norway,NOR,2022,0
Norway,NOR,2023,0
Norway,NOR,2024,0
Oceania,,1965,0
Oceania,,1966,0
Oceania,,1967,0
Oceania,,1968,0
Oceania,,1969,0
Oceania,,1970,0
Oceania,,1971,0
Oceania,,1972,0
Oceania,,1973,0
Oceania,,1974,0
Oceania,,1975,0
Oceania,,1976,0
Oceania,,1977,0
Oceania,,1978,0
Oceania,,1979,0
Oceania,,1980,0
Oceania,,1981,0
Oceania,,1982,0
Oceania,,1983,0
Oceania,,1984,0
Oceania,,1985,0
Oceania,,1986,0
Oceania,,1987,0
Oceania,,1988,0
Oceania,,1989,0
Oceania,,1990,0
Oceania,,1991,0
Oceania,,1992,0
Oceania,,1993,0
Oceania,,1994,0
Oceania,,1995,0
Oceania,,1996,0
Oceania,,1997,0
Oceania,,1998,0
Oceania,,1999,0
Oceania,,2000,0
Oceania,,2001,0
Oceania,,2002,0
Oceania,,2003,0
Oceania,,2004,0
Oceania,,2005,0
Oceania,,2006,0
Oceania,,2007,0
Oceania,,2008,0
Oceania,,2009,0
Oceania,,2010,0
Oceania,,2011,0
Oceania,,2012,0
Oceania,,2013,0
Oceania,,2014,0
Oceania,,2015,0
Oceania,,2016,0
Oceania,,2017,0
Oceania,,2018,0
Oceania,,2019,0
Oceania,,2020,0
Oceania,,2021,0
Oceania,,2022,0
Oceania,,2023,0
Oceania,,2024,0
Oman,OMN,1965,0
Oman,OMN,1966,0
Oman,OMN,1967,0
Oman,OMN,1968,0
Oman,OMN,1969,0
Oman,OMN,1970,0
Oman,OMN,1971,0
Oman,OMN,1972,0
Oman,OMN,1973,0
Oman,OMN,1974,0
Oman,OMN,1975,0
Oman,OMN,1976,0
Oman,OMN,1977,0
Oman,OMN,1978,0
Oman,OMN,1979,0
Oman,OMN,1980,0
Oman,OMN,1981,0
Oman,OMN,1982,0
Oman,OMN,1983,0
Oman,OMN,1984,0
Oman,OMN,1985,0
Oman,OMN,1986,0
Oman,OMN,1987,0
Oman,OMN,1988,0
Oman,OMN,1989,0
Oman,OMN,1990,0
Oman,OMN,1991,0
Oman,OMN,1992,0
Oman,OMN,1993,0
Oman,OMN,1994,0
Oman,OMN,1995,0
Oman,OMN,1996,0
Oman,OMN,1997,0
Oman,OMN,1998,0
Oman,OMN,1999,0
Oman,OMN,2000,0
Oman,OMN,2001,0
Oman,OMN,2002,0
Oman,OMN,2003,0
Oman,OMN,2004,0
Oman,OMN,2005,0
Oman,OMN,2006,0
Oman,OMN,2007,0
Oman,OMN,2008,0
Oman,OMN,2009,0
Oman,OMN,2010,0
Oman,OMN,2011,0
Oman,OMN,2012,0
Oman,OMN,2013,0
Oman,OMN,2014,0
Oman,OMN,2015,0
Oman,OMN,2016,0
Oman,OMN,2017,0
Oman,OMN,2018,0
Oman,OMN,2019,0
Oman,OMN,2020,0
Oman,OMN,2021,0
Oman,OMN,2022,0
Oman,OMN,2023,0
Oman,OMN,2024,0
Pakistan,PAK,1965,0
Pakistan,PAK,1966,0
Pakistan,PAK,1967,0
Pakistan,PAK,1968,0
Pakistan,PAK,1969,0
Pakistan,PAK,1970,0
Pakistan,PAK,1971,2.183376
Pakistan,PAK,1972,8.881295
Pakistan,PAK,1973,16.12763
Pakistan,PAK,1974,21.851555
Pakistan,PAK,1975,24.389212
Pakistan,PAK,1976,20.054455
Pakistan,PAK,1977,12.292418
Pakistan,PAK,1978,6.11333
Pakistan,PAK,1979,1.8647956
Pakistan,PAK,1980,2.6852264
Pakistan,PAK,1981,5.4368424
Pakistan,PAK,1982,6.3385997
Pakistan,PAK,1983,8.2526045
Pakistan,PAK,1984,9.674869
Pakistan,PAK,1985,10.997715
Pakistan,PAK,1986,14.377557
Pakistan,PAK,1987,8.057129
Pakistan,PAK,1988,4.96804
Pakistan,PAK,1989,2.9505513
Pakistan,PAK,1990,10.040244
Pakistan,PAK,1991,9.713697
Pakistan,PAK,1992,12.420502
Pakistan,PAK,1993,8.891522
Pakistan,PAK,1994,12.487546
Pakistan,PAK,1995,10.763537
Pakistan,PAK,1996,6.5563745
Pakistan,PAK,1997,8.785151
Pakistan,PAK,1998,7.4567046
Pakistan,PAK,1999,1.4676015
Pakistan,PAK,2000,16.96218
Pakistan,PAK,2001,36.179314
Pakistan,PAK,2002,31.823471
Pakistan,PAK,2003,31.057852
Pakistan,PAK,2004,38.209286
Pakistan,PAK,2005,38.883636
Pakistan,PAK,2006,37.692646
Pakistan,PAK,2007,33.414288
Pakistan,PAK,2008,24.323088
Pakistan,PAK,2009,34.349724
Pakistan,PAK,2010,33.225304
Pakistan,PAK,2011,50.114
Pakistan,PAK,2012,33.697765
Pakistan,PAK,2013,51.65112
Pakistan,PAK,2014,55.458942
Pakistan,PAK,2015,50.158363
Pakistan,PAK,2016,60.37988
Pakistan,PAK,2017,90.88575
Pakistan,PAK,2018,101.38009
Pakistan,PAK,2019,98.48039
Pakistan,PAK,2020,100.33813
Pakistan,PAK,2021,161.42111
Pakistan,PAK,2022,224.32541
Pakistan,PAK,2023,220.47015
Pakistan,PAK,2024,221.2637
Papua New Guinea,PNG,1980,0
Papua New Guinea,PNG,1981,0
Papua New Guinea,PNG,1982,0
Papua New Guinea,PNG,1983,0
Papua New Guinea,PNG,1984,0
Papua New Guinea,PNG,1985,0
Papua New Guinea,PNG,1986,0
Papua New Guinea,PNG,1987,0
Papua New Guinea,PNG,1988,0
Papua New Guinea,PNG,1989,0
Papua New Guinea,PNG,1990,0
Papua New Guinea,PNG,1991,0
Papua New Guinea,PNG,1992,0
Papua New Guinea,PNG,1993,0
Papua New Guinea,PNG,1994,0
Papua New Guinea,PNG,1995,0
Papua New Guinea,PNG,1996,0
Papua New Guinea,PNG,1997,0
Papua New Guinea,PNG,1998,0
Papua New Guinea,PNG,1999,0
Papua New Guinea,PNG,2000,0
Papua New Guinea,PNG,2001,0
Papua New Guinea,PNG,2002,0
Papua New Guinea,PNG,2003,0
Papua New Guinea,PNG,2004,0
Papua New Guinea,PNG,2005,0
Papua New Guinea,PNG,2006,0
Papua New Guinea,PNG,2007,0
Papua New Guinea,PNG,2008,0
Papua New Guinea,PNG,2009,0
Papua New Guinea,PNG,2010,0
Papua New Guinea,PNG,2011,0
Papua New Guinea,PNG,2012,0
Papua New Guinea,PNG,2013,0
Papua New Guinea,PNG,2014,0
Papua New Guinea,PNG,2015,0
Papua New Guinea,PNG,2016,0
Papua New Guinea,PNG,2017,0
Papua New Guinea,PNG,2018,0
Papua New Guinea,PNG,2019,0
Papua New Guinea,PNG,2020,0
Papua New Guinea,PNG,2021,0
Papua New Guinea,PNG,2022,0
Papua New Guinea,PNG,2023,0
Papua New Guinea,PNG,2024,0
Peru,PER,1965,0
Peru,PER,1966,0
Peru,PER,1967,0
Peru,PER,1968,0
Peru,PER,1969,0
Peru,PER,1970,0
Peru,PER,1971,0
Peru,PER,1972,0
Peru,PER,1973,0
Peru,PER,1974,0
Peru,PER,1975,0
Peru,PER,1976,0
Peru,PER,1977,0
Peru,PER,1978,0
Peru,PER,1979,0
Peru,PER,1980,0
Peru,PER,1981,0
Peru,PER,1982,0
Peru,PER,1983,0
Peru,PER,1984,0
Peru,PER,1985,0
Peru,PER,1986,0
Peru,PER,1987,0
Peru,PER,1988,0
Peru,PER,1989,0
Peru,PER,1990,0
Peru,PER,1991,0
Peru,PER,1992,0
Peru,PER,1993,0
Peru,PER,1994,0
Peru,PER,1995,0
Peru,PER,1996,0
Peru,PER,1997,0
Peru,PER,1998,0
Peru,PER,1999,0
Peru,PER,2000,0
Peru,PER,2001,0
Peru,PER,2002,0
Peru,PER,2003,0
Peru,PER,2004,0
Peru,PER,2005,0
Peru,PER,2006,0
Peru,PER,2007,0
Peru,PER,2008,0
Peru,PER,2009,0
Peru,PER,2010,0
Peru,PER,2011,0
Peru,PER,2012,0
Peru,PER,2013,0
Peru,PER,2014,0
Peru,PER,2015,0
Peru,PER,2016,0
Peru,PER,2017,0
Peru,PER,2018,0
Peru,PER,2019,0
Peru,PER,2020,0
Peru,PER,2021,0
Peru,PER,2022,0
Peru,PER,2023,0
Peru,PER,2024,0
Philippines,PHL,1965,0
Philippines,PHL,1966,0
Philippines,PHL,1967,0
Philippines,PHL,1968,0
Philippines,PHL,1969,0
Philippines,PHL,1970,0
Philippines,PHL,1971,0
Philippines,PHL,1972,0
Philippines,PHL,1973,0
Philippines,PHL,1974,0
Philippines,PHL,1975,0
Philippines,PHL,1976,0
Philippines,PHL,1977,0
Philippines,PHL,1978,0
Philippines,PHL,1979,0
Philippines,PHL,1980,0
Philippines,PHL,1981,0
Philippines,PHL,1982,0
Philippines,PHL,1983,0
Philippines,PHL,1984,0
Philippines,PHL,1985,0
Philippines,PHL,1986,0
Philippines,PHL,1987,0
Philippines,PHL,1988,0
Philippines,PHL,1989,0
Philippines,PHL,1990,0
Philippines,PHL,1991,0
Philippines,PHL,1992,0
Philippines,PHL,1993,0
Philippines,PHL,1994,0
Philippines,PHL,1995,0
Philippines,PHL,1996,0
Philippines,PHL,1997,0
Philippines,PHL,1998,0
Philippines,PHL,1999,0
Philippines,PHL,2000,0
Philippines,PHL,2001,0
Philippines,PHL,2002,0
Philippines,PHL,2003,0
Philippines,PHL,2004,0
Philippines,PHL,2005,0
Philippines,PHL,2006,0
Philippines,PHL,2007,0
Philippines,PHL,2008,0
Philippines,PHL,2009,0
Philippines,PHL,2010,0
Philippines,PHL,2011,0
Philippines,PHL,2012,0
Philippines,PHL,2013,0
Philippines,PHL,2014,0
Philippines,PHL,2015,0
Philippines,PHL,2016,0
Philippines,PHL,2017,0
Philippines,PHL,2018,0
Philippines,PHL,2019,0
Philippines,PHL,2020,0
Philippines,PHL,2021,0
Philippines,PHL,2022,0
Philippines,PHL,2023,0
Philippines,PHL,2024,0
Poland,POL,1965,0
Poland,POL,1966,0
Poland,POL,1967,0
Poland,POL,1968,0
Poland,POL,1969,0
Poland,POL,1970,0
Poland,POL,1971,0
Poland,POL,1972,0
Poland,POL,1973,0
Poland,POL,1974,0
Poland,POL,1975,0
Poland,POL,1976,0
Poland,POL,1977,0
Poland,POL,1978,0
Poland,POL,1979,0
Poland,POL,1980,0
Poland,POL,1981,0
Poland,POL,1982,0
Poland,POL,1983,0
Poland,POL,1984,0
Poland,POL,1985,0
Poland,POL,1986,0
Poland,POL,1987,0
Poland,POL,1988,0
Poland,POL,1989,0
Poland,POL,1990,0
Poland,POL,1991,0
Poland,POL,1992,0
Poland,POL,1993,0
Poland,POL,1994,0
Poland,POL,1995,0
Poland,POL,1996,0
Poland,POL,1997,0
Poland,POL,1998,0
Poland,POL,1999,0
Poland,POL,2000,0
Poland,POL,2001,0
Poland,POL,2002,0
Poland,POL,2003,0
Poland,POL,2004,0
Poland,POL,2005,0
Poland,POL,2006,0
Poland,POL,2007,0
Poland,POL,2008,0
Poland,POL,2009,0
Poland,POL,2010,0
Poland,POL,2011,0
Poland,POL,2012,0
Poland,POL,2013,0
Poland,POL,2014,0
Poland,POL,2015,0
Poland,POL,2016,0
Poland,POL,2017,0
Poland,POL,2018,0
Poland,POL,2019,0
Poland,POL,2020,0
Poland,POL,2021,0
Poland,POL,2022,0
Poland,POL,2023,0
Poland,POL,2024,0
Portugal,PRT,1965,0
Portugal,PRT,1966,0
Portugal,PRT,1967,0
Portugal,PRT,1968,0
Portugal,PRT,1969,0
Portugal,PRT,1970,0
Portugal,PRT,1971,0
Portugal,PRT,1972,0
Portugal,PRT,1973,0
Portugal,PRT,1974,0
Portugal,PRT,1975,0
Portugal,PRT,1976,0
Portugal,PRT,1977,0
Portugal,PRT,1978,0
Portugal,PRT,1979,0
Portugal,PRT,1980,0
Portugal,PRT,1981,0
Portugal,PRT,1982,0
Portugal,PRT,1983,0
Portugal,PRT,1984,0
Portugal,PRT,1985,0
Portugal,PRT,1986,0
Portugal,PRT,1987,0
Portugal,PRT,1988,0
Portugal,PRT,1989,0
Portugal,PRT,1990,0
Portugal,PRT,1991,0
Portugal,PRT,1992,0
Portugal,PRT,1993,0
Portugal,PRT,1994,0
Portugal,PRT,1995,0
Portugal,PRT,1996,0
Portugal,PRT,1997,0
Portugal,PRT,1998,0
Portugal,PRT,1999,0
Portugal,PRT,2000,0
Portugal,PRT,2001,0
Portugal,PRT,2002,0
Portugal,PRT,2003,0
Portugal,PRT,2004,0
Portugal,PRT,2005,0
Portugal,PRT,2006,0
Portugal,PRT,2007,0
Portugal,PRT,2008,0
Portugal,PRT,2009,0
Portugal,PRT,2010,0
Portugal,PRT,2011,0
Portugal,PRT,2012,0
Portugal,PRT,2013,0
Portugal,PRT,2014,0
Portugal,PRT,2015,0
Portugal,PRT,2016,0
Portugal,PRT,2017,0
Portugal,PRT,2018,0
Portugal,PRT,2019,0
Portugal,PRT,2020,0
Portugal,PRT,2021,0
Portugal,PRT,2022,0
Portugal,PRT,2023,0
Portugal,PRT,2024,0
Qatar,QAT,1965,0
Qatar,QAT,1966,0
Qatar,QAT,1967,0
Qatar,QAT,1968,0
Qatar,QAT,1969,0
Qatar,QAT,1970,0
Qatar,QAT,1971,0
Qatar,QAT,1972,0
Qatar,QAT,1973,0
Qatar,QAT,1974,0
Qatar,QAT,1975,0
Qatar,QAT,1976,0
Qatar,QAT,1977,0
Qatar,QAT,1978,0
Qatar,QAT,1979,0
Qatar,QAT,1980,0
Qatar,QAT,1981,0
Qatar,QAT,1982,0
Qatar,QAT,1983,0
Qatar,QAT,1984,0
Qatar,QAT,1985,0
Qatar,QAT,1986,0
Qatar,QAT,1987,0
Qatar,QAT,1988,0
Qatar,QAT,1989,0
Qatar,QAT,1990,0
Qatar,QAT,1991,0
Qatar,QAT,1992,0
Qatar,QAT,1993,0
Qatar,QAT,1994,0
Qatar,QAT,1995,0
Qatar,QAT,1996,0
Qatar,QAT,1997,0
Qatar,QAT,1998,0
Qatar,QAT,1999,0
Qatar,QAT,2000,0
Qatar,QAT,2001,0
Qatar,QAT,2002,0
Qatar,QAT,2003,0
Qatar,QAT,2004,0
Qatar,QAT,2005,0
Qatar,QAT,2006,0
Qatar,QAT,2007,0
Qatar,QAT,2008,0
Qatar,QAT,2009,0
Qatar,QAT,2010,0
Qatar,QAT,2011,0
Qatar,QAT,2012,0
Qatar,QAT,2013,0
Qatar,QAT,2014,0
Qatar,QAT,2015,0
Qatar,QAT,2016,0
Qatar,QAT,2017,0
Qatar,QAT,2018,0
Qatar,QAT,2019,0
Qatar,QAT,2020,0
Qatar,QAT,2021,0
Qatar,QAT,2022,0
Qatar,QAT,2023,0
Qatar,QAT,2024,0
Romania,ROU,1965,0
Romania,ROU,1966,0
Romania,ROU,1967,0
Romania,ROU,1968,0
Romania,ROU,1969,0
Romania,ROU,1970,0
Romania,ROU,1971,0
Romania,ROU,1972,0
Romania,ROU,1973,0
Romania,ROU,1974,0
Romania,ROU,1975,0
Romania,ROU,1976,0
Romania,ROU,1977,0
Romania,ROU,1978,0
Romania,ROU,1979,0
Romania,ROU,1980,0
Romania,ROU,1981,0
Romania,ROU,1982,0
Romania,ROU,1983,0
Romania,ROU,1984,0
Romania,ROU,1985,0
Romania,ROU,1986,0
Romania,ROU,1987,0
Romania,ROU,1988,0
Romania,ROU,1989,0
Romania,ROU,1990,0
Romania,ROU,1991,0
Romania,ROU,1992,0
Romania,ROU,1993,0
Romania,ROU,1994,0
Romania,ROU,1995,0
Romania,ROU,1996,170.79294
Romania,ROU,1997,669.2989
Romania,ROU,1998,661.5092
Romania,ROU,1999,651.39343
Romania,ROU,2000,687.44324
Romania,ROU,2001,686.3256
Romania,ROU,2002,693.80316
Romania,ROU,2003,619.0696
Romania,ROU,2004,702.47534
Romania,ROU,2005,703.9323
Romania,ROU,2006,715.8687
Romania,ROU,2007,982.3651
Romania,ROU,2008,1429.6259
Romania,ROU,2009,1499.0164
Romania,ROU,2010,1481.3712
Romania,ROU,2011,1500.5004
Romania,ROU,2012,1465.9886
Romania,ROU,2013,1481.07
Romania,ROU,2014,1487.8125
Romania,ROU,2015,1482.9817
Romania,ROU,2016,1433.8229
Romania,ROU,2017,1461.3188
Romania,ROU,2018,1444.085
Romania,ROU,2019,1431.7222
Romania,ROU,2020,1459.9025
Romania,ROU,2021,1443.9358
Romania,ROU,2022,1421.5066
Romania,ROU,2023,1427.6825
Romania,ROU,2024,1399.6581
Russia,RUS,1985,1921.5868
Russia,RUS,1986,2018.4126
Russia,RUS,1987,2370.176
Russia,RUS,1988,2541.2007
Russia,RUS,1989,2554.0413
Russia,RUS,1990,2206.213
Russia,RUS,1991,2230.1226
Russia,RUS,1992,2231.422
Russia,RUS,1993,2234.9294
Russia,RUS,1994,1833.474
Russia,RUS,1995,1864.422
Russia,RUS,1996,2045.1149
Russia,RUS,1997,2038.388
Russia,RUS,1998,1951.4835
Russia,RUS,1999,2299.201
Russia,RUS,2000,2474.8003
Russia,RUS,2001,2588.8347
Russia,RUS,2002,2658.8047
Russia,RUS,2003,2809.79
Russia,RUS,2004,2701.1963
Russia,RUS,2005,2778.3015
Russia,RUS,2006,2902.6338
Russia,RUS,2007,2959.0264
Russia,RUS,2008,2992.1077
Russia,RUS,2009,2984.3123
Russia,RUS,2010,3083.2664
Russia,RUS,2011,3110.4053
Russia,RUS,2012,3171.1023
Russia,RUS,2013,3051.0698
Russia,RUS,2014,3173.6445
Russia,RUS,2015,3405.6116
Russia,RUS,2016,3388.7397
Russia,RUS,2017,3473.997
Russia,RUS,2018,3475.4324
Russia,RUS,2019,3530.2017
Russia,RUS,2020,3642.2554
Russia,RUS,2021,3756.014
Russia,RUS,2022,3775.4507
Russia,RUS,2023,3645.4824
Russia,RUS,2024,3633.01
Saudi Arabia,SAU,1965,0
Saudi Arabia,SAU,1966,0
Saudi Arabia,SAU,1967,0
Saudi Arabia,SAU,1968,0
Saudi Arabia,SAU,1969,0
Saudi Arabia,SAU,1970,0
Saudi Arabia,SAU,1971,0
Saudi Arabia,SAU,1972,0
Saudi Arabia,SAU,1973,0
Saudi Arabia,SAU,1974,0
Saudi Arabia,SAU,1975,0
Saudi Arabia,SAU,1976,0
Saudi Arabia,SAU,1977,0
Saudi Arabia,SAU,1978,0
Saudi Arabia,SAU,1979,0
Saudi Arabia,SAU,1980,0
Saudi Arabia,SAU,1981,0
Saudi Arabia,SAU,1982,0
Saudi Arabia,SAU,1983,0
Saudi Arabia,SAU,1984,0
Saudi Arabia,SAU,1985,0
Saudi Arabia,SAU,1986,0
Saudi Arabia,SAU,1987,0
Saudi Arabia,SAU,1988,0
Saudi Arabia,SAU,1989,0
Saudi Arabia,SAU,1990,0
Saudi Arabia,SAU,1991,0
Saudi Arabia,SAU,1992,0
Saudi Arabia,SAU,1993,0
Saudi Arabia,SAU,1994,0
Saudi Arabia,SAU,1995,0
Saudi Arabia,SAU,1996,0
Saudi Arabia,SAU,1997,0
Saudi Arabia,SAU,1998,0
Saudi Arabia,SAU,1999,0
Saudi Arabia,SAU,2000,0
Saudi Arabia,SAU,2001,0
Saudi Arabia,SAU,2002,0
Saudi Arabia,SAU,2003,0
Saudi Arabia,SAU,2004,0
Saudi Arabia,SAU,2005,0
Saudi Arabia,SAU,2006,0
Saudi Arabia,SAU,2007,0
Saudi Arabia,SAU,2008,0
Saudi Arabia,SAU,2009,0
Saudi Arabia,SAU,2010,0
Saudi Arabia,SAU,2011,0
Saudi Arabia,SAU,2012,0
Saudi Arabia,SAU,2013,0
Saudi Arabia,SAU,2014,0
Saudi Arabia,SAU,2015,0
Saudi Arabia,SAU,2016,0
Saudi Arabia,SAU,2017,0
Saudi Arabia,SAU,2018,0
Saudi Arabia,SAU,2019,0
Saudi Arabia,SAU,2020,0
Saudi Arabia,SAU,2021,0
Saudi Arabia,SAU,2022,0
Saudi Arabia,SAU,2023,0
Saudi Arabia,SAU,2024,0
Serbia,SRB,2007,0
Serbia,SRB,2008,0
Serbia,SRB,2009,0
Serbia,SRB,2010,0
Serbia,SRB,2011,0
Serbia,SRB,2012,0
Serbia,SRB,2013,0
Serbia,SRB,2014,0
Serbia,SRB,2015,0
Serbia,SRB,2016,0
Serbia,SRB,2017,0
Serbia,SRB,2018,0
Serbia,SRB,2019,0
Serbia,SRB,2020,0
Serbia,SRB,2021,0
Serbia,SRB,2022,0
Serbia,SRB,2023,0
Serbia,SRB,2024,0
Singapore,SGP,1965,0
Singapore,SGP,1966,0
Singapore,SGP,1967,0
Singapore,SGP,1968,0
Singapore,SGP,1969,0
Singapore,SGP,1970,0
Singapore,SGP,1971,0
Singapore,SGP,1972,0
Singapore,SGP,1973,0
Singapore,SGP,1974,0
Singapore,SGP,1975,0
Singapore,SGP,1976,0
Singapore,SGP,1977,0
Singapore,SGP,1978,0
Singapore,SGP,1979,0
Singapore,SGP,1980,0
Singapore,SGP,1981,0
Singapore,SGP,1982,0
Singapore,SGP,1983,0
Singapore,SGP,1984,0
Singapore,SGP,1985,0
Singapore,SGP,1986,0
Singapore,SGP,1987,0
Singapore,SGP,1988,0
Singapore,SGP,1989,0
Singapore,SGP,1990,0
Singapore,SGP,1991,0
Singapore,SGP,1992,0
Singapore,SGP,1993,0
Singapore,SGP,1994,0
Singapore,SGP,1995,0
Singapore,SGP,1996,0
Singapore,SGP,1997,0
Singapore,SGP,1998,0
Singapore,SGP,1999,0
Singapore,SGP,2000,0
Singapore,SGP,2001,0
Singapore,SGP,2002,0
Singapore,SGP,2003,0
Singapore,SGP,2004,0
Singapore,SGP,2005,0
Singapore,SGP,2006,0
Singapore,SGP,2007,0
Singapore,SGP,2008,0
Singapore,SGP,2009,0
Singapore,SGP,2010,0
Singapore,SGP,2011,0
Singapore,SGP,2012,0
Singapore,SGP,2013,0
Singapore,SGP,2014,0
Singapore,SGP,2015,0
Singapore,SGP,2016,0
Singapore,SGP,2017,0
Singapore,SGP,2018,0
Singapore,SGP,2019,0
Singapore,SGP,2020,0
Singapore,SGP,2021,0
Singapore,SGP,2022,0
Singapore,SGP,2023,0
Singapore,SGP,2024,0
Slovakia,SVK,1965,0
Slovakia,SVK,1966,0
Slovakia,SVK,1967,0
Slovakia,SVK,1968,0
Slovakia,SVK,1969,0
Slovakia,SVK,1970,0
Slovakia,SVK,1971,0
Slovakia,SVK,1972,1.8116721
Slovakia,SVK,1973,138.77873
Slovakia,SVK,1974,287.80676
Slovakia,SVK,1975,109.606514
Slovakia,SVK,1976,256.40063
Slovakia,SVK,1977,65.45797
Slovakia,SVK,1978,10.802427
Slovakia,SVK,1979,1208.8676
Slovakia,SVK,1980,2524.5627
Slovakia,SVK,1981,2843.1597
Slovakia,SVK,1982,3211.1694
Slovakia,SVK,1983,3358.6008
Slovakia,SVK,1984,3927.8735
Slovakia,SVK,1985,5059.266
Slovakia,SVK,1986,6282.6016
Slovakia,SVK,1987,6143.157
Slovakia,SVK,1988,6094.49
Slovakia,SVK,1989,6432.3584
Slovakia,SVK,1990,6348.8125
Slovakia,SVK,1991,6143.8423
Slovakia,SVK,1992,5784.3706
Slovakia,SVK,1993,5990.12
Slovakia,SVK,1994,6547.7456
Slovakia,SVK,1995,5933.459
Slovakia,SVK,1996,5827.0635
Slovakia,SVK,1997,5728.042
Slovakia,SVK,1998,5888.59
Slovakia,SVK,1999,6774.897
Slovakia,SVK,2000,8516.106
Slovakia,SVK,2001,8782.675
Slovakia,SVK,2002,9146.37
Slovakia,SVK,2003,9053.937
Slovakia,SVK,2004,8582.699
Slovakia,SVK,2005,8862.917
Slovakia,SVK,2006,8957.001
Slovakia,SVK,2007,7584.5205
Slovakia,SVK,2008,8193.009
Slovakia,SVK,2009,6863.045
Slovakia,SVK,2010,7038.971
Slovakia,SVK,2011,7396.09
Slovakia,SVK,2012,7388.802
Slovakia,SVK,2013,7430.9556
Slovakia,SVK,2014,7282.7188
Slovakia,SVK,2015,7074.232
Slovakia,SVK,2016,6839.6553
Slovakia,SVK,2017,6936.0864
Slovakia,SVK,2018,6783.269
Slovakia,SVK,2019,6939.8857
Slovakia,SVK,2020,6990.493
Slovakia,SVK,2021,7118.4106
Slovakia,SVK,2022,7146.736
Slovakia,SVK,2023,8103.3296
Slovakia,SVK,2024,8083.152
Slovenia,SVN,1990,6425.8384
Slovenia,SVN,1991,6880.5605
Slovenia,SVN,1992,5526.712
Slovenia,SVN,1993,5519.794
Slovenia,SVN,1994,6439.1807
Slovenia,SVN,1995,6677.2354
Slovenia,SVN,1996,6378.2324
Slovenia,SVN,1997,7025.619
Slovenia,SVN,1998,7040.993
Slovenia,SVN,1999,6584.119
Slovenia,SVN,2000,6656.3755
Slovenia,SVN,2001,7298.6963
Slovenia,SVN,2002,7604.652
Slovenia,SVN,2003,7120.7114
Slovenia,SVN,2004,7420.9595
Slovenia,SVN,2005,7920.82
Slovenia,SVN,2006,7405.574
Slovenia,SVN,2007,7519.9014
Slovenia,SVN,2008,8173.193
Slovenia,SVN,2009,7399.743
Slovenia,SVN,2010,7205.1704
Slovenia,SVN,2011,7858.745
Slovenia,SVN,2012,6938.718
Slovenia,SVN,2013,6591.444
Slovenia,SVN,2014,7874.412
Slovenia,SVN,2015,6941.3145
Slovenia,SVN,2016,6965.869
Slovenia,SVN,2017,7618.844
Slovenia,SVN,2018,6943.398
Slovenia,SVN,2019,6915.9976
Slovenia,SVN,2020,7460.847
Slovenia,SVN,2021,6649.681
Slovenia,SVN,2022,6511.2256
Slovenia,SVN,2023,6451.0513
Slovenia,SVN,2024,6718.044
South Africa,ZAF,1965,0
South Africa,ZAF,1966,0
South Africa,ZAF,1967,0
South Africa,ZAF,1968,0
South Africa,ZAF,1969,0
South Africa,ZAF,1970,0
South Africa,ZAF,1971,0
South Africa,ZAF,1972,0
South Africa,ZAF,1973,0
South Africa,ZAF,1974,0
South Africa,ZAF,1975,0
South Africa,ZAF,1976,0
South Africa,ZAF,1977,0
South Africa,ZAF,1978,0
South Africa,ZAF,1979,0
South Africa,ZAF,1980,0
South Africa,ZAF,1981,0
South Africa,ZAF,1982,0
South Africa,ZAF,1983,0
South Africa,ZAF,1984,321.68423
South Africa,ZAF,1985,421.31863
South Africa,ZAF,1986,675.8548
South Africa,ZAF,1987,458.94193
South Africa,ZAF,1988,757.4514
South Africa,ZAF,1989,777.988
South Africa,ZAF,1990,575.9899
South Africa,ZAF,1991,609.2894
South Africa,ZAF,1992,607.86676
South Africa,ZAF,1993,465.45267
South Africa,ZAF,1994,612.1267
South Africa,ZAF,1995,704.7725
South Africa,ZAF,1996,724.8701
South Africa,ZAF,1997,769.27936
South Africa,ZAF,1998,817.33826
South Africa,ZAF,1999,763.0661
South Africa,ZAF,2000,766.3085
South Africa,ZAF,2001,622.5034
South Africa,ZAF,2002,684.141
South Africa,ZAF,2003,711.4192
South Africa,ZAF,2004,739.30994
South Africa,ZAF,2005,613.388
South Africa,ZAF,2006,536.1682
South Africa,ZAF,2007,595.67096
South Africa,ZAF,2008,671.2631
South Africa,ZAF,2009,649.7682
South Africa,ZAF,2010,672.98126
South Africa,ZAF,2011,630.7149
South Africa,ZAF,2012,621.4136
South Africa,ZAF,2013,659.7937
South Africa,ZAF,2014,631.3398
South Africa,ZAF,2015,546.1533
South Africa,ZAF,2016,659.3445
South Africa,ZAF,2017,615.63983
South Africa,ZAF,2018,491.46042
South Africa,ZAF,2019,550.4807
South Africa,ZAF,2020,403.74658
South Africa,ZAF,2021,494.79263
South Africa,ZAF,2022,397.8255
South Africa,ZAF,2023,312.53525
South Africa,ZAF,2024,297.22275
South America,,1965,0
South America,,1966,0
South America,,1967,0
South America,,1968,0
South America,,1969,0
South America,,1970,0
South America,,1971,0
South America,,1972,0
South America,,1973,0
South America,,1974,13.684849
South America,,1975,32.508358
South America,,1976,32.483154
South America,,1977,20.21516
South America,,1978,34.966114
South America,,1979,31.782429
South America,,1980,27.01583
South America,,1981,31.797106
South America,,1982,20.65687
South America,,1983,36.80375
South America,,1984,66.48016
South America,,1985,94.76218
South America,,1986,59.43236
South America,,1987,74.01181
South America,,1988,62.510452
South America,,1989,65.75927
South America,,1990,89.42946
South America,,1991,84.87363
South America,,1992,80.14578
South America,,1993,73.00175
South America,,1994,72.646576
South America,,1995,82.62481
South America,,1996,83.8624
South America,,1997,92.94257
South America,,1998,88.11785
South America,,1999,89.745094
South America,,2000,97.560196
South America,,2001,167.07135
South America,,2002,150.66028
South America,,2003,157.5089
South America,,2004,144.09209
South America,,2005,121.30613
South America,,2006,153.15062
South America,,2007,137.55345
South America,,2008,147.15918
South America,,2009,143.40898
South America,,2010,144.85948
South America,,2011,144.8716
South America,,2012,145.22363
South America,,2013,137.77324
South America,,2014,131.00014
South America,,2015,134.5684
South America,,2016,146.77666
South America,,2017,130.84425
South America,,2018,133.39417
South America,,2019,143.5937
South America,,2020,139.40428
South America,,2021,143.03575
South America,,2022,125.72396
South America,,2023,132.17728
South America,,2024,146.84505
South Korea,KOR,1965,0
South Korea,KOR,1966,0
South Korea,KOR,1967,0
South Korea,KOR,1968,0
South Korea,KOR,1969,0
South Korea,KOR,1970,0
South Korea,KOR,1971,0
South Korea,KOR,1972,0
South Korea,KOR,1973,0
South Korea,KOR,1974,0
South Korea,KOR,1975,0
South Korea,KOR,1976,0
South Korea,KOR,1977,5.388085
South Korea,KOR,1978,173.18307
South Korea,KOR,1979,232.16867
South Korea,KOR,1980,253.23755
South Korea,KOR,1981,208.01137
South Korea,KOR,1982,266.60297
South Korea,KOR,1983,622.5588
South Korea,KOR,1984,806.8248
South Korea,KOR,1985,1130.4012
South Korea,KOR,1986,1885.069
South Korea,KOR,1987,2580.3567
South Korea,KOR,1988,2595.1309
South Korea,KOR,1989,3022.8748
South Korea,KOR,1990,3332.6306
South Korea,KOR,1991,3519.8413
South Korea,KOR,1992,3516.5813
South Korea,KOR,1993,3597.7544
South Korea,KOR,1994,3609.9304
South Korea,KOR,1995,4103.9707
South Korea,KOR,1996,4499.3696
South Korea,KOR,1997,4660.8535
South Korea,KOR,1998,5388.952
South Korea,KOR,1999,6156.6865
South Korea,KOR,2000,6472.069
South Korea,KOR,2001,6584.544
South Korea,KOR,2002,6898.8457
South Korea,KOR,2003,7436.2896
South Korea,KOR,2004,7426.885
South Korea,KOR,2005,8245.636
South Korea,KOR,2006,8284.797
South Korea,KOR,2007,7890.553
South Korea,KOR,2008,8236.866
South Korea,KOR,2009,7989.214
South Korea,KOR,2010,7934.6597
South Korea,KOR,2011,8159.0947
South Korea,KOR,2012,7811.3853
South Korea,KOR,2013,7088.834
South Korea,KOR,2014,7874.72
South Korea,KOR,2015,8181.406
South Korea,KOR,2016,7934.5034
South Korea,KOR,2017,7207.1025
South Korea,KOR,2018,6431.001
South Korea,KOR,2019,6976.5806
South Korea,KOR,2020,7626.821
South Korea,KOR,2021,7506.501
South Korea,KOR,2022,8353.498
South Korea,KOR,2023,8507.057
South Korea,KOR,2024,8901.728
South Sudan,SSD,2012,0
South Sudan,SSD,2013,0
South Sudan,SSD,2014,0
South Sudan,SSD,2015,0
South Sudan,SSD,2016,0
South Sudan,SSD,2017,0
South Sudan,SSD,2018,0
South Sudan,SSD,2019,0
South Sudan,SSD,2020,0
South Sudan,SSD,2021,0
South Sudan,SSD,2022,0
South Sudan,SSD,2023,0
South Sudan,SSD,2024,0
Spain,ESP,1965,0
Spain,ESP,1966,0
Spain,ESP,1967,0
Spain,ESP,1968,6.9506993
Spain,ESP,1969,68.74591
Spain,ESP,1970,75.826164
Spain,ESP,1971,205.1773
Spain,ESP,1972,382.0867
Spain,ESP,1973,520.53723
Spain,ESP,1974,567.38934
Spain,ESP,1975,585.41986
Spain,ESP,1976,580.10706
Spain,ESP,1977,495.80286
Spain,ESP,1978,575.7279
Spain,ESP,1979,499.89056
Spain,ESP,1980,383.76376
Spain,ESP,1981,702.87946
Spain,ESP,1982,640.36127
Spain,ESP,1983,774.15356
Spain,ESP,1984,1668.3657
Spain,ESP,1985,2018.066
Spain,ESP,1986,2686.152
Spain,ESP,1987,2950.7268
Spain,ESP,1988,3598.8496
Spain,ESP,1989,3994.5508
Spain,ESP,1990,3856.8386
Spain,ESP,1991,3938.1746
Spain,ESP,1992,3930.7114
Spain,ESP,1993,3927.259
Spain,ESP,1994,3854.7954
Spain,ESP,1995,3845.9714
Spain,ESP,1996,3888.7283
Spain,ESP,1997,3799.8767
Spain,ESP,1998,4034.4602
Spain,ESP,1999,4005.546
Spain,ESP,2000,4212.467
Spain,ESP,2001,4266.854
Spain,ESP,2002,4134.682
Spain,ESP,2003,3966.3713
Spain,ESP,2004,3986.949
Spain,ESP,2005,3518.6228
Spain,ESP,2006,3596.892
Spain,ESP,2007,3219.7231
Spain,ESP,2008,3365.446
Spain,ESP,2009,2969.4553
Spain,ESP,2010,3425.49
Spain,ESP,2011,3182.3064
Spain,ESP,2012,3369.4912
Spain,ESP,2013,3096.2805
Spain,ESP,2014,3121.0117
Spain,ESP,2015,3107.637
Spain,ESP,2016,3151.618
Spain,ESP,2017,3099.7314
Spain,ESP,2018,2945.7017
Spain,ESP,2019,3041.0056
Spain,ESP,2020,3019.102
Spain,ESP,2021,2918.5764
Spain,ESP,2022,3009.8398
Spain,ESP,2023,2895.2214
Spain,ESP,2024,2780.2715
Sri Lanka,LKA,1965,0
Sri Lanka,LKA,1966,0
Sri Lanka,LKA,1967,0
Sri Lanka,LKA,1968,0
Sri Lanka,LKA,1969,0
Sri Lanka,LKA,1970,0
Sri Lanka,LKA,1971,0
Sri Lanka,LKA,1972,0
Sri Lanka,LKA,1973,0
Sri Lanka,LKA,1974,0
Sri Lanka,LKA,1975,0
Sri Lanka,LKA,1976,0
Sri Lanka,LKA,1977,0
Sri Lanka,LKA,1978,0
Sri Lanka,LKA,1979,0
Sri Lanka,LKA,1980,0
Sri Lanka,LKA,1981,0
Sri Lanka,LKA,1982,0
Sri Lanka,LKA,1983,0
Sri Lanka,LKA,1984,0
Sri Lanka,LKA,1985,0
Sri Lanka,LKA,1986,0
Sri Lanka,LKA,1987,0
Sri Lanka,LKA,1988,0
Sri Lanka,LKA,1989,0
Sri Lanka,LKA,1990,0
Sri Lanka,LKA,1991,0
Sri Lanka,LKA,1992,0
Sri Lanka,LKA,1993,0
Sri Lanka,LKA,1994,0
Sri Lanka,LKA,1995,0
Sri Lanka,LKA,1996,0
Sri Lanka,LKA,1997,0
Sri Lanka,LKA,1998,0
Sri Lanka,LKA,1999,0
Sri Lanka,LKA,2000,0
Sri Lanka,LKA,2001,0
Sri Lanka,LKA,2002,0
Sri Lanka,LKA,2003,0
Sri Lanka,LKA,2004,0
Sri Lanka,LKA,2005,0
Sri Lanka,LKA,2006,0
Sri Lanka,LKA,2007,0
Sri Lanka,LKA,2008,0
Sri Lanka,LKA,2009,0
Sri Lanka,LKA,2010,0
Sri Lanka,LKA,2011,0
Sri Lanka,LKA,2012,0
Sri Lanka,LKA,2013,0
Sri Lanka,LKA,2014,0
Sri Lanka,LKA,2015,0
Sri Lanka,LKA,2016,0
Sri Lanka,LKA,2017,0
Sri Lanka,LKA,2018,0
Sri Lanka,LKA,2019,0
Sri Lanka,LKA,2020,0
Sri Lanka,LKA,2021,0
Sri Lanka,LKA,2022,0
Sri Lanka,LKA,2023,0
Sri Lanka,LKA,2024,0
Sudan,SDN,1965,0
Sudan,SDN,1966,0
Sudan,SDN,1967,0
Sudan,SDN,1968,0
Sudan,SDN,1969,0
Sudan,SDN,1970,0
Sudan,SDN,1971,0
Sudan,SDN,1972,0
Sudan,SDN,1973,0
Sudan,SDN,1974,0
Sudan,SDN,1975,0
Sudan,SDN,1976,0
Sudan,SDN,1977,0
Sudan,SDN,1978,0
Sudan,SDN,1979,0
Sudan,SDN,1980,0
Sudan,SDN,1981,0
Sudan,SDN,1982,0
Sudan,SDN,1983,0
Sudan,SDN,1984,0
Sudan,SDN,1985,0
Sudan,SDN,1986,0
Sudan,SDN,1987,0
Sudan,SDN,1988,0
Sudan,SDN,1989,0
Sudan,SDN,1990,0
Sudan,SDN,1991,0
Sudan,SDN,1992,0
Sudan,SDN,1993,0
Sudan,SDN,1994,0
Sudan,SDN,1995,0
Sudan,SDN,1996,0
Sudan,SDN,1997,0
Sudan,SDN,1998,0
Sudan,SDN,1999,0
Sudan,SDN,2000,0
Sudan,SDN,2001,0
Sudan,SDN,2002,0
Sudan,SDN,2003,0
Sudan,SDN,2004,0
Sudan,SDN,2005,0
Sudan,SDN,2006,0
Sudan,SDN,2007,0
Sudan,SDN,2008,0
Sudan,SDN,2009,0
Sudan,SDN,2010,0
Sudan,SDN,2011,0
Sudan,SDN,2012,0
Sudan,SDN,2013,0
Sudan,SDN,2014,0
Sudan,SDN,2015,0
Sudan,SDN,2016,0
Sudan,SDN,2017,0
Sudan,SDN,2018,0
Sudan,SDN,2019,0
Sudan,SDN,2020,0
Sudan,SDN,2021,0
Sudan,SDN,2022,0
Sudan,SDN,2023,0
Sudan,SDN,2024,0
Sweden,SWE,1965,6.4657865
Sweden,SWE,1966,16.014175
Sweden,SWE,1967,17.655958
Sweden,SWE,1968,8.074809
Sweden,SWE,1969,21.265583
Sweden,SWE,1970,19.341011
Sweden,SWE,1971,30.871424
Sweden,SWE,1972,501.0134
Sweden,SWE,1973,720.6304
Sweden,SWE,1974,699.1557
Sweden,SWE,1975,4058.181
Sweden,SWE,1976,5402.9287
Sweden,SWE,1977,6703.3335
Sweden,SWE,1978,7982.115
Sweden,SWE,1979,7046.471
Sweden,SWE,1980,8853.624
Sweden,SWE,1981,12579.099
Sweden,SWE,1982,13027.746
Sweden,SWE,1983,13675.251
Sweden,SWE,1984,16968.922
Sweden,SWE,1985,19480.79
Sweden,SWE,1986,23215.738
Sweden,SWE,1987,22289.633
Sweden,SWE,1988,22858.732
Sweden,SWE,1989,21457.01
Sweden,SWE,1990,22130.186
Sweden,SWE,1991,24744.818
Sweden,SWE,1992,20364.527
Sweden,SWE,1993,19561.932
Sweden,SWE,1994,23144.271
Sweden,SWE,1995,22009.666
Sweden,SWE,1996,23338.117
Sweden,SWE,1997,21959.629
Sweden,SWE,1998,23094.148
Sweden,SWE,1999,22951.807
Sweden,SWE,2000,17945.145
Sweden,SWE,2001,22391.607
Sweden,SWE,2002,20908.07
Sweden,SWE,2003,20504.934
Sweden,SWE,2004,23403.943
Sweden,SWE,2005,21640.12
Sweden,SWE,2006,19721.486
Sweden,SWE,2007,19469.201
Sweden,SWE,2008,18283.547
Sweden,SWE,2009,14726.364
Sweden,SWE,2010,16030.001
Sweden,SWE,2011,16580.338
Sweden,SWE,2012,17337.469
Sweden,SWE,2013,17703.6
Sweden,SWE,2014,17024.844
Sweden,SWE,2015,14557.272
Sweden,SWE,2016,15977.071
Sweden,SWE,2017,16329.49
Sweden,SWE,2018,16758.076
Sweden,SWE,2019,15924.294
Sweden,SWE,2020,11732.693
Sweden,SWE,2021,12524.3955
Sweden,SWE,2022,12169.696
Sweden,SWE,2023,11204.07
Sweden,SWE,2024,11635.574
Switzerland,CHE,1965,0
Switzerland,CHE,1966,0
Switzerland,CHE,1967,0
Switzerland,CHE,1968,0
Switzerland,CHE,1969,242.1815
Switzerland,CHE,1970,793.66077
Switzerland,CHE,1971,621.8502
Switzerland,CHE,1972,1703.6447
Switzerland,CHE,1973,2778.9192
Switzerland,CHE,1974,3095.6277
Switzerland,CHE,1975,3401.119
Switzerland,CHE,1976,3499.021
Switzerland,CHE,1977,3588.215
Switzerland,CHE,1978,3712.0786
Switzerland,CHE,1979,5209.3936
Switzerland,CHE,1980,6305.5312
Switzerland,CHE,1981,6701.223
Switzerland,CHE,1982,6576.5635
Switzerland,CHE,1983,6798.066
Switzerland,CHE,1984,7950.7744
Switzerland,CHE,1985,9616.0625
Switzerland,CHE,1986,9576
Switzerland,CHE,1987,9693.772
Switzerland,CHE,1988,9534.419
Switzerland,CHE,1989,9475.519
Switzerland,CHE,1990,9712.081
Switzerland,CHE,1991,9315.335
Switzerland,CHE,1992,9408.119
Switzerland,CHE,1993,9283.842
Switzerland,CHE,1994,9609.462
Switzerland,CHE,1995,9753.951
Switzerland,CHE,1996,9806.975
Switzerland,CHE,1997,9887.015
Switzerland,CHE,1998,10020.888
Switzerland,CHE,1999,9627.598
Switzerland,CHE,2000,10154.547
Switzerland,CHE,2001,10177.632
Switzerland,CHE,2002,10179.466
Switzerland,CHE,2003,10141.943
Switzerland,CHE,2004,9824.883
Switzerland,CHE,2005,8384.079
Switzerland,CHE,2006,9876.873
Switzerland,CHE,2007,9774.371
Switzerland,CHE,2008,9497.692
Switzerland,CHE,2009,9326.082
Switzerland,CHE,2010,8828.886
Switzerland,CHE,2011,8807.103
Switzerland,CHE,2012,8257.008
Switzerland,CHE,2013,8275.229
Switzerland,CHE,2014,8623.775
Switzerland,CHE,2015,7107.819
Switzerland,CHE,2016,6390.2334
Switzerland,CHE,2017,6069.955
Switzerland,CHE,2018,7131.1543
Switzerland,CHE,2019,7295.141
Switzerland,CHE,2020,6569.6304
Switzerland,CHE,2021,5241.7935
Switzerland,CHE,2022,6459.001
Switzerland,CHE,2023,6415.848
Switzerland,CHE,2024,6282.922
Syria,SYR,1965,0
Syria,SYR,1966,0
Syria,SYR,1967,0
Syria,SYR,1968,0
Syria,SYR,1969,0
Syria,SYR,1970,0
Syria,SYR,1971,0
Syria,SYR,1972,0
Syria,SYR,1973,0
Syria,SYR,1974,0
Syria,SYR,1975,0
Syria,SYR,1976,0
Syria,SYR,1977,0
Syria,SYR,1978,0
Syria,SYR,1979,0
Syria,SYR,1980,0
Syria,SYR,1981,0
Syria,SYR,1982,0
Syria,SYR,1983,0
Syria,SYR,1984,0
Syria,SYR,1985,0
Syria,SYR,1986,0
Syria,SYR,1987,0
Syria,SYR,1988,0
Syria,SYR,1989,0
Syria,SYR,1990,0
Syria,SYR,1991,0
Syria,SYR,1992,0
Syria,SYR,1993,0
Syria,SYR,1994,0
Syria,SYR,1995,0
Syria,SYR,1996,0
Syria,SYR,1997,0
Syria,SYR,1998,0
Syria,SYR,1999,0
Syria,SYR,2000,0
Syria,SYR,2001,0
Syria,SYR,2002,0
Syria,SYR,2003,0
Syria,SYR,2004,0
Syria,SYR,2005,0
Syria,SYR,2006,0
Syria,SYR,2007,0
Syria,SYR,2008,0
Syria,SYR,2009,0
Syria,SYR,2010,0
Syria,SYR,2011,0
Syria,SYR,2012,0
Syria,SYR,2013,0
Syria,SYR,2014,0
Syria,SYR,2015,0
Syria,SYR,2016,0
Syria,SYR,2017,0
Syria,SYR,2018,0
Syria,SYR,2019,0
Syria,SYR,2020,0
Syria,SYR,2021,0
Syria,SYR,2022,0
Syria,SYR,2023,0
Syria,SYR,2024,0
Taiwan,TWN,1965,0
Taiwan,TWN,1966,0
Taiwan,TWN,1967,0
Taiwan,TWN,1968,0
Taiwan,TWN,1969,0
Taiwan,TWN,1970,0
Taiwan,TWN,1971,0
Taiwan,TWN,1972,0
Taiwan,TWN,1973,0
Taiwan,TWN,1974,0
Taiwan,TWN,1975,0
Taiwan,TWN,1976,0
Taiwan,TWN,1977,16.15737
Taiwan,TWN,1978,426.88974
Taiwan,TWN,1979,991.24744
Taiwan,TWN,1980,1259.225
Taiwan,TWN,1981,1609.3851
Taiwan,TWN,1982,1941.094
Taiwan,TWN,1983,2760.4111
Taiwan,TWN,1984,3537.7563
Taiwan,TWN,1985,4077.1377
Taiwan,TWN,1986,3778.432
Taiwan,TWN,1987,4597.5195
Taiwan,TWN,1988,4210.038
Taiwan,TWN,1989,3846.6702
Taiwan,TWN,1990,4432.8584
Taiwan,TWN,1991,4717.023
Taiwan,TWN,1992,4480.608
Taiwan,TWN,1993,4506.7134
Taiwan,TWN,1994,4535.373
Taiwan,TWN,1995,4555.4346
Taiwan,TWN,1996,4835.068
Taiwan,TWN,1997,4603.4727
Taiwan,TWN,1998,4644.3984
Taiwan,TWN,1999,4754.822
Taiwan,TWN,2000,4789.003
Taiwan,TWN,2001,4367.2676
Taiwan,TWN,2002,4801.9077
Taiwan,TWN,2003,4675.74
Taiwan,TWN,2004,4705.0835
Taiwan,TWN,2005,4707.643
Taiwan,TWN,2006,4652.2915
Taiwan,TWN,2007,4686.282
Taiwan,TWN,2008,4666.095
Taiwan,TWN,2009,4710.2793
Taiwan,TWN,2010,4667.922
Taiwan,TWN,2011,4688.253
Taiwan,TWN,2012,4462.429
Taiwan,TWN,2013,4547.769
Taiwan,TWN,2014,4595.1025
Taiwan,TWN,2015,3924.133
Taiwan,TWN,2016,3372.7927
Taiwan,TWN,2017,2374.3892
Taiwan,TWN,2018,2910.1243
Taiwan,TWN,2019,3379.5737
Taiwan,TWN,2020,3280.595
Taiwan,TWN,2021,2905.2664
Taiwan,TWN,2022,2492.1174
Taiwan,TWN,2023,1862.1232
Taiwan,TWN,2024,1279.7466
Thailand,THA,1965,0
Thailand,THA,1966,0
Thailand,THA,1967,0
Thailand,THA,1968,0
Thailand,THA,1969,0
Thailand,THA,1970,0
Thailand,THA,1971,0
Thailand,THA,1972,0
Thailand,THA,1973,0
Thailand,THA,1974,0
Thailand,THA,1975,0
Thailand,THA,1976,0
Thailand,THA,1977,0
Thailand,THA,1978,0
Thailand,THA,1979,0
Thailand,THA,1980,0
Thailand,THA,1981,0
Thailand,THA,1982,0
Thailand,THA,1983,0
Thailand,THA,1984,0
Thailand,THA,1985,0
Thailand,THA,1986,0
Thailand,THA,1987,0
Thailand,THA,1988,0
Thailand,THA,1989,0
Thailand,THA,1990,0
Thailand,THA,1991,0
Thailand,THA,1992,0
Thailand,THA,1993,0
Thailand,THA,1994,0
Thailand,THA,1995,0
Thailand,THA,1996,0
Thailand,THA,1997,0
Thailand,THA,1998,0
Thailand,THA,1999,0
Thailand,THA,2000,0
Thailand,THA,2001,0
Thailand,THA,2002,0
Thailand,THA,2003,0
Thailand,THA,2004,0
Thailand,THA,2005,0
Thailand,THA,2006,0
Thailand,THA,2007,0
Thailand,THA,2008,0
Thailand,THA,2009,0
Thailand,THA,2010,0
Thailand,THA,2011,0
Thailand,THA,2012,0
Thailand,THA,2013,0
Thailand,THA,2014,0
Thailand,THA,2015,0
Thailand,THA,2016,0
Thailand,THA,2017,0
Thailand,THA,2018,0
Thailand,THA,2019,0
Thailand,THA,2020,0
Thailand,THA,2021,0
Thailand,THA,2022,0
Thailand,THA,2023,0
Thailand,THA,2024,0
Trinidad and Tobago,TTO,1965,0
Trinidad and Tobago,TTO,1966,0
Trinidad and Tobago,TTO,1967,0
Trinidad and Tobago,TTO,1968,0
Trinidad and Tobago,TTO,1969,0
Trinidad and Tobago,TTO,1970,0
Trinidad and Tobago,TTO,1971,0
Trinidad and Tobago,TTO,1972,0
Trinidad and Tobago,TTO,1973,0
Trinidad and Tobago,TTO,1974,0
Trinidad and Tobago,TTO,1975,0
Trinidad and Tobago,TTO,1976,0
Trinidad and Tobago,TTO,1977,0
Trinidad and Tobago,TTO,1978,0
Trinidad and Tobago,TTO,1979,0
Trinidad and Tobago,TTO,1980,0
Trinidad and Tobago,TTO,1981,0
Trinidad and Tobago,TTO,1982,0
Trinidad and Tobago,TTO,1983,0
Trinidad and Tobago,TTO,1984,0
Trinidad and Tobago,TTO,1985,0
Trinidad and Tobago,TTO,1986,0
Trinidad and Tobago,TTO,1987,0
Trinidad and Tobago,TTO,1988,0
Trinidad and Tobago,TTO,1989,0
Trinidad and Tobago,TTO,1990,0
Trinidad and Tobago,TTO,1991,0
Trinidad and Tobago,TTO,1992,0
Trinidad and Tobago,TTO,1993,0
Trinidad and Tobago,TTO,1994,0
Trinidad and Tobago,TTO,1995,0
Trinidad and Tobago,TTO,1996,0
Trinidad and Tobago,TTO,1997,0
Trinidad and Tobago,TTO,1998,0
Trinidad and Tobago,TTO,1999,0
Trinidad and Tobago,TTO,2000,0
Trinidad and Tobago,TTO,2001,0
Trinidad and Tobago,TTO,2002,0
Trinidad and Tobago,TTO,2003,0
Trinidad and Tobago,TTO,2004,0
Trinidad and Tobago,TTO,2005,0
Trinidad and Tobago,TTO,2006,0
Trinidad and Tobago,TTO,2007,0
Trinidad and Tobago,TTO,2008,0
Trinidad and Tobago,TTO,2009,0
Trinidad and Tobago,TTO,2010,0
Trinidad and Tobago,TTO,2011,0
Trinidad and Tobago,TTO,2012,0
Trinidad and Tobago,TTO,2013,0
Trinidad and Tobago,TTO,2014,0
Trinidad and Tobago,TTO,2015,0
Trinidad and Tobago,TTO,2016,0
Trinidad and Tobago,TTO,2017,0
Trinidad and Tobago,TTO,2018,0
Trinidad and Tobago,TTO,2019,0
Trinidad and Tobago,TTO,2020,0
Trinidad and Tobago,TTO,2021,0
Trinidad and Tobago,TTO,2022,0
Trinidad and Tobago,TTO,2023,0
Trinidad and Tobago,TTO,2024,0
Tunisia,TUN,1965,0
Tunisia,TUN,1966,0
Tunisia,TUN,1967,0
Tunisia,TUN,1968,0
Tunisia,TUN,1969,0
Tunisia,TUN,1970,0
Tunisia,TUN,1971,0
Tunisia,TUN,1972,0
Tunisia,TUN,1973,0
Tunisia,TUN,1974,0
Tunisia,TUN,1975,0
Tunisia,TUN,1976,0
Tunisia,TUN,1977,0
Tunisia,TUN,1978,0
Tunisia,TUN,1979,0
Tunisia,TUN,1980,0
Tunisia,TUN,1981,0
Tunisia,TUN,1982,0
Tunisia,TUN,1983,0
Tunisia,TUN,1984,0
Tunisia,TUN,1985,0
Tunisia,TUN,1986,0
Tunisia,TUN,1987,0
Tunisia,TUN,1988,0
Tunisia,TUN,1989,0
Tunisia,TUN,1990,0
Tunisia,TUN,1991,0
Tunisia,TUN,1992,0
Tunisia,TUN,1993,0
Tunisia,TUN,1994,0
Tunisia,TUN,1995,0
Tunisia,TUN,1996,0
Tunisia,TUN,1997,0
Tunisia,TUN,1998,0
Tunisia,TUN,1999,0
Tunisia,TUN,2000,0
Tunisia,TUN,2001,0
Tunisia,TUN,2002,0
Tunisia,TUN,2003,0
Tunisia,TUN,2004,0
Tunisia,TUN,2005,0
Tunisia,TUN,2006,0
Tunisia,TUN,2007,0
Tunisia,TUN,2008,0
Tunisia,TUN,2009,0
Tunisia,TUN,2010,0
Tunisia,TUN,2011,0
Tunisia,TUN,2012,0
Tunisia,TUN,2013,0
Tunisia,TUN,2014,0
Tunisia,TUN,2015,0
Tunisia,TUN,2016,0
Tunisia,TUN,2017,0
Tunisia,TUN,2018,0
Tunisia,TUN,2019,0
Tunisia,TUN,2020,0
Tunisia,TUN,2021,0
Tunisia,TUN,2022,0
Tunisia,TUN,2023,0
Tunisia,TUN,2024,0
Turkey,TUR,1965,0
Turkey,TUR,1966,0
Turkey,TUR,1967,0
Turkey,TUR,1968,0
Turkey,TUR,1969,0
Turkey,TUR,1970,0
Turkey,TUR,1971,0
Turkey,TUR,1972,0
Turkey,TUR,1973,0
Turkey,TUR,1974,0
Turkey,TUR,1975,0
Turkey,TUR,1976,0
Turkey,TUR,1977,0
Turkey,TUR,1978,0
Turkey,TUR,1979,0
Turkey,TUR,1980,0
Turkey,TUR,1981,0
Turkey,TUR,1982,0
Turkey,TUR,1983,0
Turkey,TUR,1984,0
Turkey,TUR,1985,0
Turkey,TUR,1986,0
Turkey,TUR,1987,0
Turkey,TUR,1988,0
Turkey,TUR,1989,0
Turkey,TUR,1990,0
Turkey,TUR,1991,0
Turkey,TUR,1992,0
Turkey,TUR,1993,0
Turkey,TUR,1994,0
Turkey,TUR,1995,0
Turkey,TUR,1996,0
Turkey,TUR,1997,0
Turkey,TUR,1998,0
Turkey,TUR,1999,0
Turkey,TUR,2000,0
Turkey,TUR,2001,0
Turkey,TUR,2002,0
Turkey,TUR,2003,0
Turkey,TUR,2004,0
Turkey,TUR,2005,0
Turkey,TUR,2006,0
Turkey,TUR,2007,0
Turkey,TUR,2008,0
Turkey,TUR,2009,0
Turkey,TUR,2010,0
Turkey,TUR,2011,0
Turkey,TUR,2012,0
Turkey,TUR,2013,0
Turkey,TUR,2014,0
Turkey,TUR,2015,0
Turkey,TUR,2016,0
Turkey,TUR,2017,0
Turkey,TUR,2018,0
Turkey,TUR,2019,0
Turkey,TUR,2020,0
Turkey,TUR,2021,0
Turkey,TUR,2022,0
Turkey,TUR,2023,0
Turkey,TUR,2024,0
Turkmenistan,TKM,1985,0
Turkmenistan,TKM,1986,0
Turkmenistan,TKM,1987,0
Turkmenistan,TKM,1988,0
Turkmenistan,TKM,1989,0
Turkmenistan,TKM,1990,0
Turkmenistan,TKM,1991,0
Turkmenistan,TKM,1992,0
Turkmenistan,TKM,1993,0
Turkmenistan,TKM,1994,0
Turkmenistan,TKM,1995,0
Turkmenistan,TKM,1996,0
Turkmenistan,TKM,1997,0
Turkmenistan,TKM,1998,0
Turkmenistan,TKM,1999,0
Turkmenistan,TKM,2000,0
Turkmenistan,TKM,2001,0
Turkmenistan,TKM,2002,0
Turkmenistan,TKM,2003,0
Turkmenistan,TKM,2004,0
Turkmenistan,TKM,2005,0
Turkmenistan,TKM,2006,0
Turkmenistan,TKM,2007,0
Turkmenistan,TKM,2008,0
Turkmenistan,TKM,2009,0
Turkmenistan,TKM,2010,0
Turkmenistan,TKM,2011,0
Turkmenistan,TKM,2012,0
Turkmenistan,TKM,2013,0
Turkmenistan,TKM,2014,0
Turkmenistan,TKM,2015,0
Turkmenistan,TKM,2016,0
Turkmenistan,TKM,2017,0
Turkmenistan,TKM,2018,0
Turkmenistan,TKM,2019,0
Turkmenistan,TKM,2020,0
Turkmenistan,TKM,2021,0
Turkmenistan,TKM,2022,0
Turkmenistan,TKM,2023,0
Turkmenistan,TKM,2024,0
USSR,OWID_USS,1965,22.492136
USSR,OWID_USS,1966,24.664516
USSR,OWID_USS,1967,26.641693
USSR,OWID_USS,1968,36.653873
USSR,OWID_USS,1969,42.0772
USSR,OWID_USS,1970,50.384087
USSR,OWID_USS,1971,61.31212
USSR,OWID_USS,1972,110.86214
USSR,OWID_USS,1973,159.8585
USSR,OWID_USS,1974,237.55072
USSR,OWID_USS,1975,313.7648
USSR,OWID_USS,1976,414.20837
USSR,OWID_USS,1977,548.4073
USSR,OWID_USS,1978,558.2577
USSR,OWID_USS,1979,628.8338
USSR,OWID_USS,1980,773.4656
USSR,OWID_USS,1981,903.7708
USSR,OWID_USS,1982,1031.4769
USSR,OWID_USS,1983,1135.2965
USSR,OWID_USS,1984,1451.3274
Ukraine,UKR,1985,2897.2415
Ukraine,UKR,1986,2311.7546
Ukraine,UKR,1987,2718.9836
Ukraine,UKR,1988,3866.6592
Ukraine,UKR,1989,3558.8496
Ukraine,UKR,1990,4065.1619
Ukraine,UKR,1991,4000.2556
Ukraine,UKR,1992,3915.2659
Ukraine,UKR,1993,3992.5088
Ukraine,UKR,1994,3672.4102
Ukraine,UKR,1995,3791.642
Ukraine,UKR,1996,4315.128
Ukraine,UKR,1997,4344.5713
Ukraine,UKR,1998,4148.4385
Ukraine,UKR,1999,4005.498
Ukraine,UKR,2000,4335.1616
Ukraine,UKR,2001,4284.7705
Ukraine,UKR,2002,4389.5474
Ukraine,UKR,2003,4590.9985
Ukraine,UKR,2004,4915.2656
Ukraine,UKR,2005,5013.9453
Ukraine,UKR,2006,5102.58
Ukraine,UKR,2007,5229.6577
Ukraine,UKR,2008,5063.044
Ukraine,UKR,2009,4668.187
Ukraine,UKR,2010,4997.561
Ukraine,UKR,2011,5048.87
Ukraine,UKR,2012,5027.3237
Ukraine,UKR,2013,4613.607
Ukraine,UKR,2014,4892.256
Ukraine,UKR,2015,4845.2983
Ukraine,UKR,2016,4458.704
Ukraine,UKR,2017,4708.6084
Ukraine,UKR,2018,4643.898
Ukraine,UKR,2019,4569.926
Ukraine,UKR,2020,4211.1636
Ukraine,UKR,2021,4793.1616
Ukraine,UKR,2022,3721.9106
Ukraine,UKR,2023,3367.708
Ukraine,UKR,2024,3414.3567
United Arab Emirates,ARE,1965,0
United Arab Emirates,ARE,1966,0
United Arab Emirates,ARE,1967,0
United Arab Emirates,ARE,1968,0
United Arab Emirates,ARE,1969,0
United Arab Emirates,ARE,1970,0
United Arab Emirates,ARE,1971,0
United Arab Emirates,ARE,1972,0
United Arab Emirates,ARE,1973,0
United Arab Emirates,ARE,1974,0
United Arab Emirates,ARE,1975,0
United Arab Emirates,ARE,1976,0
United Arab Emirates,ARE,1977,0
United Arab Emirates,ARE,1978,0
United Arab Emirates,ARE,1979,0
United Arab Emirates,ARE,1980,0
United Arab Emirates,ARE,1981,0
United Arab Emirates,ARE,1982,0
United Arab Emirates,ARE,1983,0
United Arab Emirates,ARE,1984,0
United Arab Emirates,ARE,1985,0
United Arab Emirates,ARE,1986,0
United Arab Emirates,ARE,1987,0
United Arab Emirates,ARE,1988,0
United Arab Emirates,ARE,1989,0
United Arab Emirates,ARE,1990,0
United Arab Emirates,ARE,1991,0
United Arab Emirates,ARE,1992,0
United Arab Emirates,ARE,1993,0
United Arab Emirates,ARE,1994,0
United Arab Emirates,ARE,1995,0
United Arab Emirates,ARE,1996,0
United Arab Emirates,ARE,1997,0
United Arab Emirates,ARE,1998,0
United Arab Emirates,ARE,1999,0
United Arab Emirates,ARE,2000,0
United Arab Emirates,ARE,2001,0
United Arab Emirates,ARE,2002,0
United Arab Emirates,ARE,2003,0
United Arab Emirates,ARE,2004,0
United Arab Emirates,ARE,2005,0
United Arab Emirates,ARE,2006,0
United Arab Emirates,ARE,2007,0
United Arab Emirates,ARE,2008,0
United Arab Emirates,ARE,2009,0
United Arab Emirates,ARE,2010,0
United Arab Emirates,ARE,2011,0
United Arab Emirates,ARE,2012,0
United Arab Emirates,ARE,2013,0
United Arab Emirates,ARE,2014,0
United Arab Emirates,ARE,2015,0
United Arab Emirates,ARE,2016,0
United Arab Emirates,ARE,2017,0
United Arab Emirates,ARE,2018,0
United Arab Emirates,ARE,2019,0
United Arab Emirates,ARE,2020,425.14566
United Arab Emirates,ARE,2021,2654.0671
United Arab Emirates,ARE,2022,4822.957
United Arab Emirates,ARE,2023,7893.3306
United Arab Emirates,ARE,2024,8985.595
United Kingdom,GBR,1965,773.4073
United Kingdom,GBR,1966,1027.1046
United Kingdom,GBR,1967,1176.1693
United Kingdom,GBR,1968,1316.9648
United Kingdom,GBR,1969,1458.8586
United Kingdom,GBR,1970,1298.0707
United Kingdom,GBR,1971,1369.1484
United Kingdom,GBR,1972,1455.183
United Kingdom,GBR,1973,1384.074
United Kingdom,GBR,1974,1660.8502
United Kingdom,GBR,1975,1498.9685
United Kingdom,GBR,1976,1786.9841
United Kingdom,GBR,1977,1978.9551
United Kingdom,GBR,1978,1840.6582
United Kingdom,GBR,1979,1892.8042
United Kingdom,GBR,1980,1827.2533
United Kingdom,GBR,1981,1873.1945
United Kingdom,GBR,1982,2169.8071
United Kingdom,GBR,1983,2461.9885
United Kingdom,GBR,1984,2656.1238
United Kingdom,GBR,1985,2998.0405
United Kingdom,GBR,1986,2891.6785
United Kingdom,GBR,1987,2697.3037
United Kingdom,GBR,1988,3090.9585
United Kingdom,GBR,1989,3484.674
United Kingdom,GBR,1990,3183.596
United Kingdom,GBR,1991,3404.606
United Kingdom,GBR,1992,3696.387
United Kingdom,GBR,1993,4289.6357
United Kingdom,GBR,1994,4227.8315
United Kingdom,GBR,1995,4249.3984
United Kingdom,GBR,1996,4510.831
United Kingdom,GBR,1997,4664.5225
United Kingdom,GBR,1998,4713.7104
United Kingdom,GBR,1999,4491.233
United Kingdom,GBR,2000,4000.9504
United Kingdom,GBR,2001,4197.7197
United Kingdom,GBR,2002,4042.281
United Kingdom,GBR,2003,4039.6252
United Kingdom,GBR,2004,3603.1226
United Kingdom,GBR,2005,3620.7524
United Kingdom,GBR,2006,3304.441
United Kingdom,GBR,2007,2724.0796
United Kingdom,GBR,2008,2232.6455
United Kingdom,GBR,2009,2901.4514
United Kingdom,GBR,2010,2568.34
United Kingdom,GBR,2011,2813.8533
United Kingdom,GBR,2012,2837.007
United Kingdom,GBR,2013,2804.5037
United Kingdom,GBR,2014,2500.6746
United Kingdom,GBR,2015,2723.8086
United Kingdom,GBR,2016,2734.9688
United Kingdom,GBR,2017,2650.0212
United Kingdom,GBR,2018,2424.6328
United Kingdom,GBR,2019,2072.2292
United Kingdom,GBR,2020,1841.7778
United Kingdom,GBR,2021,1678.121
United Kingdom,GBR,2022,1708.189
United Kingdom,GBR,2023,1441.6185
United Kingdom,GBR,2024,1431.8374
United States,USA,1965,54.64807
United States,USA,1966,81.406456
United States,USA,1967,111.52802
United States,USA,1968,180.44737
United States,USA,1969,198.36662
United States,USA,1970,306.81818
United States,USA,1971,529.481
United States,USA,1972,743.0901
United States,USA,1973,1135.277
United States,USA,1974,1535.2303
United States,USA,1975,2301.8408
United States,USA,1976,2526.497
United States,USA,1977,3285.76
United States,USA,1978,3585.6702
United States,USA,1979,3278.3296
United States,USA,1980,3194.3806
United States,USA,1981,3433.615
United States,USA,1982,3524.6448
United States,USA,1983,3623.4365
United States,USA,1984,4002.4104
United States,USA,1985,4641.8994
United States,USA,1986,4962.569
United States,USA,1987,5407.8364
United States,USA,1988,6203.2964
United States,USA,1989,6174.6104
United States,USA,1990,6657.093
United States,USA,1991,6983.725
United States,USA,1992,6969.358
United States,USA,1993,6794.5596
United States,USA,1994,7053.8936
United States,USA,1995,7341.4224
United States,USA,1996,7283.7827
United States,USA,1997,6721.5933
United States,USA,1998,7134.195
United States,USA,1999,7638.1235
United States,USA,2000,7831.224
United States,USA,2001,7864.1235
United States,USA,2002,7836.178
United States,USA,2003,7555.9893
United States,USA,2004,7682.75
United States,USA,2005,7482.6743
United States,USA,2006,7416.8755
United States,USA,2007,7479.448
United States,USA,2008,7342.212
United States,USA,2009,7165.3164
United States,USA,2010,7111.3755
United States,USA,2011,6860.4653
United States,USA,2012,6581.741
United States,USA,2013,6635.68
United States,USA,2014,6608.075
United States,USA,2015,6514.0103
United States,USA,2016,6473.3745
United States,USA,2017,6376.4565
United States,USA,2018,6307.4136
United States,USA,2019,6243.3306
United States,USA,2020,6048.167
United States,USA,2021,5942.4014
United States,USA,2022,5842.5825
United States,USA,2023,5791.9536
United States,USA,2024,5812.0874
Upper-middle-income countries,,1965,4.0253863
Upper-middle-income countries,,1966,4.3536186
Upper-middle-income countries,,1967,4.638035
Upper-middle-income countries,,1968,6.286221
Upper-middle-income countries,,1969,7.1033096
Upper-middle-income countries,,1970,8.368388
Upper-middle-income countries,,1971,10.026159
Upper-middle-income countries,,1972,17.881023
Upper-middle-income countries,,1973,25.447424
Upper-middle-income countries,,1974,39.166584
Upper-middle-income countries,,1975,53.141537
Upper-middle-income countries,,1976,68.229
Upper-middle-income countries,,1977,86.67963
Upper-middle-income countries,,1978,89.54445
Upper-middle-income countries,,1979,99.04931
Upper-middle-income countries,,1980,119.09973
Upper-middle-income countries,,1981,137.84918
Upper-middle-income countries,,1982,153.65652
Upper-middle-income countries,,1983,169.6097
Upper-middle-income countries,,1984,223.54646
Upper-middle-income countries,,1985,96.62029
Upper-middle-income countries,,1986,80.30542
Upper-middle-income countries,,1987,87.969925
Upper-middle-income countries,,1988,119.9217
Upper-middle-income countries,,1989,112.58875
Upper-middle-income countries,,1990,126.417305
Upper-middle-income countries,,1991,125.92528
Upper-middle-income countries,,1992,121.68518
Upper-middle-income countries,,1993,121.91651
Upper-middle-income countries,,1994,131.02731
Upper-middle-income countries,,1995,137.54045
Upper-middle-income countries,,1996,149.01845
Upper-middle-income countries,,1997,153.21428
Upper-middle-income countries,,1998,145.30077
Upper-middle-income countries,,1999,141.43669
Upper-middle-income countries,,2000,147.68906
Upper-middle-income countries,,2001,153.33742
Upper-middle-income countries,,2002,162.05269
Upper-middle-income countries,,2003,186.6876
Upper-middle-income countries,,2004,195.72447
Upper-middle-income countries,,2005,193.66785
Upper-middle-income countries,,2006,198.13976
Upper-middle-income countries,,2007,204.4335
Upper-middle-income countries,,2008,207.67159
Upper-middle-income countries,,2009,199.71484
Upper-middle-income countries,,2010,203.9768
Upper-middle-income countries,,2011,218.41304
Upper-middle-income countries,,2012,226.42436
Upper-middle-income countries,,2013,234.42485
Upper-middle-income countries,,2014,253.17926
Upper-middle-income countries,,2015,284.9053
Upper-middle-income countries,,2016,318.949
Upper-middle-income countries,,2017,348.28152
Upper-middle-income countries,,2018,385.29205
Upper-middle-income countries,,2019,427.7867
Upper-middle-income countries,,2020,430.87625
Upper-middle-income countries,,2021,478.5678
Upper-middle-income countries,,2022,460.8962
Upper-middle-income countries,,2023,469.4824
Upper-middle-income countries,,2024,488.7963
Uzbekistan,UZB,1985,0
Uzbekistan,UZB,1986,0
Uzbekistan,UZB,1987,0
Uzbekistan,UZB,1988,0
Uzbekistan,UZB,1989,0
Uzbekistan,UZB,1990,0
Uzbekistan,UZB,1991,0
Uzbekistan,UZB,1992,0
Uzbekistan,UZB,1993,0
Uzbekistan,UZB,1994,0
Uzbekistan,UZB,1995,0
Uzbekistan,UZB,1996,0
Uzbekistan,UZB,1997,0
Uzbekistan,UZB,1998,0
Uzbekistan,UZB,1999,0
Uzbekistan,UZB,2000,0
Uzbekistan,UZB,2001,0
Uzbekistan,UZB,2002,0
Uzbekistan,UZB,2003,0
Uzbekistan,UZB,2004,0
Uzbekistan,UZB,2005,0
Uzbekistan,UZB,2006,0
Uzbekistan,UZB,2007,0
Uzbekistan,UZB,2008,0
Uzbekistan,UZB,2009,0
Uzbekistan,UZB,2010,0
Uzbekistan,UZB,2011,0
Uzbekistan,UZB,2012,0
Uzbekistan,UZB,2013,0
Uzbekistan,UZB,2014,0
Uzbekistan,UZB,2015,0
Uzbekistan,UZB,2016,0
Uzbekistan,UZB,2017,0
Uzbekistan,UZB,2018,0
Uzbekistan,UZB,2019,0
Uzbekistan,UZB,2020,0
Uzbekistan,UZB,2021,0
Uzbekistan,UZB,2022,0
Uzbekistan,UZB,2023,0
Uzbekistan,UZB,2024,0
Venezuela,VEN,1965,0
Venezuela,VEN,1966,0
Venezuela,VEN,1967,0
Venezuela,VEN,1968,0
Venezuela,VEN,1969,0
Venezuela,VEN,1970,0
Venezuela,VEN,1971,0
Venezuela,VEN,1972,0
Venezuela,VEN,1973,0
Venezuela,VEN,1974,0
Venezuela,VEN,1975,0
Venezuela,VEN,1976,0
Venezuela,VEN,1977,0
Venezuela,VEN,1978,0
Venezuela,VEN,1979,0
Venezuela,VEN,1980,0
Venezuela,VEN,1981,0
Venezuela,VEN,1982,0
Venezuela,VEN,1983,0
Venezuela,VEN,1984,0
Venezuela,VEN,1985,0
Venezuela,VEN,1986,0
Venezuela,VEN,1987,0
Venezuela,VEN,1988,0
Venezuela,VEN,1989,0
Venezuela,VEN,1990,0
Venezuela,VEN,1991,0
Venezuela,VEN,1992,0
Venezuela,VEN,1993,0
Venezuela,VEN,1994,0
Venezuela,VEN,1995,0
Venezuela,VEN,1996,0
Venezuela,VEN,1997,0
Venezuela,VEN,1998,0
Venezuela,VEN,1999,0
Venezuela,VEN,2000,0
Venezuela,VEN,2001,0
Venezuela,VEN,2002,0
Venezuela,VEN,2003,0
Venezuela,VEN,2004,0
Venezuela,VEN,2005,0
Venezuela,VEN,2006,0
Venezuela,VEN,2007,0
Venezuela,VEN,2008,0
Venezuela,VEN,2009,0
Venezuela,VEN,2010,0
Venezuela,VEN,2011,0
Venezuela,VEN,2012,0
Venezuela,VEN,2013,0
Venezuela,VEN,2014,0
Venezuela,VEN,2015,0
Venezuela,VEN,2016,0
Venezuela,VEN,2017,0
Venezuela,VEN,2018,0
Venezuela,VEN,2019,0
Venezuela,VEN,2020,0
Venezuela,VEN,2021,0
Venezuela,VEN,2022,0
Venezuela,VEN,2023,0
Venezuela,VEN,2024,0
Vietnam,VNM,1965,0
Vietnam,VNM,1966,0
Vietnam,VNM,1967,0
Vietnam,VNM,1968,0
Vietnam,VNM,1969,0
Vietnam,VNM,1970,0
Vietnam,VNM,1971,0
Vietnam,VNM,1972,0
Vietnam,VNM,1973,0
Vietnam,VNM,1974,0
Vietnam,VNM,1975,0
Vietnam,VNM,1976,0
Vietnam,VNM,1977,0
Vietnam,VNM,1978,0
Vietnam,VNM,1979,0
Vietnam,VNM,1980,0
Vietnam,VNM,1981,0
Vietnam,VNM,1982,0
Vietnam,VNM,1983,0
Vietnam,VNM,1984,0
Vietnam,VNM,1985,0
Vietnam,VNM,1986,0
Vietnam,VNM,1987,0
Vietnam,VNM,1988,0
Vietnam,VNM,1989,0
Vietnam,VNM,1990,0
Vietnam,VNM,1991,0
Vietnam,VNM,1992,0
Vietnam,VNM,1993,0
Vietnam,VNM,1994,0
Vietnam,VNM,1995,0
Vietnam,VNM,1996,0
Vietnam,VNM,1997,0
Vietnam,VNM,1998,0
Vietnam,VNM,1999,0
Vietnam,VNM,2000,0
Vietnam,VNM,2001,0
Vietnam,VNM,2002,0
Vietnam,VNM,2003,0
Vietnam,VNM,2004,0
Vietnam,VNM,2005,0
Vietnam,VNM,2006,0
Vietnam,VNM,2007,0
Vietnam,VNM,2008,0
Vietnam,VNM,2009,0
Vietnam,VNM,2010,0
Vietnam,VNM,2011,0
Vietnam,VNM,2012,0
Vietnam,VNM,2013,0
Vietnam,VNM,2014,0
Vietnam,VNM,2015,0
Vietnam,VNM,2016,0
Vietnam,VNM,2017,0
Vietnam,VNM,2018,0
Vietnam,VNM,2019,0
Vietnam,VNM,2020,0
Vietnam,VNM,2021,0
Vietnam,VNM,2022,0
Vietnam,VNM,2023,0
Vietnam,VNM,2024,0
World,OWID_WRL,1965,21.27544
World,OWID_WRL,1966,28.098373
World,OWID_WRL,1967,32.793568
World,OWID_WRL,1968,40.832478
World,OWID_WRL,1969,47.41566
World,OWID_WRL,1970,59.300407
World,OWID_WRL,1971,80.83452
World,OWID_WRL,1972,109.939606
World,OWID_WRL,1973,144.4584
World,OWID_WRL,1974,185.30498
World,OWID_WRL,1975,252.37605
World,OWID_WRL,1976,290.0081
World,OWID_WRL,1977,354.67386
World,OWID_WRL,1978,405.0042
World,OWID_WRL,1979,413.85553
World,OWID_WRL,1980,444.6363
World,OWID_WRL,1981,515.68414
World,OWID_WRL,1982,549.3184
World,OWID_WRL,1983,611.348
World,OWID_WRL,1984,728.7295
World,OWID_WRL,1985,849.44366
World,OWID_WRL,1986,893.4563
World,OWID_WRL,1987,954.2466
World,OWID_WRL,1988,1021.6799
World,OWID_WRL,1989,1032.1669
World,OWID_WRL,1990,1043.0586
World,OWID_WRL,1991,1074.6201
World,OWID_WRL,1992,1065.6187
World,OWID_WRL,1993,1085.4506
World,OWID_WRL,1994,1089.4579
World,OWID_WRL,1995,1120.2651
World,OWID_WRL,1996,1144.2961
World,OWID_WRL,1997,1120.5577
World,OWID_WRL,1998,1124.229
World,OWID_WRL,1999,1151.3032
World,OWID_WRL,2000,1161.5142
World,OWID_WRL,2001,1171.9083
World,OWID_WRL,2002,1165.425
World,OWID_WRL,2003,1120.974
World,OWID_WRL,2004,1150.688
World,OWID_WRL,2005,1129.8802
World,OWID_WRL,2006,1123.4358
World,OWID_WRL,2007,1080.7714
World,OWID_WRL,2008,1055.2823
World,OWID_WRL,2009,1021.7064
World,OWID_WRL,2010,1026.673
World,OWID_WRL,2011,966.34
World,OWID_WRL,2012,884.2103
World,OWID_WRL,2013,873.44507
World,OWID_WRL,2014,875.9554
World,OWID_WRL,2015,872.747
World,OWID_WRL,2016,868.81366
World,OWID_WRL,2017,862.2593
World,OWID_WRL,2018,868.95996
World,OWID_WRL,2019,885.9214
World,OWID_WRL,2020,841.8305
World,OWID_WRL,2021,867.85736
World,OWID_WRL,2022,820.72015
World,OWID_WRL,2023,825.179
World,OWID_WRL,2024,841.9331
Yemen,YEM,1985,0
Yemen,YEM,1986,0
Yemen,YEM,1987,0
Yemen,YEM,1988,0
Yemen,YEM,1989,0
Yemen,YEM,1990,0
Yemen,YEM,1991,0
Yemen,YEM,1992,0
Yemen,YEM,1993,0
Yemen,YEM,1994,0
Yemen,YEM,1995,0
Yemen,YEM,1996,0
Yemen,YEM,1997,0
Yemen,YEM,1998,0
Yemen,YEM,1999,0
Yemen,YEM,2000,0
Yemen,YEM,2001,0
Yemen,YEM,2002,0
Yemen,YEM,2003,0
Yemen,YEM,2004,0
Yemen,YEM,2005,0
Yemen,YEM,2006,0
Yemen,YEM,2007,0
Yemen,YEM,2008,0
Yemen,YEM,2009,0
Yemen,YEM,2010,0
Yemen,YEM,2011,0
Yemen,YEM,2012,0
Yemen,YEM,2013,0
Yemen,YEM,2014,0
Yemen,YEM,2015,0
Yemen,YEM,2016,0
Yemen,YEM,2017,0
Yemen,YEM,2018,0
Yemen,YEM,2019,0
Yemen,YEM,2020,0
Yemen,YEM,2021,0
Yemen,YEM,2022,0
Yemen,YEM,2023,0
Yemen,YEM,2024,0
Zambia,ZMB,1995,0
Zambia,ZMB,1996,0
Zambia,ZMB,1997,0
Zambia,ZMB,1998,0
Zambia,ZMB,1999,0
Zambia,ZMB,2000,0
Zambia,ZMB,2001,0
Zambia,ZMB,2002,0
Zambia,ZMB,2003,0
Zambia,ZMB,2004,0
Zambia,ZMB,2005,0
Zambia,ZMB,2006,0
Zambia,ZMB,2007,0
Zambia,ZMB,2008,0
Zambia,ZMB,2009,0
Zambia,ZMB,2010,0
Zambia,ZMB,2011,0
Zambia,ZMB,2012,0
Zambia,ZMB,2013,0
Zambia,ZMB,2014,0
Zambia,ZMB,2015,0
Zambia,ZMB,2016,0
Zambia,ZMB,2017,0
Zambia,ZMB,2018,0
Zambia,ZMB,2019,0
Zambia,ZMB,2020,0
Zambia,ZMB,2021,0
Zambia,ZMB,2022,0
Zambia,ZMB,2023,0
Zambia,ZMB,2024,0
Zimbabwe,ZWE,1981,0
Zimbabwe,ZWE,1982,0
Zimbabwe,ZWE,1983,0
Zimbabwe,ZWE,1984,0
Zimbabwe,ZWE,1985,0
Zimbabwe,ZWE,1986,0
Zimbabwe,ZWE,1987,0
Zimbabwe,ZWE,1988,0
Zimbabwe,ZWE,1989,0
Zimbabwe,ZWE,1990,0
Zimbabwe,ZWE,1991,0
Zimbabwe,ZWE,1992,0
Zimbabwe,ZWE,1993,0
Zimbabwe,ZWE,1994,0
Zimbabwe,ZWE,1995,0
Zimbabwe,ZWE,1996,0
Zimbabwe,ZWE,1997,0
Zimbabwe,ZWE,1998,0
Zimbabwe,ZWE,1999,0
Zimbabwe,ZWE,2000,0
Zimbabwe,ZWE,2001,0
Zimbabwe,ZWE,2002,0
Zimbabwe,ZWE,2003,0
Zimbabwe,ZWE,2004,0
Zimbabwe,ZWE,2005,0
Zimbabwe,ZWE,2006,0
Zimbabwe,ZWE,2007,0
Zimbabwe,ZWE,2008,0
Zimbabwe,ZWE,2009,0
Zimbabwe,ZWE,2010,0
Zimbabwe,ZWE,2011,0
Zimbabwe,ZWE,2012,0
Zimbabwe,ZWE,2013,0
Zimbabwe,ZWE,2014,0
Zimbabwe,ZWE,2015,0
Zimbabwe,ZWE,2016,0
Zimbabwe,ZWE,2017,0
Zimbabwe,ZWE,2018,0
Zimbabwe,ZWE,2019,0
Zimbabwe,ZWE,2020,0
Zimbabwe,ZWE,2021,0
Zimbabwe,ZWE,2022,0
Zimbabwe,ZWE,2023,0
Zimbabwe,ZWE,2024,0